{ 
    "_id" : ObjectId("5ae5bdd979f5af364e7fdf62"), 
    "user_id" : NumberLong(2610448868)
}
{ 
    "_id" : ObjectId("5ae5bdda79f5af364e7fdf63"), 
    "user_id" : NumberLong(748253412064636928)
}
{ 
    "_id" : ObjectId("5ae5bdda79f5af364e7fdf64"), 
    "user_id" : NumberInt(1138538348)
}
{ 
    "_id" : ObjectId("5ae5bdda79f5af364e7fdf65"), 
    "user_id" : NumberLong(756696309017432065)
}
{ 
    "_id" : ObjectId("5ae5bdda79f5af364e7fdf66"), 
    "user_id" : NumberLong(840948921052598272)
}
{ 
    "_id" : ObjectId("5ae5bdda79f5af364e7fdf67"), 
    "user_id" : NumberInt(197073123)
}
{ 
    "_id" : ObjectId("5ae5bdda79f5af364e7fdf68"), 
    "user_id" : NumberInt(587001375)
}
{ 
    "_id" : ObjectId("5ae5bdda79f5af364e7fdf69"), 
    "user_id" : NumberLong(724021043904442369)
}
{ 
    "_id" : ObjectId("5ae5bdda79f5af364e7fdf6a"), 
    "user_id" : NumberInt(116473390)
}
{ 
    "_id" : ObjectId("5ae5bdda79f5af364e7fdf6b"), 
    "user_id" : NumberLong(2388012242)
}
{ 
    "_id" : ObjectId("5ae5bdda79f5af364e7fdf6c"), 
    "user_id" : NumberLong(2864338827)
}
{ 
    "_id" : ObjectId("5ae5bdda79f5af364e7fdf6d"), 
    "user_id" : NumberInt(532742860)
}
{ 
    "_id" : ObjectId("5ae5bdda79f5af364e7fdf6e"), 
    "user_id" : NumberLong(798963596680052736)
}
{ 
    "_id" : ObjectId("5ae5bdda79f5af364e7fdf6f"), 
    "user_id" : NumberInt(287434334)
}
{ 
    "_id" : ObjectId("5ae5bdda79f5af364e7fdf70"), 
    "user_id" : NumberLong(3589050802)
}
{ 
    "_id" : ObjectId("5ae5bdda79f5af364e7fdf71"), 
    "user_id" : NumberLong(3885450912)
}
{ 
    "_id" : ObjectId("5ae5bdda79f5af364e7fdf72"), 
    "user_id" : NumberInt(22404738)
}
{ 
    "_id" : ObjectId("5ae5bdda79f5af364e7fdf73"), 
    "user_id" : NumberInt(804754903)
}
{ 
    "_id" : ObjectId("5ae5bdda79f5af364e7fdf74"), 
    "user_id" : NumberLong(2615818511)
}
{ 
    "_id" : ObjectId("5ae5bdda79f5af364e7fdf75"), 
    "user_id" : NumberInt(23378226)
}
{ 
    "_id" : ObjectId("5ae5bdda79f5af364e7fdf76"), 
    "user_id" : NumberLong(956539965936144384)
}
{ 
    "_id" : ObjectId("5ae5bdda79f5af364e7fdf77"), 
    "user_id" : NumberLong(2290194720)
}
{ 
    "_id" : ObjectId("5ae5bdda79f5af364e7fdf78"), 
    "user_id" : NumberLong(889240811585413121)
}
{ 
    "_id" : ObjectId("5ae5bdda79f5af364e7fdf79"), 
    "user_id" : NumberInt(50176328)
}
{ 
    "_id" : ObjectId("5ae5bdda79f5af364e7fdf7a"), 
    "user_id" : NumberInt(440259929)
}
{ 
    "_id" : ObjectId("5ae5bdda79f5af364e7fdf7b"), 
    "user_id" : NumberLong(954190967422242817)
}
{ 
    "_id" : ObjectId("5ae5bdda79f5af364e7fdf7c"), 
    "user_id" : NumberInt(15142650)
}
{ 
    "_id" : ObjectId("5ae5bdda79f5af364e7fdf7d"), 
    "user_id" : NumberLong(2355549379)
}
{ 
    "_id" : ObjectId("5ae5bdda79f5af364e7fdf7e"), 
    "user_id" : NumberInt(275201038)
}
{ 
    "_id" : ObjectId("5ae5bdda79f5af364e7fdf7f"), 
    "user_id" : NumberInt(863268762)
}
{ 
    "_id" : ObjectId("5ae5bdda79f5af364e7fdf80"), 
    "user_id" : NumberInt(449459874)
}
{ 
    "_id" : ObjectId("5ae5bdda79f5af364e7fdf81"), 
    "user_id" : NumberLong(840349330749968384)
}
{ 
    "_id" : ObjectId("5ae5bdda79f5af364e7fdf82"), 
    "user_id" : NumberInt(304809022)
}
{ 
    "_id" : ObjectId("5ae5bdda79f5af364e7fdf83"), 
    "user_id" : NumberInt(298267624)
}
{ 
    "_id" : ObjectId("5ae5bdda79f5af364e7fdf84"), 
    "user_id" : NumberInt(1594272319)
}
{ 
    "_id" : ObjectId("5ae5bdda79f5af364e7fdf85"), 
    "user_id" : NumberInt(238455300)
}
{ 
    "_id" : ObjectId("5ae5bdda79f5af364e7fdf86"), 
    "user_id" : NumberInt(73196390)
}
{ 
    "_id" : ObjectId("5ae5bdda79f5af364e7fdf87"), 
    "user_id" : NumberInt(47724177)
}
{ 
    "_id" : ObjectId("5ae5bdda79f5af364e7fdf88"), 
    "user_id" : NumberLong(816738384538238977)
}
{ 
    "_id" : ObjectId("5ae5bdda79f5af364e7fdf89"), 
    "user_id" : NumberLong(825195835059294208)
}
{ 
    "_id" : ObjectId("5ae5bdda79f5af364e7fdf8a"), 
    "user_id" : NumberLong(813478893118222337)
}
{ 
    "_id" : ObjectId("5ae5bdda79f5af364e7fdf8b"), 
    "user_id" : NumberInt(169725807)
}
{ 
    "_id" : ObjectId("5ae5bdda79f5af364e7fdf8c"), 
    "user_id" : NumberLong(950159043817017346)
}
{ 
    "_id" : ObjectId("5ae5bdda79f5af364e7fdf8d"), 
    "user_id" : NumberLong(890263912142209025)
}
{ 
    "_id" : ObjectId("5ae5bdda79f5af364e7fdf8e"), 
    "user_id" : NumberInt(623284759)
}
{ 
    "_id" : ObjectId("5ae5bdda79f5af364e7fdf8f"), 
    "user_id" : NumberInt(706538900)
}
{ 
    "_id" : ObjectId("5ae5bdda79f5af364e7fdf90"), 
    "user_id" : NumberLong(928097136088150016)
}
{ 
    "_id" : ObjectId("5ae5bdda79f5af364e7fdf91"), 
    "user_id" : NumberInt(704952101)
}
{ 
    "_id" : ObjectId("5ae5bdda79f5af364e7fdf92"), 
    "user_id" : NumberLong(4164496154)
}
{ 
    "_id" : ObjectId("5ae5bdda79f5af364e7fdf93"), 
    "user_id" : NumberLong(790356620211609600)
}
{ 
    "_id" : ObjectId("5ae5bdda79f5af364e7fdf94"), 
    "user_id" : NumberLong(945730769137184768)
}
{ 
    "_id" : ObjectId("5ae5bdda79f5af364e7fdf95"), 
    "user_id" : NumberLong(955244230204534785)
}
