{ 
    "_id" : ObjectId("5ae4a05779f5af2917e10da2"), 
    "user_id_1" : "872210570", 
    "user_id_2" : "457984599", 
    "relationship" : true
}
{ 
    "_id" : ObjectId("5ae4a05779f5af2917e10da3"), 
    "user_id_1" : "512234077", 
    "user_id_2" : "457984599", 
    "relationship" : true
}
{ 
    "_id" : ObjectId("5ae4a05879f5af2917e10da4"), 
    "user_id_1" : "161644944", 
    "user_id_2" : "457984599", 
    "relationship" : true
}
{ 
    "_id" : ObjectId("5ae4a05979f5af2917e10da5"), 
    "user_id_1" : "2610448868", 
    "user_id_2" : "457984599", 
    "relationship" : false
}
{ 
    "_id" : ObjectId("5ae4a05979f5af2917e10da6"), 
    "user_id_1" : "240413628", 
    "user_id_2" : "457984599", 
    "relationship" : true
}
{ 
    "_id" : ObjectId("5ae4a05a79f5af2917e10da7"), 
    "user_id_1" : "897235966276116480", 
    "user_id_2" : "457984599", 
    "relationship" : true
}
{ 
    "_id" : ObjectId("5ae4a05b79f5af2917e10da8"), 
    "user_id_1" : "748253412064636928", 
    "user_id_2" : "457984599", 
    "relationship" : false
}
{ 
    "_id" : ObjectId("5ae4a05b79f5af2917e10da9"), 
    "user_id_1" : "1138538348", 
    "user_id_2" : "457984599", 
    "relationship" : false
}
{ 
    "_id" : ObjectId("5ae4a05c79f5af2917e10daa"), 
    "user_id_1" : "18512153", 
    "user_id_2" : "457984599", 
    "relationship" : true
}
{ 
    "_id" : ObjectId("5ae4a05c79f5af2917e10dab"), 
    "user_id_1" : "2292148778", 
    "user_id_2" : "457984599", 
    "relationship" : true
}
{ 
    "_id" : ObjectId("5ae4a05d79f5af2917e10dac"), 
    "user_id_1" : "913112529592885251", 
    "user_id_2" : "457984599", 
    "relationship" : false
}
{ 
    "_id" : ObjectId("5ae4a05e79f5af2917e10dad"), 
    "user_id_1" : "3408762575", 
    "user_id_2" : "457984599", 
    "relationship" : true
}
{ 
    "_id" : ObjectId("5ae4a05e79f5af2917e10dae"), 
    "user_id_1" : "795847307325480960", 
    "user_id_2" : "457984599", 
    "relationship" : true
}
{ 
    "_id" : ObjectId("5ae4a05f79f5af2917e10daf"), 
    "user_id_1" : "756696309017432065", 
    "user_id_2" : "457984599", 
    "relationship" : false
}
{ 
    "_id" : ObjectId("5ae4a06079f5af2917e10db0"), 
    "user_id_1" : "2307599539", 
    "user_id_2" : "457984599", 
    "relationship" : true
}
{ 
    "_id" : ObjectId("5ae4a06079f5af2917e10db1"), 
    "user_id_1" : "55599207", 
    "user_id_2" : "457984599", 
    "relationship" : true
}
{ 
    "_id" : ObjectId("5ae4a06179f5af2917e10db2"), 
    "user_id_1" : "948661547940876288", 
    "user_id_2" : "457984599", 
    "relationship" : true
}
{ 
    "_id" : ObjectId("5ae4a06279f5af2917e10db3"), 
    "user_id_1" : "4652664803", 
    "user_id_2" : "457984599", 
    "relationship" : true
}
{ 
    "_id" : ObjectId("5ae4a06279f5af2917e10db4"), 
    "user_id_1" : "840948921052598272", 
    "user_id_2" : "457984599", 
    "relationship" : false
}
{ 
    "_id" : ObjectId("5ae4a06379f5af2917e10db5"), 
    "user_id_1" : "197073123", 
    "user_id_2" : "457984599", 
    "relationship" : false
}
{ 
    "_id" : ObjectId("5ae4a06479f5af2917e10db6"), 
    "user_id_1" : "843874102620405761", 
    "user_id_2" : "457984599", 
    "relationship" : true
}
{ 
    "_id" : ObjectId("5ae4a06479f5af2917e10db7"), 
    "user_id_1" : "587001375", 
    "user_id_2" : "457984599", 
    "relationship" : false
}
{ 
    "_id" : ObjectId("5ae4a06579f5af2917e10db8"), 
    "user_id_1" : "724021043904442369", 
    "user_id_2" : "457984599", 
    "relationship" : false
}
{ 
    "_id" : ObjectId("5ae4a06679f5af2917e10db9"), 
    "user_id_1" : "89526247", 
    "user_id_2" : "457984599", 
    "relationship" : true
}
{ 
    "_id" : ObjectId("5ae4a06679f5af2917e10dba"), 
    "user_id_1" : "714887575081607168", 
    "user_id_2" : "457984599", 
    "relationship" : true
}
{ 
    "_id" : ObjectId("5ae4a06779f5af2917e10dbb"), 
    "user_id_1" : "320894557", 
    "user_id_2" : "457984599", 
    "relationship" : true
}
{ 
    "_id" : ObjectId("5ae4a06879f5af2917e10dbc"), 
    "user_id_1" : "2584830338", 
    "user_id_2" : "457984599", 
    "relationship" : true
}
{ 
    "_id" : ObjectId("5ae4a06879f5af2917e10dbd"), 
    "user_id_1" : "116473390", 
    "user_id_2" : "457984599", 
    "relationship" : false
}
{ 
    "_id" : ObjectId("5ae4a06979f5af2917e10dbe"), 
    "user_id_1" : "2388012242", 
    "user_id_2" : "457984599", 
    "relationship" : false
}
{ 
    "_id" : ObjectId("5ae4a06979f5af2917e10dbf"), 
    "user_id_1" : "204132287", 
    "user_id_2" : "457984599", 
    "relationship" : true
}
{ 
    "_id" : ObjectId("5ae4a06a79f5af2917e10dc0"), 
    "user_id_1" : "957242559235018752", 
    "user_id_2" : "457984599", 
    "relationship" : true
}
{ 
    "_id" : ObjectId("5ae4a06b79f5af2917e10dc1"), 
    "user_id_1" : "329393228", 
    "user_id_2" : "457984599", 
    "relationship" : true
}
{ 
    "_id" : ObjectId("5ae4a06c79f5af2917e10dc2"), 
    "user_id_1" : "177789597", 
    "user_id_2" : "457984599", 
    "relationship" : false
}
{ 
    "_id" : ObjectId("5ae4a06d79f5af2917e10dc3"), 
    "user_id_1" : "2864338827", 
    "user_id_2" : "457984599", 
    "relationship" : false
}
{ 
    "_id" : ObjectId("5ae4a06d79f5af2917e10dc4"), 
    "user_id_1" : "826258218150043648", 
    "user_id_2" : "457984599", 
    "relationship" : true
}
{ 
    "_id" : ObjectId("5ae4a06e79f5af2917e10dc5"), 
    "user_id_1" : "32170064", 
    "user_id_2" : "457984599", 
    "relationship" : true
}
{ 
    "_id" : ObjectId("5ae4a06f79f5af2917e10dc6"), 
    "user_id_1" : "532742860", 
    "user_id_2" : "457984599", 
    "relationship" : false
}
{ 
    "_id" : ObjectId("5ae4a06f79f5af2917e10dc7"), 
    "user_id_1" : "823191043554230272", 
    "user_id_2" : "457984599", 
    "relationship" : false
}
{ 
    "_id" : ObjectId("5ae4a07079f5af2917e10dc8"), 
    "user_id_1" : "631690133", 
    "user_id_2" : "457984599", 
    "relationship" : true
}
{ 
    "_id" : ObjectId("5ae4a07179f5af2917e10dc9"), 
    "user_id_1" : "814127110625366017", 
    "user_id_2" : "457984599", 
    "relationship" : true
}
{ 
    "_id" : ObjectId("5ae4a07179f5af2917e10dca"), 
    "user_id_1" : "801164818036228097", 
    "user_id_2" : "457984599", 
    "relationship" : true
}
{ 
    "_id" : ObjectId("5ae4a07279f5af2917e10dcb"), 
    "user_id_1" : "178888741", 
    "user_id_2" : "457984599", 
    "relationship" : true
}
{ 
    "_id" : ObjectId("5ae4a07379f5af2917e10dcc"), 
    "user_id_1" : "812498553423745024", 
    "user_id_2" : "457984599", 
    "relationship" : false
}
{ 
    "_id" : ObjectId("5ae4a07379f5af2917e10dcd"), 
    "user_id_1" : "798963596680052736", 
    "user_id_2" : "457984599", 
    "relationship" : false
}
{ 
    "_id" : ObjectId("5ae4a07479f5af2917e10dce"), 
    "user_id_1" : "133325325", 
    "user_id_2" : "457984599", 
    "relationship" : true
}
{ 
    "_id" : ObjectId("5ae4a07679f5af2917e10dcf"), 
    "user_id_1" : "892443022591504385", 
    "user_id_2" : "457984599", 
    "relationship" : true
}
{ 
    "_id" : ObjectId("5ae4a07679f5af2917e10dd0"), 
    "user_id_1" : "867182776973352960", 
    "user_id_2" : "457984599", 
    "relationship" : true
}
{ 
    "_id" : ObjectId("5ae4a07779f5af2917e10dd1"), 
    "user_id_1" : "287434334", 
    "user_id_2" : "457984599", 
    "relationship" : false
}
{ 
    "_id" : ObjectId("5ae4a07879f5af2917e10dd2"), 
    "user_id_1" : "3589050802", 
    "user_id_2" : "457984599", 
    "relationship" : false
}
{ 
    "_id" : ObjectId("5ae4a07879f5af2917e10dd3"), 
    "user_id_1" : "772779209357942784", 
    "user_id_2" : "457984599", 
    "relationship" : false
}
{ 
    "_id" : ObjectId("5ae4a07979f5af2917e10dd4"), 
    "user_id_1" : "3875858292", 
    "user_id_2" : "457984599", 
    "relationship" : true
}
{ 
    "_id" : ObjectId("5ae4a07a79f5af2917e10dd5"), 
    "user_id_1" : "381731159", 
    "user_id_2" : "457984599", 
    "relationship" : true
}
{ 
    "_id" : ObjectId("5ae4a07a79f5af2917e10dd6"), 
    "user_id_1" : "2496377724", 
    "user_id_2" : "457984599", 
    "relationship" : true
}
{ 
    "_id" : ObjectId("5ae4a07b79f5af2917e10dd7"), 
    "user_id_1" : "3885450912", 
    "user_id_2" : "457984599", 
    "relationship" : false
}
{ 
    "_id" : ObjectId("5ae4a07c79f5af2917e10dd8"), 
    "user_id_1" : "159962872", 
    "user_id_2" : "457984599", 
    "relationship" : true
}
{ 
    "_id" : ObjectId("5ae4a08279f5af2917e10dd9"), 
    "user_id_1" : "778396407032086528", 
    "user_id_2" : "457984599", 
    "relationship" : true
}
{ 
    "_id" : ObjectId("5ae4a08379f5af2917e10dda"), 
    "user_id_1" : "898782282", 
    "user_id_2" : "457984599", 
    "relationship" : true
}
{ 
    "_id" : ObjectId("5ae4a08579f5af2917e10ddb"), 
    "user_id_1" : "1693823594", 
    "user_id_2" : "457984599", 
    "relationship" : true
}
{ 
    "_id" : ObjectId("5ae4a08579f5af2917e10ddc"), 
    "user_id_1" : "54096689", 
    "user_id_2" : "457984599", 
    "relationship" : false
}
{ 
    "_id" : ObjectId("5ae4a08679f5af2917e10ddd"), 
    "user_id_1" : "823159609171046400", 
    "user_id_2" : "457984599", 
    "relationship" : true
}
{ 
    "_id" : ObjectId("5ae4a08779f5af2917e10dde"), 
    "user_id_1" : "4346298085", 
    "user_id_2" : "457984599", 
    "relationship" : true
}
{ 
    "_id" : ObjectId("5ae4a08d79f5af2917e10ddf"), 
    "user_id_1" : "972495000", 
    "user_id_2" : "457984599", 
    "relationship" : true
}
{ 
    "_id" : ObjectId("5ae4a08e79f5af2917e10de0"), 
    "user_id_1" : "985148293", 
    "user_id_2" : "457984599", 
    "relationship" : true
}
{ 
    "_id" : ObjectId("5ae4a08e79f5af2917e10de1"), 
    "user_id_1" : "1418834750", 
    "user_id_2" : "457984599", 
    "relationship" : true
}
{ 
    "_id" : ObjectId("5ae4a08f79f5af2917e10de2"), 
    "user_id_1" : "22404738", 
    "user_id_2" : "457984599", 
    "relationship" : false
}
{ 
    "_id" : ObjectId("5ae4a09079f5af2917e10de3"), 
    "user_id_1" : "758673400030167040", 
    "user_id_2" : "457984599", 
    "relationship" : false
}
{ 
    "_id" : ObjectId("5ae4a09079f5af2917e10de4"), 
    "user_id_1" : "533470384", 
    "user_id_2" : "457984599", 
    "relationship" : true
}
{ 
    "_id" : ObjectId("5ae4a09179f5af2917e10de5"), 
    "user_id_1" : "708701811209740288", 
    "user_id_2" : "457984599", 
    "relationship" : true
}
{ 
    "_id" : ObjectId("5ae4a09279f5af2917e10de6"), 
    "user_id_1" : "1193542532", 
    "user_id_2" : "457984599", 
    "relationship" : true
}
{ 
    "_id" : ObjectId("5ae4a09379f5af2917e10de7"), 
    "user_id_1" : "40773807", 
    "user_id_2" : "457984599", 
    "relationship" : true
}
{ 
    "_id" : ObjectId("5ae4a09379f5af2917e10de8"), 
    "user_id_1" : "117402330", 
    "user_id_2" : "457984599", 
    "relationship" : true
}
{ 
    "_id" : ObjectId("5ae4a09479f5af2917e10de9"), 
    "user_id_1" : "804754903", 
    "user_id_2" : "457984599", 
    "relationship" : false
}
{ 
    "_id" : ObjectId("5ae4a09479f5af2917e10dea"), 
    "user_id_1" : "2615818511", 
    "user_id_2" : "457984599", 
    "relationship" : false
}
{ 
    "_id" : ObjectId("5ae4a09579f5af2917e10deb"), 
    "user_id_1" : "23378226", 
    "user_id_2" : "457984599", 
    "relationship" : false
}
{ 
    "_id" : ObjectId("5ae4a09679f5af2917e10dec"), 
    "user_id_1" : "956539965936144384", 
    "user_id_2" : "457984599", 
    "relationship" : false
}
{ 
    "_id" : ObjectId("5ae4a09679f5af2917e10ded"), 
    "user_id_1" : "913127825544269826", 
    "user_id_2" : "457984599", 
    "relationship" : true
}
{ 
    "_id" : ObjectId("5ae4a09779f5af2917e10dee"), 
    "user_id_1" : "1138395974", 
    "user_id_2" : "457984599", 
    "relationship" : false
}
{ 
    "_id" : ObjectId("5ae4a09879f5af2917e10def"), 
    "user_id_1" : "913517954", 
    "user_id_2" : "457984599", 
    "relationship" : true
}
{ 
    "_id" : ObjectId("5ae4a09979f5af2917e10df0"), 
    "user_id_1" : "2290194720", 
    "user_id_2" : "457984599", 
    "relationship" : false
}
{ 
    "_id" : ObjectId("5ae4a09979f5af2917e10df1"), 
    "user_id_1" : "889240811585413121", 
    "user_id_2" : "457984599", 
    "relationship" : false
}
{ 
    "_id" : ObjectId("5ae4a09a79f5af2917e10df2"), 
    "user_id_1" : "780135342863101952", 
    "user_id_2" : "457984599", 
    "relationship" : true
}
{ 
    "_id" : ObjectId("5ae4a09b79f5af2917e10df3"), 
    "user_id_1" : "2744590367", 
    "user_id_2" : "457984599", 
    "relationship" : true
}
{ 
    "_id" : ObjectId("5ae4a09b79f5af2917e10df4"), 
    "user_id_1" : "760261767322710016", 
    "user_id_2" : "457984599", 
    "relationship" : true
}
{ 
    "_id" : ObjectId("5ae4a09c79f5af2917e10df5"), 
    "user_id_1" : "50176328", 
    "user_id_2" : "457984599", 
    "relationship" : false
}
{ 
    "_id" : ObjectId("5ae4a09d79f5af2917e10df6"), 
    "user_id_1" : "95351116", 
    "user_id_2" : "457984599", 
    "relationship" : true
}
{ 
    "_id" : ObjectId("5ae4a09e79f5af2917e10df7"), 
    "user_id_1" : "1033317714", 
    "user_id_2" : "457984599", 
    "relationship" : true
}
{ 
    "_id" : ObjectId("5ae4a09e79f5af2917e10df8"), 
    "user_id_1" : "59156242", 
    "user_id_2" : "457984599", 
    "relationship" : true
}
{ 
    "_id" : ObjectId("5ae4a09f79f5af2917e10df9"), 
    "user_id_1" : "440259929", 
    "user_id_2" : "457984599", 
    "relationship" : false
}
{ 
    "_id" : ObjectId("5ae4a0a079f5af2917e10dfa"), 
    "user_id_1" : "326320315", 
    "user_id_2" : "457984599", 
    "relationship" : true
}
{ 
    "_id" : ObjectId("5ae4a0a179f5af2917e10dfb"), 
    "user_id_1" : "866697473405878273", 
    "user_id_2" : "457984599", 
    "relationship" : false
}
{ 
    "_id" : ObjectId("5ae4a0a179f5af2917e10dfc"), 
    "user_id_1" : "3982233341", 
    "user_id_2" : "457984599", 
    "relationship" : true
}
{ 
    "_id" : ObjectId("5ae4a0a279f5af2917e10dfd"), 
    "user_id_1" : "954190967422242817", 
    "user_id_2" : "457984599", 
    "relationship" : false
}
{ 
    "_id" : ObjectId("5ae4a0a379f5af2917e10dfe"), 
    "user_id_1" : "15142650", 
    "user_id_2" : "457984599", 
    "relationship" : false
}
{ 
    "_id" : ObjectId("5ae4a0a479f5af2917e10dff"), 
    "user_id_1" : "2254051315", 
    "user_id_2" : "457984599", 
    "relationship" : true
}
{ 
    "_id" : ObjectId("5ae4a0a579f5af2917e10e00"), 
    "user_id_1" : "957613142158315520", 
    "user_id_2" : "457984599", 
    "relationship" : true
}
{ 
    "_id" : ObjectId("5ae4a0a679f5af2917e10e01"), 
    "user_id_1" : "817821570034896897", 
    "user_id_2" : "457984599", 
    "relationship" : true
}
{ 
    "_id" : ObjectId("5ae4a0a779f5af2917e10e02"), 
    "user_id_1" : "790551345220710401", 
    "user_id_2" : "457984599", 
    "relationship" : true
}
{ 
    "_id" : ObjectId("5ae4a0a779f5af2917e10e03"), 
    "user_id_1" : "761974436492783616", 
    "user_id_2" : "457984599", 
    "relationship" : true
}
{ 
    "_id" : ObjectId("5ae4a0a879f5af2917e10e04"), 
    "user_id_1" : "1073599608", 
    "user_id_2" : "457984599", 
    "relationship" : false
}
{ 
    "_id" : ObjectId("5ae4a0a979f5af2917e10e05"), 
    "user_id_1" : "420502656", 
    "user_id_2" : "457984599", 
    "relationship" : true
}
{ 
    "_id" : ObjectId("5ae4a0a979f5af2917e10e06"), 
    "user_id_1" : "2355549379", 
    "user_id_2" : "457984599", 
    "relationship" : false
}
{ 
    "_id" : ObjectId("5ae4a0aa79f5af2917e10e07"), 
    "user_id_1" : "275201038", 
    "user_id_2" : "457984599", 
    "relationship" : false
}
{ 
    "_id" : ObjectId("5ae4a0aa79f5af2917e10e08"), 
    "user_id_1" : "863268762", 
    "user_id_2" : "457984599", 
    "relationship" : false
}
{ 
    "_id" : ObjectId("5ae4a0ab79f5af2917e10e09"), 
    "user_id_1" : "4469532553", 
    "user_id_2" : "457984599", 
    "relationship" : true
}
{ 
    "_id" : ObjectId("5ae4a0ac79f5af2917e10e0a"), 
    "user_id_1" : "449459874", 
    "user_id_2" : "457984599", 
    "relationship" : false
}
{ 
    "_id" : ObjectId("5ae4a0ad79f5af2917e10e0b"), 
    "user_id_1" : "840349330749968384", 
    "user_id_2" : "457984599", 
    "relationship" : false
}
{ 
    "_id" : ObjectId("5ae4a0ae79f5af2917e10e0c"), 
    "user_id_1" : "4787141243", 
    "user_id_2" : "457984599", 
    "relationship" : true
}
{ 
    "_id" : ObjectId("5ae4a0af79f5af2917e10e0d"), 
    "user_id_1" : "4899804027", 
    "user_id_2" : "457984599", 
    "relationship" : true
}
{ 
    "_id" : ObjectId("5ae4a0af79f5af2917e10e0e"), 
    "user_id_1" : "837103387074248704", 
    "user_id_2" : "457984599", 
    "relationship" : true
}
{ 
    "_id" : ObjectId("5ae4a0b079f5af2917e10e0f"), 
    "user_id_1" : "2411388420", 
    "user_id_2" : "457984599", 
    "relationship" : true
}
{ 
    "_id" : ObjectId("5ae4a0b179f5af2917e10e10"), 
    "user_id_1" : "304809022", 
    "user_id_2" : "457984599", 
    "relationship" : false
}
{ 
    "_id" : ObjectId("5ae4a0b279f5af2917e10e11"), 
    "user_id_1" : "228804748", 
    "user_id_2" : "457984599", 
    "relationship" : true
}
{ 
    "_id" : ObjectId("5ae4a0b279f5af2917e10e12"), 
    "user_id_1" : "2495518514", 
    "user_id_2" : "457984599", 
    "relationship" : true
}
{ 
    "_id" : ObjectId("5ae4a0b379f5af2917e10e13"), 
    "user_id_1" : "298267624", 
    "user_id_2" : "457984599", 
    "relationship" : false
}
{ 
    "_id" : ObjectId("5ae4a0b479f5af2917e10e14"), 
    "user_id_1" : "19137280", 
    "user_id_2" : "457984599", 
    "relationship" : true
}
{ 
    "_id" : ObjectId("5ae4a0b479f5af2917e10e15"), 
    "user_id_1" : "1594272319", 
    "user_id_2" : "457984599", 
    "relationship" : false
}
{ 
    "_id" : ObjectId("5ae4a0b679f5af2917e10e16"), 
    "user_id_1" : "238455300", 
    "user_id_2" : "457984599", 
    "relationship" : false
}
{ 
    "_id" : ObjectId("5ae4a0b679f5af2917e10e17"), 
    "user_id_1" : "947024822327918592", 
    "user_id_2" : "457984599", 
    "relationship" : false
}
{ 
    "_id" : ObjectId("5ae4a0b779f5af2917e10e18"), 
    "user_id_1" : "228326309", 
    "user_id_2" : "457984599", 
    "relationship" : true
}
{ 
    "_id" : ObjectId("5ae4a0b879f5af2917e10e19"), 
    "user_id_1" : "1337001145", 
    "user_id_2" : "457984599", 
    "relationship" : true
}
{ 
    "_id" : ObjectId("5ae4a0b879f5af2917e10e1a"), 
    "user_id_1" : "826425481549451264", 
    "user_id_2" : "457984599", 
    "relationship" : true
}
{ 
    "_id" : ObjectId("5ae4a0b979f5af2917e10e1b"), 
    "user_id_1" : "789576425745453056", 
    "user_id_2" : "457984599", 
    "relationship" : true
}
{ 
    "_id" : ObjectId("5ae4a0ba79f5af2917e10e1c"), 
    "user_id_1" : "73196390", 
    "user_id_2" : "457984599", 
    "relationship" : false
}
{ 
    "_id" : ObjectId("5ae4a0ba79f5af2917e10e1d"), 
    "user_id_1" : "2504776866", 
    "user_id_2" : "457984599", 
    "relationship" : true
}
{ 
    "_id" : ObjectId("5ae4a0bb79f5af2917e10e1e"), 
    "user_id_1" : "200780444", 
    "user_id_2" : "457984599", 
    "relationship" : true
}
{ 
    "_id" : ObjectId("5ae4a0bc79f5af2917e10e1f"), 
    "user_id_1" : "889422357584130048", 
    "user_id_2" : "457984599", 
    "relationship" : false
}
{ 
    "_id" : ObjectId("5ae4a0bc79f5af2917e10e20"), 
    "user_id_1" : "94295235", 
    "user_id_2" : "457984599", 
    "relationship" : true
}
{ 
    "_id" : ObjectId("5ae4a0bd79f5af2917e10e21"), 
    "user_id_1" : "1104728851", 
    "user_id_2" : "457984599", 
    "relationship" : true
}
{ 
    "_id" : ObjectId("5ae4a0be79f5af2917e10e22"), 
    "user_id_1" : "4757003540", 
    "user_id_2" : "457984599", 
    "relationship" : true
}
{ 
    "_id" : ObjectId("5ae4a0be79f5af2917e10e23"), 
    "user_id_1" : "47724177", 
    "user_id_2" : "457984599", 
    "relationship" : false
}
{ 
    "_id" : ObjectId("5ae4a0bf79f5af2917e10e24"), 
    "user_id_1" : "115304201", 
    "user_id_2" : "457984599", 
    "relationship" : true
}
{ 
    "_id" : ObjectId("5ae4a0c079f5af2917e10e25"), 
    "user_id_1" : "816738384538238977", 
    "user_id_2" : "457984599", 
    "relationship" : false
}
{ 
    "_id" : ObjectId("5ae4a0c079f5af2917e10e26"), 
    "user_id_1" : "825195835059294208", 
    "user_id_2" : "457984599", 
    "relationship" : false
}
{ 
    "_id" : ObjectId("5ae4a0c179f5af2917e10e27"), 
    "user_id_1" : "705628214", 
    "user_id_2" : "457984599", 
    "relationship" : true
}
{ 
    "_id" : ObjectId("5ae4a0c779f5af2917e10e28"), 
    "user_id_1" : "1691220398", 
    "user_id_2" : "457984599", 
    "relationship" : true
}
{ 
    "_id" : ObjectId("5ae4a0c779f5af2917e10e29"), 
    "user_id_1" : "807568509542797312", 
    "user_id_2" : "457984599", 
    "relationship" : false
}
{ 
    "_id" : ObjectId("5ae4a0c879f5af2917e10e2a"), 
    "user_id_1" : "28657994", 
    "user_id_2" : "457984599", 
    "relationship" : true
}
{ 
    "_id" : ObjectId("5ae4a0c979f5af2917e10e2b"), 
    "user_id_1" : "827688112599896065", 
    "user_id_2" : "457984599", 
    "relationship" : true
}
{ 
    "_id" : ObjectId("5ae4a0c979f5af2917e10e2c"), 
    "user_id_1" : "837848664055943168", 
    "user_id_2" : "457984599", 
    "relationship" : true
}
{ 
    "_id" : ObjectId("5ae4a0ca79f5af2917e10e2d"), 
    "user_id_1" : "813478893118222337", 
    "user_id_2" : "457984599", 
    "relationship" : false
}
{ 
    "_id" : ObjectId("5ae4a0cb79f5af2917e10e2e"), 
    "user_id_1" : "203250605", 
    "user_id_2" : "457984599", 
    "relationship" : true
}
{ 
    "_id" : ObjectId("5ae4a0cb79f5af2917e10e2f"), 
    "user_id_1" : "169725807", 
    "user_id_2" : "457984599", 
    "relationship" : false
}
{ 
    "_id" : ObjectId("5ae4a0cc79f5af2917e10e30"), 
    "user_id_1" : "950159043817017346", 
    "user_id_2" : "457984599", 
    "relationship" : false
}
{ 
    "_id" : ObjectId("5ae4a0cd79f5af2917e10e31"), 
    "user_id_1" : "890263912142209025", 
    "user_id_2" : "457984599", 
    "relationship" : false
}
{ 
    "_id" : ObjectId("5ae4a0cd79f5af2917e10e32"), 
    "user_id_1" : "705592777623601152", 
    "user_id_2" : "457984599", 
    "relationship" : true
}
{ 
    "_id" : ObjectId("5ae4a0ce79f5af2917e10e33"), 
    "user_id_1" : "822438882784542723", 
    "user_id_2" : "457984599", 
    "relationship" : true
}
{ 
    "_id" : ObjectId("5ae4a0cf79f5af2917e10e34"), 
    "user_id_1" : "623284759", 
    "user_id_2" : "457984599", 
    "relationship" : false
}
{ 
    "_id" : ObjectId("5ae4a0d079f5af2917e10e35"), 
    "user_id_1" : "925846662630854656", 
    "user_id_2" : "457984599", 
    "relationship" : true
}
{ 
    "_id" : ObjectId("5ae4a0d079f5af2917e10e36"), 
    "user_id_1" : "857241615123050497", 
    "user_id_2" : "457984599", 
    "relationship" : true
}
{ 
    "_id" : ObjectId("5ae4a0d179f5af2917e10e37"), 
    "user_id_1" : "1037933052", 
    "user_id_2" : "457984599", 
    "relationship" : true
}
{ 
    "_id" : ObjectId("5ae4a0d279f5af2917e10e38"), 
    "user_id_1" : "706538900", 
    "user_id_2" : "457984599", 
    "relationship" : false
}
{ 
    "_id" : ObjectId("5ae4a0d279f5af2917e10e39"), 
    "user_id_1" : "834237839558717441", 
    "user_id_2" : "457984599", 
    "relationship" : false
}
{ 
    "_id" : ObjectId("5ae4a0d379f5af2917e10e3a"), 
    "user_id_1" : "4801298056", 
    "user_id_2" : "457984599", 
    "relationship" : true
}
{ 
    "_id" : ObjectId("5ae4a0d479f5af2917e10e3b"), 
    "user_id_1" : "2312036022", 
    "user_id_2" : "457984599", 
    "relationship" : false
}
{ 
    "_id" : ObjectId("5ae4a0d579f5af2917e10e3c"), 
    "user_id_1" : "928097136088150016", 
    "user_id_2" : "457984599", 
    "relationship" : false
}
{ 
    "_id" : ObjectId("5ae4a0d579f5af2917e10e3d"), 
    "user_id_1" : "937918189887021056", 
    "user_id_2" : "457984599", 
    "relationship" : true
}
{ 
    "_id" : ObjectId("5ae4a0d679f5af2917e10e3e"), 
    "user_id_1" : "4780228702", 
    "user_id_2" : "457984599", 
    "relationship" : true
}
{ 
    "_id" : ObjectId("5ae4a0d779f5af2917e10e3f"), 
    "user_id_1" : "958634727434608640", 
    "user_id_2" : "457984599", 
    "relationship" : true
}
{ 
    "_id" : ObjectId("5ae4a0d879f5af2917e10e40"), 
    "user_id_1" : "704952101", 
    "user_id_2" : "457984599", 
    "relationship" : false
}
{ 
    "_id" : ObjectId("5ae4a0d979f5af2917e10e41"), 
    "user_id_1" : "241582266", 
    "user_id_2" : "457984599", 
    "relationship" : true
}
{ 
    "_id" : ObjectId("5ae4a0d979f5af2917e10e42"), 
    "user_id_1" : "707383117510672384", 
    "user_id_2" : "457984599", 
    "relationship" : true
}
{ 
    "_id" : ObjectId("5ae4a0da79f5af2917e10e43"), 
    "user_id_1" : "1029522668", 
    "user_id_2" : "457984599", 
    "relationship" : true
}
{ 
    "_id" : ObjectId("5ae4a0db79f5af2917e10e44"), 
    "user_id_1" : "805149251344932864", 
    "user_id_2" : "457984599", 
    "relationship" : true
}
{ 
    "_id" : ObjectId("5ae4a0db79f5af2917e10e45"), 
    "user_id_1" : "23023998", 
    "user_id_2" : "457984599", 
    "relationship" : true
}
{ 
    "_id" : ObjectId("5ae4a0dc79f5af2917e10e46"), 
    "user_id_1" : "1050413288", 
    "user_id_2" : "457984599", 
    "relationship" : true
}
{ 
    "_id" : ObjectId("5ae4a0dd79f5af2917e10e47"), 
    "user_id_1" : "2184195506", 
    "user_id_2" : "457984599", 
    "relationship" : false
}
{ 
    "_id" : ObjectId("5ae4a0dd79f5af2917e10e48"), 
    "user_id_1" : "831349238336516099", 
    "user_id_2" : "457984599", 
    "relationship" : false
}
{ 
    "_id" : ObjectId("5ae4a0de79f5af2917e10e49"), 
    "user_id_1" : "812184241278746624", 
    "user_id_2" : "457984599", 
    "relationship" : true
}
{ 
    "_id" : ObjectId("5ae4a0df79f5af2917e10e4a"), 
    "user_id_1" : "4164496154", 
    "user_id_2" : "457984599", 
    "relationship" : false
}
{ 
    "_id" : ObjectId("5ae4a0df79f5af2917e10e4b"), 
    "user_id_1" : "746853969943724032", 
    "user_id_2" : "457984599", 
    "relationship" : true
}
{ 
    "_id" : ObjectId("5ae4a0e079f5af2917e10e4c"), 
    "user_id_1" : "199859048", 
    "user_id_2" : "457984599", 
    "relationship" : true
}
{ 
    "_id" : ObjectId("5ae4a0e179f5af2917e10e4d"), 
    "user_id_1" : "876592268634976256", 
    "user_id_2" : "457984599", 
    "relationship" : true
}
{ 
    "_id" : ObjectId("5ae4a0e179f5af2917e10e4e"), 
    "user_id_1" : "546252980", 
    "user_id_2" : "457984599", 
    "relationship" : true
}
{ 
    "_id" : ObjectId("5ae4a0e279f5af2917e10e4f"), 
    "user_id_1" : "790356620211609600", 
    "user_id_2" : "457984599", 
    "relationship" : false
}
{ 
    "_id" : ObjectId("5ae4a0e379f5af2917e10e50"), 
    "user_id_1" : "375135445", 
    "user_id_2" : "457984599", 
    "relationship" : true
}
{ 
    "_id" : ObjectId("5ae4a0e379f5af2917e10e51"), 
    "user_id_1" : "926567269609672707", 
    "user_id_2" : "457984599", 
    "relationship" : true
}
{ 
    "_id" : ObjectId("5ae4a0e479f5af2917e10e52"), 
    "user_id_1" : "4800778407", 
    "user_id_2" : "457984599", 
    "relationship" : true
}
{ 
    "_id" : ObjectId("5ae4a0e479f5af2917e10e53"), 
    "user_id_1" : "945730769137184768", 
    "user_id_2" : "457984599", 
    "relationship" : false
}
{ 
    "_id" : ObjectId("5ae4a0e579f5af2917e10e54"), 
    "user_id_1" : "955244230204534785", 
    "user_id_2" : "457984599", 
    "relationship" : false
}
{ 
    "_id" : ObjectId("5ae4a0e679f5af2917e10e55"), 
    "user_id_1" : "159334308", 
    "user_id_2" : "457984599", 
    "relationship" : true
}
