{ 
    "_id" : ObjectId("5ae5bdb679f5af364e7fdf2e"), 
    "user_id_1" : "2610448868", 
    "user_id_2" : "834237839558717441", 
    "relationship" : false
}
{ 
    "_id" : ObjectId("5ae5bdb679f5af364e7fdf2f"), 
    "user_id_1" : "748253412064636928", 
    "user_id_2" : "834237839558717441", 
    "relationship" : false
}
{ 
    "_id" : ObjectId("5ae5bdb779f5af364e7fdf30"), 
    "user_id_1" : "1138538348", 
    "user_id_2" : "834237839558717441", 
    "relationship" : false
}
{ 
    "_id" : ObjectId("5ae5bdb879f5af364e7fdf31"), 
    "user_id_1" : "756696309017432065", 
    "user_id_2" : "834237839558717441", 
    "relationship" : false
}
{ 
    "_id" : ObjectId("5ae5bdb979f5af364e7fdf32"), 
    "user_id_1" : "840948921052598272", 
    "user_id_2" : "834237839558717441", 
    "relationship" : false
}
{ 
    "_id" : ObjectId("5ae5bdb979f5af364e7fdf33"), 
    "user_id_1" : "197073123", 
    "user_id_2" : "834237839558717441", 
    "relationship" : false
}
{ 
    "_id" : ObjectId("5ae5bdba79f5af364e7fdf34"), 
    "user_id_1" : "587001375", 
    "user_id_2" : "834237839558717441", 
    "relationship" : false
}
{ 
    "_id" : ObjectId("5ae5bdba79f5af364e7fdf35"), 
    "user_id_1" : "724021043904442369", 
    "user_id_2" : "834237839558717441", 
    "relationship" : false
}
{ 
    "_id" : ObjectId("5ae5bdbb79f5af364e7fdf36"), 
    "user_id_1" : "116473390", 
    "user_id_2" : "834237839558717441", 
    "relationship" : false
}
{ 
    "_id" : ObjectId("5ae5bdbc79f5af364e7fdf37"), 
    "user_id_1" : "2388012242", 
    "user_id_2" : "834237839558717441", 
    "relationship" : false
}
{ 
    "_id" : ObjectId("5ae5bdbc79f5af364e7fdf38"), 
    "user_id_1" : "2864338827", 
    "user_id_2" : "834237839558717441", 
    "relationship" : false
}
{ 
    "_id" : ObjectId("5ae5bdbd79f5af364e7fdf39"), 
    "user_id_1" : "532742860", 
    "user_id_2" : "834237839558717441", 
    "relationship" : false
}
{ 
    "_id" : ObjectId("5ae5bdbe79f5af364e7fdf3a"), 
    "user_id_1" : "798963596680052736", 
    "user_id_2" : "834237839558717441", 
    "relationship" : false
}
{ 
    "_id" : ObjectId("5ae5bdbf79f5af364e7fdf3b"), 
    "user_id_1" : "287434334", 
    "user_id_2" : "834237839558717441", 
    "relationship" : false
}
{ 
    "_id" : ObjectId("5ae5bdc079f5af364e7fdf3c"), 
    "user_id_1" : "3589050802", 
    "user_id_2" : "834237839558717441", 
    "relationship" : false
}
{ 
    "_id" : ObjectId("5ae5bdc079f5af364e7fdf3d"), 
    "user_id_1" : "3885450912", 
    "user_id_2" : "834237839558717441", 
    "relationship" : false
}
{ 
    "_id" : ObjectId("5ae5bdc179f5af364e7fdf3e"), 
    "user_id_1" : "22404738", 
    "user_id_2" : "834237839558717441", 
    "relationship" : false
}
{ 
    "_id" : ObjectId("5ae5bdc279f5af364e7fdf3f"), 
    "user_id_1" : "804754903", 
    "user_id_2" : "834237839558717441", 
    "relationship" : false
}
{ 
    "_id" : ObjectId("5ae5bdc279f5af364e7fdf40"), 
    "user_id_1" : "2615818511", 
    "user_id_2" : "834237839558717441", 
    "relationship" : false
}
{ 
    "_id" : ObjectId("5ae5bdc379f5af364e7fdf41"), 
    "user_id_1" : "23378226", 
    "user_id_2" : "834237839558717441", 
    "relationship" : false
}
{ 
    "_id" : ObjectId("5ae5bdc479f5af364e7fdf42"), 
    "user_id_1" : "956539965936144384", 
    "user_id_2" : "834237839558717441", 
    "relationship" : false
}
{ 
    "_id" : ObjectId("5ae5bdc479f5af364e7fdf43"), 
    "user_id_1" : "2290194720", 
    "user_id_2" : "834237839558717441", 
    "relationship" : false
}
{ 
    "_id" : ObjectId("5ae5bdc579f5af364e7fdf44"), 
    "user_id_1" : "889240811585413121", 
    "user_id_2" : "834237839558717441", 
    "relationship" : false
}
{ 
    "_id" : ObjectId("5ae5bdc679f5af364e7fdf45"), 
    "user_id_1" : "50176328", 
    "user_id_2" : "834237839558717441", 
    "relationship" : false
}
{ 
    "_id" : ObjectId("5ae5bdc779f5af364e7fdf46"), 
    "user_id_1" : "440259929", 
    "user_id_2" : "834237839558717441", 
    "relationship" : false
}
{ 
    "_id" : ObjectId("5ae5bdc779f5af364e7fdf47"), 
    "user_id_1" : "954190967422242817", 
    "user_id_2" : "834237839558717441", 
    "relationship" : false
}
{ 
    "_id" : ObjectId("5ae5bdc879f5af364e7fdf48"), 
    "user_id_1" : "15142650", 
    "user_id_2" : "834237839558717441", 
    "relationship" : false
}
{ 
    "_id" : ObjectId("5ae5bdc979f5af364e7fdf49"), 
    "user_id_1" : "2355549379", 
    "user_id_2" : "834237839558717441", 
    "relationship" : false
}
{ 
    "_id" : ObjectId("5ae5bdc979f5af364e7fdf4a"), 
    "user_id_1" : "275201038", 
    "user_id_2" : "834237839558717441", 
    "relationship" : false
}
{ 
    "_id" : ObjectId("5ae5bdca79f5af364e7fdf4b"), 
    "user_id_1" : "863268762", 
    "user_id_2" : "834237839558717441", 
    "relationship" : false
}
{ 
    "_id" : ObjectId("5ae5bdcb79f5af364e7fdf4c"), 
    "user_id_1" : "449459874", 
    "user_id_2" : "834237839558717441", 
    "relationship" : false
}
{ 
    "_id" : ObjectId("5ae5bdcb79f5af364e7fdf4d"), 
    "user_id_1" : "840349330749968384", 
    "user_id_2" : "834237839558717441", 
    "relationship" : false
}
{ 
    "_id" : ObjectId("5ae5bdcc79f5af364e7fdf4e"), 
    "user_id_1" : "304809022", 
    "user_id_2" : "834237839558717441", 
    "relationship" : false
}
{ 
    "_id" : ObjectId("5ae5bdcd79f5af364e7fdf4f"), 
    "user_id_1" : "298267624", 
    "user_id_2" : "834237839558717441", 
    "relationship" : false
}
{ 
    "_id" : ObjectId("5ae5bdcd79f5af364e7fdf50"), 
    "user_id_1" : "1594272319", 
    "user_id_2" : "834237839558717441", 
    "relationship" : false
}
{ 
    "_id" : ObjectId("5ae5bdce79f5af364e7fdf51"), 
    "user_id_1" : "238455300", 
    "user_id_2" : "834237839558717441", 
    "relationship" : false
}
{ 
    "_id" : ObjectId("5ae5bdcf79f5af364e7fdf52"), 
    "user_id_1" : "73196390", 
    "user_id_2" : "834237839558717441", 
    "relationship" : false
}
{ 
    "_id" : ObjectId("5ae5bdcf79f5af364e7fdf53"), 
    "user_id_1" : "47724177", 
    "user_id_2" : "834237839558717441", 
    "relationship" : false
}
{ 
    "_id" : ObjectId("5ae5bdd079f5af364e7fdf54"), 
    "user_id_1" : "816738384538238977", 
    "user_id_2" : "834237839558717441", 
    "relationship" : false
}
{ 
    "_id" : ObjectId("5ae5bdd179f5af364e7fdf55"), 
    "user_id_1" : "825195835059294208", 
    "user_id_2" : "834237839558717441", 
    "relationship" : false
}
{ 
    "_id" : ObjectId("5ae5bdd179f5af364e7fdf56"), 
    "user_id_1" : "813478893118222337", 
    "user_id_2" : "834237839558717441", 
    "relationship" : false
}
{ 
    "_id" : ObjectId("5ae5bdd279f5af364e7fdf57"), 
    "user_id_1" : "169725807", 
    "user_id_2" : "834237839558717441", 
    "relationship" : false
}
{ 
    "_id" : ObjectId("5ae5bdd379f5af364e7fdf58"), 
    "user_id_1" : "950159043817017346", 
    "user_id_2" : "834237839558717441", 
    "relationship" : false
}
{ 
    "_id" : ObjectId("5ae5bdd379f5af364e7fdf59"), 
    "user_id_1" : "890263912142209025", 
    "user_id_2" : "834237839558717441", 
    "relationship" : false
}
{ 
    "_id" : ObjectId("5ae5bdd479f5af364e7fdf5a"), 
    "user_id_1" : "623284759", 
    "user_id_2" : "834237839558717441", 
    "relationship" : false
}
{ 
    "_id" : ObjectId("5ae5bdd579f5af364e7fdf5b"), 
    "user_id_1" : "706538900", 
    "user_id_2" : "834237839558717441", 
    "relationship" : false
}
{ 
    "_id" : ObjectId("5ae5bdd679f5af364e7fdf5c"), 
    "user_id_1" : "928097136088150016", 
    "user_id_2" : "834237839558717441", 
    "relationship" : false
}
{ 
    "_id" : ObjectId("5ae5bdd779f5af364e7fdf5d"), 
    "user_id_1" : "704952101", 
    "user_id_2" : "834237839558717441", 
    "relationship" : false
}
{ 
    "_id" : ObjectId("5ae5bdd779f5af364e7fdf5e"), 
    "user_id_1" : "4164496154", 
    "user_id_2" : "834237839558717441", 
    "relationship" : false
}
{ 
    "_id" : ObjectId("5ae5bdd879f5af364e7fdf5f"), 
    "user_id_1" : "790356620211609600", 
    "user_id_2" : "834237839558717441", 
    "relationship" : false
}
{ 
    "_id" : ObjectId("5ae5bdd979f5af364e7fdf60"), 
    "user_id_1" : "945730769137184768", 
    "user_id_2" : "834237839558717441", 
    "relationship" : false
}
{ 
    "_id" : ObjectId("5ae5bdd979f5af364e7fdf61"), 
    "user_id_1" : "955244230204534785", 
    "user_id_2" : "834237839558717441", 
    "relationship" : false
}
