{ 
    "_id" : ObjectId("5ac8c718cc9d409b25655fb5"), 
    "user_id_1" : "381580592", 
    "user_id_2" : "294957355", 
    "relationship" : false
}
{ 
    "_id" : ObjectId("5ac8c719cc9d409b25655fb6"), 
    "user_id_1" : "381580592", 
    "user_id_2" : "2571689655", 
    "relationship" : false
}
{ 
    "_id" : ObjectId("5ac8c719cc9d409b25655fb7"), 
    "user_id_1" : "381580592", 
    "user_id_2" : "28674574", 
    "relationship" : false
}
{ 
    "_id" : ObjectId("5ac8c719cc9d409b25655fb8"), 
    "user_id_1" : "117591701", 
    "user_id_2" : "294957355", 
    "relationship" : false
}
{ 
    "_id" : ObjectId("5ac8c71acc9d409b25655fb9"), 
    "user_id_1" : "117591701", 
    "user_id_2" : "2571689655", 
    "relationship" : false
}
{ 
    "_id" : ObjectId("5ac8c71acc9d409b25655fba"), 
    "user_id_1" : "117591701", 
    "user_id_2" : "28674574", 
    "relationship" : false
}
{ 
    "_id" : ObjectId("5ac8c71acc9d409b25655fbb"), 
    "user_id_1" : "2153283325", 
    "user_id_2" : "294957355", 
    "relationship" : false
}
{ 
    "_id" : ObjectId("5ac8c71bcc9d409b25655fbc"), 
    "user_id_1" : "2153283325", 
    "user_id_2" : "2571689655", 
    "relationship" : false
}
{ 
    "_id" : ObjectId("5ac8c71bcc9d409b25655fbd"), 
    "user_id_1" : "2153283325", 
    "user_id_2" : "28674574", 
    "relationship" : false
}
{ 
    "_id" : ObjectId("5ac8c71bcc9d409b25655fbe"), 
    "user_id_1" : "2611157977", 
    "user_id_2" : "294957355", 
    "relationship" : false
}
{ 
    "_id" : ObjectId("5ac8c71ccc9d409b25655fbf"), 
    "user_id_1" : "2611157977", 
    "user_id_2" : "2571689655", 
    "relationship" : false
}
{ 
    "_id" : ObjectId("5ac8c71ccc9d409b25655fc0"), 
    "user_id_1" : "2611157977", 
    "user_id_2" : "28674574", 
    "relationship" : false
}
{ 
    "_id" : ObjectId("5ac8c71dcc9d409b25655fc1"), 
    "user_id_1" : "335469402", 
    "user_id_2" : "294957355", 
    "relationship" : false
}
{ 
    "_id" : ObjectId("5ac8c71dcc9d409b25655fc2"), 
    "user_id_1" : "335469402", 
    "user_id_2" : "2571689655", 
    "relationship" : false
}
{ 
    "_id" : ObjectId("5ac8c71dcc9d409b25655fc3"), 
    "user_id_1" : "335469402", 
    "user_id_2" : "28674574", 
    "relationship" : false
}
{ 
    "_id" : ObjectId("5ac8c71ecc9d409b25655fc4"), 
    "user_id_1" : "2502817849", 
    "user_id_2" : "294957355", 
    "relationship" : false
}
{ 
    "_id" : ObjectId("5ac8c71ecc9d409b25655fc5"), 
    "user_id_1" : "2502817849", 
    "user_id_2" : "2571689655", 
    "relationship" : false
}
{ 
    "_id" : ObjectId("5ac8c71fcc9d409b25655fc6"), 
    "user_id_1" : "2502817849", 
    "user_id_2" : "28674574", 
    "relationship" : false
}
{ 
    "_id" : ObjectId("5ac8c71fcc9d409b25655fc7"), 
    "user_id_1" : "3320687820", 
    "user_id_2" : "294957355", 
    "relationship" : false
}
{ 
    "_id" : ObjectId("5ac8c71fcc9d409b25655fc8"), 
    "user_id_1" : "3320687820", 
    "user_id_2" : "2571689655", 
    "relationship" : false
}
{ 
    "_id" : ObjectId("5ac8c720cc9d409b25655fc9"), 
    "user_id_1" : "3320687820", 
    "user_id_2" : "28674574", 
    "relationship" : false
}
{ 
    "_id" : ObjectId("5ac8c720cc9d409b25655fca"), 
    "user_id_1" : "633159037", 
    "user_id_2" : "294957355", 
    "relationship" : false
}
{ 
    "_id" : ObjectId("5ac8c721cc9d409b25655fcb"), 
    "user_id_1" : "633159037", 
    "user_id_2" : "2571689655", 
    "relationship" : false
}
{ 
    "_id" : ObjectId("5ac8c721cc9d409b25655fcc"), 
    "user_id_1" : "633159037", 
    "user_id_2" : "28674574", 
    "relationship" : false
}
{ 
    "_id" : ObjectId("5ac8c721cc9d409b25655fcd"), 
    "user_id_1" : "2429824123", 
    "user_id_2" : "294957355", 
    "relationship" : false
}
{ 
    "_id" : ObjectId("5ac8c722cc9d409b25655fce"), 
    "user_id_1" : "2429824123", 
    "user_id_2" : "2571689655", 
    "relationship" : false
}
{ 
    "_id" : ObjectId("5ac8c722cc9d409b25655fcf"), 
    "user_id_1" : "2429824123", 
    "user_id_2" : "28674574", 
    "relationship" : false
}
{ 
    "_id" : ObjectId("5ac8c722cc9d409b25655fd0"), 
    "user_id_1" : "75607811", 
    "user_id_2" : "294957355", 
    "relationship" : false
}
{ 
    "_id" : ObjectId("5ac8c723cc9d409b25655fd1"), 
    "user_id_1" : "75607811", 
    "user_id_2" : "2571689655", 
    "relationship" : false
}
{ 
    "_id" : ObjectId("5ac8c723cc9d409b25655fd2"), 
    "user_id_1" : "75607811", 
    "user_id_2" : "28674574", 
    "relationship" : false
}
{ 
    "_id" : ObjectId("5ac8c724cc9d409b25655fd3"), 
    "user_id_1" : "311244323", 
    "user_id_2" : "294957355", 
    "relationship" : false
}
{ 
    "_id" : ObjectId("5ac8c724cc9d409b25655fd4"), 
    "user_id_1" : "311244323", 
    "user_id_2" : "2571689655", 
    "relationship" : false
}
{ 
    "_id" : ObjectId("5ac8c724cc9d409b25655fd5"), 
    "user_id_1" : "311244323", 
    "user_id_2" : "28674574", 
    "relationship" : false
}
{ 
    "_id" : ObjectId("5ac8c725cc9d409b25655fd6"), 
    "user_id_1" : "20760246", 
    "user_id_2" : "294957355", 
    "relationship" : false
}
{ 
    "_id" : ObjectId("5ac8c725cc9d409b25655fd7"), 
    "user_id_1" : "20760246", 
    "user_id_2" : "2571689655", 
    "relationship" : false
}
{ 
    "_id" : ObjectId("5ac8c726cc9d409b25655fd8"), 
    "user_id_1" : "20760246", 
    "user_id_2" : "28674574", 
    "relationship" : false
}
{ 
    "_id" : ObjectId("5ac8c726cc9d409b25655fd9"), 
    "user_id_1" : "107247438", 
    "user_id_2" : "294957355", 
    "relationship" : false
}
{ 
    "_id" : ObjectId("5ac8c726cc9d409b25655fda"), 
    "user_id_1" : "107247438", 
    "user_id_2" : "2571689655", 
    "relationship" : false
}
{ 
    "_id" : ObjectId("5ac8c727cc9d409b25655fdb"), 
    "user_id_1" : "107247438", 
    "user_id_2" : "28674574", 
    "relationship" : false
}
{ 
    "_id" : ObjectId("5ac8c727cc9d409b25655fdc"), 
    "user_id_1" : "3170119639", 
    "user_id_2" : "294957355", 
    "relationship" : false
}
{ 
    "_id" : ObjectId("5ac8c728cc9d409b25655fdd"), 
    "user_id_1" : "3170119639", 
    "user_id_2" : "2571689655", 
    "relationship" : false
}
{ 
    "_id" : ObjectId("5ac8c728cc9d409b25655fde"), 
    "user_id_1" : "3170119639", 
    "user_id_2" : "28674574", 
    "relationship" : false
}
{ 
    "_id" : ObjectId("5ac8c728cc9d409b25655fdf"), 
    "user_id_1" : "566434019", 
    "user_id_2" : "294957355", 
    "relationship" : false
}
{ 
    "_id" : ObjectId("5ac8c729cc9d409b25655fe0"), 
    "user_id_1" : "566434019", 
    "user_id_2" : "2571689655", 
    "relationship" : false
}
{ 
    "_id" : ObjectId("5ac8c729cc9d409b25655fe1"), 
    "user_id_1" : "566434019", 
    "user_id_2" : "28674574", 
    "relationship" : false
}
{ 
    "_id" : ObjectId("5ac8c72acc9d409b25655fe2"), 
    "user_id_1" : "2318369313", 
    "user_id_2" : "294957355", 
    "relationship" : false
}
{ 
    "_id" : ObjectId("5ac8c72acc9d409b25655fe3"), 
    "user_id_1" : "2318369313", 
    "user_id_2" : "2571689655", 
    "relationship" : false
}
{ 
    "_id" : ObjectId("5ac8c72acc9d409b25655fe4"), 
    "user_id_1" : "2318369313", 
    "user_id_2" : "28674574", 
    "relationship" : false
}
{ 
    "_id" : ObjectId("5ac8c72bcc9d409b25655fe5"), 
    "user_id_1" : "703938761", 
    "user_id_2" : "294957355", 
    "relationship" : false
}
{ 
    "_id" : ObjectId("5ac8c72bcc9d409b25655fe6"), 
    "user_id_1" : "703938761", 
    "user_id_2" : "2571689655", 
    "relationship" : false
}
{ 
    "_id" : ObjectId("5ac8c72bcc9d409b25655fe7"), 
    "user_id_1" : "703938761", 
    "user_id_2" : "28674574", 
    "relationship" : false
}
{ 
    "_id" : ObjectId("5ac8c72ccc9d409b25655fe8"), 
    "user_id_1" : "1126630598", 
    "user_id_2" : "294957355", 
    "relationship" : false
}
{ 
    "_id" : ObjectId("5ac8c72ccc9d409b25655fe9"), 
    "user_id_1" : "1126630598", 
    "user_id_2" : "2571689655", 
    "relationship" : false
}
{ 
    "_id" : ObjectId("5ac8c72dcc9d409b25655fea"), 
    "user_id_1" : "1126630598", 
    "user_id_2" : "28674574", 
    "relationship" : false
}
{ 
    "_id" : ObjectId("5ac8c72dcc9d409b25655feb"), 
    "user_id_1" : "824351003583639552", 
    "user_id_2" : "294957355", 
    "relationship" : false
}
{ 
    "_id" : ObjectId("5ac8c72dcc9d409b25655fec"), 
    "user_id_1" : "824351003583639552", 
    "user_id_2" : "2571689655", 
    "relationship" : false
}
{ 
    "_id" : ObjectId("5ac8c72ecc9d409b25655fed"), 
    "user_id_1" : "824351003583639552", 
    "user_id_2" : "28674574", 
    "relationship" : false
}
{ 
    "_id" : ObjectId("5ac8c72ecc9d409b25655fee"), 
    "user_id_1" : "603726223", 
    "user_id_2" : "294957355", 
    "relationship" : false
}
{ 
    "_id" : ObjectId("5ac8c72ecc9d409b25655fef"), 
    "user_id_1" : "603726223", 
    "user_id_2" : "2571689655", 
    "relationship" : false
}
{ 
    "_id" : ObjectId("5ac8c72fcc9d409b25655ff0"), 
    "user_id_1" : "603726223", 
    "user_id_2" : "28674574", 
    "relationship" : false
}
{ 
    "_id" : ObjectId("5ac8c72fcc9d409b25655ff1"), 
    "user_id_1" : "892428638725033984", 
    "user_id_2" : "294957355", 
    "relationship" : false
}
{ 
    "_id" : ObjectId("5ac8c730cc9d409b25655ff2"), 
    "user_id_1" : "892428638725033984", 
    "user_id_2" : "2571689655", 
    "relationship" : false
}
{ 
    "_id" : ObjectId("5ac8c730cc9d409b25655ff3"), 
    "user_id_1" : "892428638725033984", 
    "user_id_2" : "28674574", 
    "relationship" : false
}
{ 
    "_id" : ObjectId("5ac8c730cc9d409b25655ff4"), 
    "user_id_1" : "2615452411", 
    "user_id_2" : "294957355", 
    "relationship" : false
}
{ 
    "_id" : ObjectId("5ac8c731cc9d409b25655ff5"), 
    "user_id_1" : "2615452411", 
    "user_id_2" : "2571689655", 
    "relationship" : false
}
{ 
    "_id" : ObjectId("5ac8c731cc9d409b25655ff6"), 
    "user_id_1" : "2615452411", 
    "user_id_2" : "28674574", 
    "relationship" : false
}
{ 
    "_id" : ObjectId("5ac8c732cc9d409b25655ff7"), 
    "user_id_1" : "4342221797", 
    "user_id_2" : "294957355", 
    "relationship" : false
}
{ 
    "_id" : ObjectId("5ac8c732cc9d409b25655ff8"), 
    "user_id_1" : "4342221797", 
    "user_id_2" : "2571689655", 
    "relationship" : false
}
{ 
    "_id" : ObjectId("5ac8c732cc9d409b25655ff9"), 
    "user_id_1" : "4342221797", 
    "user_id_2" : "28674574", 
    "relationship" : false
}
{ 
    "_id" : ObjectId("5ac8c733cc9d409b25655ffa"), 
    "user_id_1" : "957784108985454597", 
    "user_id_2" : "294957355", 
    "relationship" : false
}
{ 
    "_id" : ObjectId("5ac8c733cc9d409b25655ffb"), 
    "user_id_1" : "957784108985454597", 
    "user_id_2" : "2571689655", 
    "relationship" : false
}
{ 
    "_id" : ObjectId("5ac8c734cc9d409b25655ffc"), 
    "user_id_1" : "957784108985454597", 
    "user_id_2" : "28674574", 
    "relationship" : false
}
{ 
    "_id" : ObjectId("5ac8c735cc9d409b25655ffd"), 
    "user_id_1" : "422849659", 
    "user_id_2" : "294957355", 
    "relationship" : false
}
{ 
    "_id" : ObjectId("5ac8c735cc9d409b25655ffe"), 
    "user_id_1" : "422849659", 
    "user_id_2" : "2571689655", 
    "relationship" : false
}
{ 
    "_id" : ObjectId("5ac8c736cc9d409b25655fff"), 
    "user_id_1" : "422849659", 
    "user_id_2" : "28674574", 
    "relationship" : false
}
{ 
    "_id" : ObjectId("5ac8c736cc9d409b25656000"), 
    "user_id_1" : "478861382", 
    "user_id_2" : "294957355", 
    "relationship" : false
}
{ 
    "_id" : ObjectId("5ac8c737cc9d409b25656001"), 
    "user_id_1" : "478861382", 
    "user_id_2" : "2571689655", 
    "relationship" : false
}
{ 
    "_id" : ObjectId("5ac8c737cc9d409b25656002"), 
    "user_id_1" : "478861382", 
    "user_id_2" : "28674574", 
    "relationship" : false
}
{ 
    "_id" : ObjectId("5ac8c737cc9d409b25656003"), 
    "user_id_1" : "2548132759", 
    "user_id_2" : "294957355", 
    "relationship" : false
}
{ 
    "_id" : ObjectId("5ac8c738cc9d409b25656004"), 
    "user_id_1" : "2548132759", 
    "user_id_2" : "2571689655", 
    "relationship" : false
}
{ 
    "_id" : ObjectId("5ac8c738cc9d409b25656005"), 
    "user_id_1" : "2548132759", 
    "user_id_2" : "28674574", 
    "relationship" : false
}
{ 
    "_id" : ObjectId("5ac8c738cc9d409b25656006"), 
    "user_id_1" : "1199099960", 
    "user_id_2" : "294957355", 
    "relationship" : false
}
{ 
    "_id" : ObjectId("5ac8c739cc9d409b25656007"), 
    "user_id_1" : "1199099960", 
    "user_id_2" : "2571689655", 
    "relationship" : false
}
{ 
    "_id" : ObjectId("5ac8c739cc9d409b25656008"), 
    "user_id_1" : "1199099960", 
    "user_id_2" : "28674574", 
    "relationship" : false
}
{ 
    "_id" : ObjectId("5ac8c73acc9d409b25656009"), 
    "user_id_1" : "2444605545", 
    "user_id_2" : "294957355", 
    "relationship" : false
}
{ 
    "_id" : ObjectId("5ac8c73acc9d409b2565600a"), 
    "user_id_1" : "2444605545", 
    "user_id_2" : "2571689655", 
    "relationship" : false
}
{ 
    "_id" : ObjectId("5ac8c73acc9d409b2565600b"), 
    "user_id_1" : "2444605545", 
    "user_id_2" : "28674574", 
    "relationship" : false
}
{ 
    "_id" : ObjectId("5ac8c73bcc9d409b2565600c"), 
    "user_id_1" : "616800339", 
    "user_id_2" : "294957355", 
    "relationship" : false
}
{ 
    "_id" : ObjectId("5ac8c73bcc9d409b2565600d"), 
    "user_id_1" : "616800339", 
    "user_id_2" : "2571689655", 
    "relationship" : false
}
{ 
    "_id" : ObjectId("5ac8c73ccc9d409b2565600e"), 
    "user_id_1" : "616800339", 
    "user_id_2" : "28674574", 
    "relationship" : false
}
{ 
    "_id" : ObjectId("5ac8c73ccc9d409b2565600f"), 
    "user_id_1" : "968437791557238784", 
    "user_id_2" : "294957355", 
    "relationship" : false
}
{ 
    "_id" : ObjectId("5ac8c73ccc9d409b25656010"), 
    "user_id_1" : "968437791557238784", 
    "user_id_2" : "2571689655", 
    "relationship" : false
}
{ 
    "_id" : ObjectId("5ac8c73dcc9d409b25656011"), 
    "user_id_1" : "968437791557238784", 
    "user_id_2" : "28674574", 
    "relationship" : false
}
{ 
    "_id" : ObjectId("5ac8c73dcc9d409b25656012"), 
    "user_id_1" : "219493735", 
    "user_id_2" : "294957355", 
    "relationship" : false
}
{ 
    "_id" : ObjectId("5ac8c73ecc9d409b25656013"), 
    "user_id_1" : "219493735", 
    "user_id_2" : "2571689655", 
    "relationship" : false
}
{ 
    "_id" : ObjectId("5ac8c73ecc9d409b25656014"), 
    "user_id_1" : "219493735", 
    "user_id_2" : "28674574", 
    "relationship" : false
}
{ 
    "_id" : ObjectId("5ac8c73ecc9d409b25656015"), 
    "user_id_1" : "1292274506", 
    "user_id_2" : "294957355", 
    "relationship" : false
}
{ 
    "_id" : ObjectId("5ac8c73fcc9d409b25656016"), 
    "user_id_1" : "1292274506", 
    "user_id_2" : "2571689655", 
    "relationship" : false
}
{ 
    "_id" : ObjectId("5ac8c73fcc9d409b25656017"), 
    "user_id_1" : "1292274506", 
    "user_id_2" : "28674574", 
    "relationship" : false
}
{ 
    "_id" : ObjectId("5ac8ca80cc9d409b25656018"), 
    "user_id_1" : "1059268982", 
    "user_id_2" : "294957355", 
    "relationship" : false
}
{ 
    "_id" : ObjectId("5ac8ca81cc9d409b25656019"), 
    "user_id_1" : "1059268982", 
    "user_id_2" : "2571689655", 
    "relationship" : false
}
{ 
    "_id" : ObjectId("5ac8ca81cc9d409b2565601a"), 
    "user_id_1" : "1059268982", 
    "user_id_2" : "28674574", 
    "relationship" : false
}
{ 
    "_id" : ObjectId("5ac8ca82cc9d409b2565601b"), 
    "user_id_1" : "1005151562", 
    "user_id_2" : "294957355", 
    "relationship" : false
}
{ 
    "_id" : ObjectId("5ac8ca83cc9d409b2565601c"), 
    "user_id_1" : "1005151562", 
    "user_id_2" : "2571689655", 
    "relationship" : false
}
{ 
    "_id" : ObjectId("5ac8ca84cc9d409b2565601d"), 
    "user_id_1" : "1005151562", 
    "user_id_2" : "28674574", 
    "relationship" : false
}
{ 
    "_id" : ObjectId("5ac8ca85cc9d409b2565601e"), 
    "user_id_1" : "171634990", 
    "user_id_2" : "294957355", 
    "relationship" : false
}
{ 
    "_id" : ObjectId("5ac8ca86cc9d409b2565601f"), 
    "user_id_1" : "171634990", 
    "user_id_2" : "2571689655", 
    "relationship" : false
}
{ 
    "_id" : ObjectId("5ac8ca87cc9d409b25656020"), 
    "user_id_1" : "171634990", 
    "user_id_2" : "28674574", 
    "relationship" : false
}
{ 
    "_id" : ObjectId("5ac8ca87cc9d409b25656021"), 
    "user_id_1" : "912130794981904389", 
    "user_id_2" : "294957355", 
    "relationship" : false
}
{ 
    "_id" : ObjectId("5ac8ca88cc9d409b25656022"), 
    "user_id_1" : "912130794981904389", 
    "user_id_2" : "2571689655", 
    "relationship" : false
}
{ 
    "_id" : ObjectId("5ac8ca89cc9d409b25656023"), 
    "user_id_1" : "912130794981904389", 
    "user_id_2" : "28674574", 
    "relationship" : false
}
{ 
    "_id" : ObjectId("5ac8ca8acc9d409b25656024"), 
    "user_id_1" : "4459842733", 
    "user_id_2" : "294957355", 
    "relationship" : false
}
{ 
    "_id" : ObjectId("5ac8ca8bcc9d409b25656025"), 
    "user_id_1" : "4459842733", 
    "user_id_2" : "2571689655", 
    "relationship" : false
}
{ 
    "_id" : ObjectId("5ac8ca8ccc9d409b25656026"), 
    "user_id_1" : "4459842733", 
    "user_id_2" : "28674574", 
    "relationship" : false
}
{ 
    "_id" : ObjectId("5ac8ca8ccc9d409b25656027"), 
    "user_id_1" : "383847388", 
    "user_id_2" : "294957355", 
    "relationship" : false
}
{ 
    "_id" : ObjectId("5ac8ca8dcc9d409b25656028"), 
    "user_id_1" : "383847388", 
    "user_id_2" : "2571689655", 
    "relationship" : false
}
{ 
    "_id" : ObjectId("5ac8ca8dcc9d409b25656029"), 
    "user_id_1" : "383847388", 
    "user_id_2" : "28674574", 
    "relationship" : false
}
{ 
    "_id" : ObjectId("5ac8ca8ecc9d409b2565602a"), 
    "user_id_1" : "954895630119329792", 
    "user_id_2" : "294957355", 
    "relationship" : false
}
{ 
    "_id" : ObjectId("5ac8ca8ecc9d409b2565602b"), 
    "user_id_1" : "954895630119329792", 
    "user_id_2" : "2571689655", 
    "relationship" : false
}
{ 
    "_id" : ObjectId("5ac8ca8ecc9d409b2565602c"), 
    "user_id_1" : "954895630119329792", 
    "user_id_2" : "28674574", 
    "relationship" : false
}
{ 
    "_id" : ObjectId("5ac8ca8fcc9d409b2565602d"), 
    "user_id_1" : "1226160774", 
    "user_id_2" : "294957355", 
    "relationship" : false
}
{ 
    "_id" : ObjectId("5ac8ca8fcc9d409b2565602e"), 
    "user_id_1" : "1226160774", 
    "user_id_2" : "2571689655", 
    "relationship" : false
}
{ 
    "_id" : ObjectId("5ac8ca90cc9d409b2565602f"), 
    "user_id_1" : "1226160774", 
    "user_id_2" : "28674574", 
    "relationship" : false
}
{ 
    "_id" : ObjectId("5ac8ca90cc9d409b25656030"), 
    "user_id_1" : "79857828", 
    "user_id_2" : "294957355", 
    "relationship" : false
}
{ 
    "_id" : ObjectId("5ac8ca90cc9d409b25656031"), 
    "user_id_1" : "79857828", 
    "user_id_2" : "2571689655", 
    "relationship" : false
}
{ 
    "_id" : ObjectId("5ac8ca91cc9d409b25656032"), 
    "user_id_1" : "79857828", 
    "user_id_2" : "28674574", 
    "relationship" : false
}
{ 
    "_id" : ObjectId("5ac8ca91cc9d409b25656033"), 
    "user_id_1" : "153963930", 
    "user_id_2" : "294957355", 
    "relationship" : false
}
{ 
    "_id" : ObjectId("5ac8ca92cc9d409b25656034"), 
    "user_id_1" : "153963930", 
    "user_id_2" : "2571689655", 
    "relationship" : false
}
{ 
    "_id" : ObjectId("5ac8ca92cc9d409b25656035"), 
    "user_id_1" : "153963930", 
    "user_id_2" : "28674574", 
    "relationship" : false
}
{ 
    "_id" : ObjectId("5ac8ca93cc9d409b25656036"), 
    "user_id_1" : "1035948067", 
    "user_id_2" : "294957355", 
    "relationship" : false
}
{ 
    "_id" : ObjectId("5ac8ca93cc9d409b25656037"), 
    "user_id_1" : "1035948067", 
    "user_id_2" : "2571689655", 
    "relationship" : false
}
{ 
    "_id" : ObjectId("5ac8ca93cc9d409b25656038"), 
    "user_id_1" : "1035948067", 
    "user_id_2" : "28674574", 
    "relationship" : false
}
{ 
    "_id" : ObjectId("5ac8ca94cc9d409b25656039"), 
    "user_id_1" : "731610616377552897", 
    "user_id_2" : "294957355", 
    "relationship" : false
}
{ 
    "_id" : ObjectId("5ac8ca94cc9d409b2565603a"), 
    "user_id_1" : "731610616377552897", 
    "user_id_2" : "2571689655", 
    "relationship" : false
}
{ 
    "_id" : ObjectId("5ac8ca95cc9d409b2565603b"), 
    "user_id_1" : "731610616377552897", 
    "user_id_2" : "28674574", 
    "relationship" : false
}
{ 
    "_id" : ObjectId("5ac8ca95cc9d409b2565603c"), 
    "user_id_1" : "872677874959958017", 
    "user_id_2" : "294957355", 
    "relationship" : false
}
{ 
    "_id" : ObjectId("5ac8ca96cc9d409b2565603d"), 
    "user_id_1" : "872677874959958017", 
    "user_id_2" : "2571689655", 
    "relationship" : false
}
{ 
    "_id" : ObjectId("5ac8ca96cc9d409b2565603e"), 
    "user_id_1" : "872677874959958017", 
    "user_id_2" : "28674574", 
    "relationship" : false
}
{ 
    "_id" : ObjectId("5ac8ca96cc9d409b2565603f"), 
    "user_id_1" : "720662704218849281", 
    "user_id_2" : "294957355", 
    "relationship" : false
}
{ 
    "_id" : ObjectId("5ac8ca97cc9d409b25656040"), 
    "user_id_1" : "720662704218849281", 
    "user_id_2" : "2571689655", 
    "relationship" : false
}
{ 
    "_id" : ObjectId("5ac8ca97cc9d409b25656041"), 
    "user_id_1" : "720662704218849281", 
    "user_id_2" : "28674574", 
    "relationship" : false
}
{ 
    "_id" : ObjectId("5ac8ca98cc9d409b25656042"), 
    "user_id_1" : "66574638", 
    "user_id_2" : "294957355", 
    "relationship" : false
}
{ 
    "_id" : ObjectId("5ac8ca98cc9d409b25656043"), 
    "user_id_1" : "66574638", 
    "user_id_2" : "2571689655", 
    "relationship" : false
}
{ 
    "_id" : ObjectId("5ac8ca98cc9d409b25656044"), 
    "user_id_1" : "66574638", 
    "user_id_2" : "28674574", 
    "relationship" : false
}
{ 
    "_id" : ObjectId("5ac8ca99cc9d409b25656045"), 
    "user_id_1" : "1120684848", 
    "user_id_2" : "294957355", 
    "relationship" : false
}
{ 
    "_id" : ObjectId("5ac8ca99cc9d409b25656046"), 
    "user_id_1" : "1120684848", 
    "user_id_2" : "2571689655", 
    "relationship" : false
}
{ 
    "_id" : ObjectId("5ac8ca9acc9d409b25656047"), 
    "user_id_1" : "1120684848", 
    "user_id_2" : "28674574", 
    "relationship" : false
}
{ 
    "_id" : ObjectId("5ac8ca9acc9d409b25656048"), 
    "user_id_1" : "931698303892361217", 
    "user_id_2" : "294957355", 
    "relationship" : false
}
{ 
    "_id" : ObjectId("5ac8ca9bcc9d409b25656049"), 
    "user_id_1" : "931698303892361217", 
    "user_id_2" : "2571689655", 
    "relationship" : false
}
{ 
    "_id" : ObjectId("5ac8ca9bcc9d409b2565604a"), 
    "user_id_1" : "931698303892361217", 
    "user_id_2" : "28674574", 
    "relationship" : false
}
{ 
    "_id" : ObjectId("5ac8ca9ccc9d409b2565604b"), 
    "user_id_1" : "1240679978", 
    "user_id_2" : "294957355", 
    "relationship" : false
}
{ 
    "_id" : ObjectId("5ac8ca9ccc9d409b2565604c"), 
    "user_id_1" : "1240679978", 
    "user_id_2" : "2571689655", 
    "relationship" : false
}
{ 
    "_id" : ObjectId("5ac8ca9ccc9d409b2565604d"), 
    "user_id_1" : "1240679978", 
    "user_id_2" : "28674574", 
    "relationship" : false
}
{ 
    "_id" : ObjectId("5ac8ca9dcc9d409b2565604e"), 
    "user_id_1" : "2213558729", 
    "user_id_2" : "294957355", 
    "relationship" : false
}
{ 
    "_id" : ObjectId("5ac8ca9dcc9d409b2565604f"), 
    "user_id_1" : "2213558729", 
    "user_id_2" : "2571689655", 
    "relationship" : false
}
{ 
    "_id" : ObjectId("5ac8ca9ecc9d409b25656050"), 
    "user_id_1" : "2213558729", 
    "user_id_2" : "28674574", 
    "relationship" : false
}
{ 
    "_id" : ObjectId("5ac8ca9fcc9d409b25656051"), 
    "user_id_1" : "811376101326868482", 
    "user_id_2" : "294957355", 
    "relationship" : false
}
{ 
    "_id" : ObjectId("5ac8caa0cc9d409b25656052"), 
    "user_id_1" : "811376101326868482", 
    "user_id_2" : "2571689655", 
    "relationship" : false
}
{ 
    "_id" : ObjectId("5ac8caa0cc9d409b25656053"), 
    "user_id_1" : "811376101326868482", 
    "user_id_2" : "28674574", 
    "relationship" : false
}
{ 
    "_id" : ObjectId("5ac8caa1cc9d409b25656054"), 
    "user_id_1" : "882252727539183619", 
    "user_id_2" : "294957355", 
    "relationship" : false
}
{ 
    "_id" : ObjectId("5ac8caa2cc9d409b25656055"), 
    "user_id_1" : "882252727539183619", 
    "user_id_2" : "2571689655", 
    "relationship" : false
}
{ 
    "_id" : ObjectId("5ac8caa3cc9d409b25656056"), 
    "user_id_1" : "882252727539183619", 
    "user_id_2" : "28674574", 
    "relationship" : false
}
{ 
    "_id" : ObjectId("5ac8caa3cc9d409b25656057"), 
    "user_id_1" : "280557384", 
    "user_id_2" : "294957355", 
    "relationship" : false
}
{ 
    "_id" : ObjectId("5ac8caa4cc9d409b25656058"), 
    "user_id_1" : "280557384", 
    "user_id_2" : "2571689655", 
    "relationship" : false
}
{ 
    "_id" : ObjectId("5ac8caa4cc9d409b25656059"), 
    "user_id_1" : "280557384", 
    "user_id_2" : "28674574", 
    "relationship" : false
}
{ 
    "_id" : ObjectId("5ac8caa4cc9d409b2565605a"), 
    "user_id_1" : "367313592", 
    "user_id_2" : "294957355", 
    "relationship" : false
}
{ 
    "_id" : ObjectId("5ac8caa5cc9d409b2565605b"), 
    "user_id_1" : "367313592", 
    "user_id_2" : "2571689655", 
    "relationship" : false
}
{ 
    "_id" : ObjectId("5ac8caa5cc9d409b2565605c"), 
    "user_id_1" : "367313592", 
    "user_id_2" : "28674574", 
    "relationship" : false
}
{ 
    "_id" : ObjectId("5ac8caa6cc9d409b2565605d"), 
    "user_id_1" : "2392197547", 
    "user_id_2" : "294957355", 
    "relationship" : false
}
{ 
    "_id" : ObjectId("5ac8caa7cc9d409b2565605e"), 
    "user_id_1" : "2392197547", 
    "user_id_2" : "2571689655", 
    "relationship" : false
}
{ 
    "_id" : ObjectId("5ac8caa7cc9d409b2565605f"), 
    "user_id_1" : "2392197547", 
    "user_id_2" : "28674574", 
    "relationship" : false
}
{ 
    "_id" : ObjectId("5ac8caa8cc9d409b25656060"), 
    "user_id_1" : "319195010", 
    "user_id_2" : "294957355", 
    "relationship" : false
}
{ 
    "_id" : ObjectId("5ac8caa8cc9d409b25656061"), 
    "user_id_1" : "319195010", 
    "user_id_2" : "2571689655", 
    "relationship" : false
}
{ 
    "_id" : ObjectId("5ac8caa9cc9d409b25656062"), 
    "user_id_1" : "319195010", 
    "user_id_2" : "28674574", 
    "relationship" : false
}
{ 
    "_id" : ObjectId("5ac8caa9cc9d409b25656063"), 
    "user_id_1" : "494500353", 
    "user_id_2" : "294957355", 
    "relationship" : false
}
{ 
    "_id" : ObjectId("5ac8caaacc9d409b25656064"), 
    "user_id_1" : "494500353", 
    "user_id_2" : "2571689655", 
    "relationship" : false
}
{ 
    "_id" : ObjectId("5ac8caaacc9d409b25656065"), 
    "user_id_1" : "494500353", 
    "user_id_2" : "28674574", 
    "relationship" : false
}
{ 
    "_id" : ObjectId("5ac8caabcc9d409b25656066"), 
    "user_id_1" : "429377307", 
    "user_id_2" : "294957355", 
    "relationship" : false
}
{ 
    "_id" : ObjectId("5ac8caabcc9d409b25656067"), 
    "user_id_1" : "429377307", 
    "user_id_2" : "2571689655", 
    "relationship" : false
}
{ 
    "_id" : ObjectId("5ac8caabcc9d409b25656068"), 
    "user_id_1" : "429377307", 
    "user_id_2" : "28674574", 
    "relationship" : false
}
{ 
    "_id" : ObjectId("5ac8caaccc9d409b25656069"), 
    "user_id_1" : "3361006876", 
    "user_id_2" : "294957355", 
    "relationship" : false
}
{ 
    "_id" : ObjectId("5ac8caaccc9d409b2565606a"), 
    "user_id_1" : "3361006876", 
    "user_id_2" : "2571689655", 
    "relationship" : false
}
{ 
    "_id" : ObjectId("5ac8caaccc9d409b2565606b"), 
    "user_id_1" : "3361006876", 
    "user_id_2" : "28674574", 
    "relationship" : false
}
{ 
    "_id" : ObjectId("5ac8caadcc9d409b2565606c"), 
    "user_id_1" : "1964466348", 
    "user_id_2" : "294957355", 
    "relationship" : false
}
{ 
    "_id" : ObjectId("5ac8caadcc9d409b2565606d"), 
    "user_id_1" : "1964466348", 
    "user_id_2" : "2571689655", 
    "relationship" : false
}
{ 
    "_id" : ObjectId("5ac8caaecc9d409b2565606e"), 
    "user_id_1" : "1964466348", 
    "user_id_2" : "28674574", 
    "relationship" : false
}
{ 
    "_id" : ObjectId("5ac8caaecc9d409b2565606f"), 
    "user_id_1" : "776139174", 
    "user_id_2" : "294957355", 
    "relationship" : false
}
{ 
    "_id" : ObjectId("5ac8caafcc9d409b25656070"), 
    "user_id_1" : "776139174", 
    "user_id_2" : "2571689655", 
    "relationship" : false
}
{ 
    "_id" : ObjectId("5ac8caafcc9d409b25656071"), 
    "user_id_1" : "776139174", 
    "user_id_2" : "28674574", 
    "relationship" : false
}
{ 
    "_id" : ObjectId("5ac8caafcc9d409b25656072"), 
    "user_id_1" : "4885169307", 
    "user_id_2" : "294957355", 
    "relationship" : false
}
{ 
    "_id" : ObjectId("5ac8cab0cc9d409b25656073"), 
    "user_id_1" : "4885169307", 
    "user_id_2" : "2571689655", 
    "relationship" : false
}
{ 
    "_id" : ObjectId("5ac8cab0cc9d409b25656074"), 
    "user_id_1" : "4885169307", 
    "user_id_2" : "28674574", 
    "relationship" : false
}
{ 
    "_id" : ObjectId("5ac8cab1cc9d409b25656075"), 
    "user_id_1" : "3482569715", 
    "user_id_2" : "294957355", 
    "relationship" : false
}
{ 
    "_id" : ObjectId("5ac8cab1cc9d409b25656076"), 
    "user_id_1" : "3482569715", 
    "user_id_2" : "2571689655", 
    "relationship" : false
}
{ 
    "_id" : ObjectId("5ac8cab2cc9d409b25656077"), 
    "user_id_1" : "3482569715", 
    "user_id_2" : "28674574", 
    "relationship" : false
}
{ 
    "_id" : ObjectId("5ac8cab2cc9d409b25656078"), 
    "user_id_1" : "214570424", 
    "user_id_2" : "294957355", 
    "relationship" : false
}
{ 
    "_id" : ObjectId("5ac8cab3cc9d409b25656079"), 
    "user_id_1" : "214570424", 
    "user_id_2" : "2571689655", 
    "relationship" : false
}
{ 
    "_id" : ObjectId("5ac8cab3cc9d409b2565607a"), 
    "user_id_1" : "214570424", 
    "user_id_2" : "28674574", 
    "relationship" : false
}
{ 
    "_id" : ObjectId("5ac8cab3cc9d409b2565607b"), 
    "user_id_1" : "2806222324", 
    "user_id_2" : "294957355", 
    "relationship" : false
}
{ 
    "_id" : ObjectId("5ac8cab4cc9d409b2565607c"), 
    "user_id_1" : "2806222324", 
    "user_id_2" : "2571689655", 
    "relationship" : false
}
{ 
    "_id" : ObjectId("5ac8cab5cc9d409b2565607d"), 
    "user_id_1" : "2806222324", 
    "user_id_2" : "28674574", 
    "relationship" : false
}
{ 
    "_id" : ObjectId("5ac8cab5cc9d409b2565607e"), 
    "user_id_1" : "2206818147", 
    "user_id_2" : "294957355", 
    "relationship" : false
}
{ 
    "_id" : ObjectId("5ac8cab5cc9d409b2565607f"), 
    "user_id_1" : "2206818147", 
    "user_id_2" : "2571689655", 
    "relationship" : false
}
{ 
    "_id" : ObjectId("5ac8cab6cc9d409b25656080"), 
    "user_id_1" : "2206818147", 
    "user_id_2" : "28674574", 
    "relationship" : false
}
{ 
    "_id" : ObjectId("5ac8cab7cc9d409b25656081"), 
    "user_id_1" : "114849453", 
    "user_id_2" : "294957355", 
    "relationship" : false
}
{ 
    "_id" : ObjectId("5ac8cab8cc9d409b25656082"), 
    "user_id_1" : "114849453", 
    "user_id_2" : "2571689655", 
    "relationship" : false
}
{ 
    "_id" : ObjectId("5ac8cab8cc9d409b25656083"), 
    "user_id_1" : "114849453", 
    "user_id_2" : "28674574", 
    "relationship" : false
}
{ 
    "_id" : ObjectId("5ac8cab8cc9d409b25656084"), 
    "user_id_1" : "486287847", 
    "user_id_2" : "294957355", 
    "relationship" : false
}
{ 
    "_id" : ObjectId("5ac8cab9cc9d409b25656085"), 
    "user_id_1" : "486287847", 
    "user_id_2" : "2571689655", 
    "relationship" : false
}
{ 
    "_id" : ObjectId("5ac8cab9cc9d409b25656086"), 
    "user_id_1" : "486287847", 
    "user_id_2" : "28674574", 
    "relationship" : true
}
{ 
    "_id" : ObjectId("5ac8cabacc9d409b25656087"), 
    "user_id_1" : "3060717421", 
    "user_id_2" : "294957355", 
    "relationship" : false
}
{ 
    "_id" : ObjectId("5ac8cabacc9d409b25656088"), 
    "user_id_1" : "3060717421", 
    "user_id_2" : "2571689655", 
    "relationship" : false
}
{ 
    "_id" : ObjectId("5ac8cabbcc9d409b25656089"), 
    "user_id_1" : "3060717421", 
    "user_id_2" : "28674574", 
    "relationship" : false
}
{ 
    "_id" : ObjectId("5ac8cabbcc9d409b2565608a"), 
    "user_id_1" : "607265327", 
    "user_id_2" : "294957355", 
    "relationship" : false
}
{ 
    "_id" : ObjectId("5ac8cabccc9d409b2565608b"), 
    "user_id_1" : "607265327", 
    "user_id_2" : "2571689655", 
    "relationship" : false
}
{ 
    "_id" : ObjectId("5ac8cabccc9d409b2565608c"), 
    "user_id_1" : "607265327", 
    "user_id_2" : "28674574", 
    "relationship" : false
}
{ 
    "_id" : ObjectId("5ac8cabccc9d409b2565608d"), 
    "user_id_1" : "1096864976", 
    "user_id_2" : "294957355", 
    "relationship" : false
}
{ 
    "_id" : ObjectId("5ac8cabdcc9d409b2565608e"), 
    "user_id_1" : "1096864976", 
    "user_id_2" : "2571689655", 
    "relationship" : false
}
{ 
    "_id" : ObjectId("5ac8cabdcc9d409b2565608f"), 
    "user_id_1" : "1096864976", 
    "user_id_2" : "28674574", 
    "relationship" : false
}
{ 
    "_id" : ObjectId("5ac8cabecc9d409b25656090"), 
    "user_id_1" : "2900106065", 
    "user_id_2" : "294957355", 
    "relationship" : false
}
{ 
    "_id" : ObjectId("5ac8cabfcc9d409b25656091"), 
    "user_id_1" : "2900106065", 
    "user_id_2" : "2571689655", 
    "relationship" : false
}
{ 
    "_id" : ObjectId("5ac8cabfcc9d409b25656092"), 
    "user_id_1" : "2900106065", 
    "user_id_2" : "28674574", 
    "relationship" : false
}
{ 
    "_id" : ObjectId("5ac8cabfcc9d409b25656093"), 
    "user_id_1" : "17929531", 
    "user_id_2" : "294957355", 
    "relationship" : false
}
{ 
    "_id" : ObjectId("5ac8cac0cc9d409b25656094"), 
    "user_id_1" : "17929531", 
    "user_id_2" : "2571689655", 
    "relationship" : false
}
{ 
    "_id" : ObjectId("5ac8cac0cc9d409b25656095"), 
    "user_id_1" : "17929531", 
    "user_id_2" : "28674574", 
    "relationship" : false
}
{ 
    "_id" : ObjectId("5ac8cac1cc9d409b25656096"), 
    "user_id_1" : "388088841", 
    "user_id_2" : "294957355", 
    "relationship" : false
}
{ 
    "_id" : ObjectId("5ac8cac1cc9d409b25656097"), 
    "user_id_1" : "388088841", 
    "user_id_2" : "2571689655", 
    "relationship" : false
}
{ 
    "_id" : ObjectId("5ac8cac2cc9d409b25656098"), 
    "user_id_1" : "388088841", 
    "user_id_2" : "28674574", 
    "relationship" : false
}
{ 
    "_id" : ObjectId("5ac8cac2cc9d409b25656099"), 
    "user_id_1" : "428318495", 
    "user_id_2" : "294957355", 
    "relationship" : false
}
{ 
    "_id" : ObjectId("5ac8cac2cc9d409b2565609a"), 
    "user_id_1" : "428318495", 
    "user_id_2" : "2571689655", 
    "relationship" : false
}
{ 
    "_id" : ObjectId("5ac8cac3cc9d409b2565609b"), 
    "user_id_1" : "428318495", 
    "user_id_2" : "28674574", 
    "relationship" : false
}
{ 
    "_id" : ObjectId("5ac8cac3cc9d409b2565609c"), 
    "user_id_1" : "4801441332", 
    "user_id_2" : "294957355", 
    "relationship" : false
}
{ 
    "_id" : ObjectId("5ac8cac4cc9d409b2565609d"), 
    "user_id_1" : "4801441332", 
    "user_id_2" : "2571689655", 
    "relationship" : false
}
{ 
    "_id" : ObjectId("5ac8cac4cc9d409b2565609e"), 
    "user_id_1" : "4801441332", 
    "user_id_2" : "28674574", 
    "relationship" : false
}
{ 
    "_id" : ObjectId("5ac8cac5cc9d409b2565609f"), 
    "user_id_1" : "340713402", 
    "user_id_2" : "294957355", 
    "relationship" : false
}
{ 
    "_id" : ObjectId("5ac8cac5cc9d409b256560a0"), 
    "user_id_1" : "340713402", 
    "user_id_2" : "2571689655", 
    "relationship" : false
}
{ 
    "_id" : ObjectId("5ac8cac6cc9d409b256560a1"), 
    "user_id_1" : "340713402", 
    "user_id_2" : "28674574", 
    "relationship" : false
}
{ 
    "_id" : ObjectId("5ac8cac6cc9d409b256560a2"), 
    "user_id_1" : "428827868", 
    "user_id_2" : "294957355", 
    "relationship" : false
}
{ 
    "_id" : ObjectId("5ac8cac6cc9d409b256560a3"), 
    "user_id_1" : "428827868", 
    "user_id_2" : "2571689655", 
    "relationship" : false
}
{ 
    "_id" : ObjectId("5ac8cac7cc9d409b256560a4"), 
    "user_id_1" : "428827868", 
    "user_id_2" : "28674574", 
    "relationship" : false
}
{ 
    "_id" : ObjectId("5ac8cac7cc9d409b256560a5"), 
    "user_id_1" : "1405499876", 
    "user_id_2" : "294957355", 
    "relationship" : false
}
{ 
    "_id" : ObjectId("5ac8cac8cc9d409b256560a6"), 
    "user_id_1" : "1405499876", 
    "user_id_2" : "2571689655", 
    "relationship" : false
}
{ 
    "_id" : ObjectId("5ac8cac8cc9d409b256560a7"), 
    "user_id_1" : "1405499876", 
    "user_id_2" : "28674574", 
    "relationship" : false
}
{ 
    "_id" : ObjectId("5ac8cac9cc9d409b256560a8"), 
    "user_id_1" : "1000079498", 
    "user_id_2" : "294957355", 
    "relationship" : false
}
{ 
    "_id" : ObjectId("5ac8cac9cc9d409b256560a9"), 
    "user_id_1" : "1000079498", 
    "user_id_2" : "2571689655", 
    "relationship" : false
}
{ 
    "_id" : ObjectId("5ac8cac9cc9d409b256560aa"), 
    "user_id_1" : "1000079498", 
    "user_id_2" : "28674574", 
    "relationship" : false
}
{ 
    "_id" : ObjectId("5ac8cacacc9d409b256560ab"), 
    "user_id_1" : "487270340", 
    "user_id_2" : "294957355", 
    "relationship" : false
}
{ 
    "_id" : ObjectId("5ac8cacacc9d409b256560ac"), 
    "user_id_1" : "487270340", 
    "user_id_2" : "2571689655", 
    "relationship" : false
}
{ 
    "_id" : ObjectId("5ac8cacbcc9d409b256560ad"), 
    "user_id_1" : "487270340", 
    "user_id_2" : "28674574", 
    "relationship" : false
}
{ 
    "_id" : ObjectId("5ac8cacbcc9d409b256560ae"), 
    "user_id_1" : "3023438308", 
    "user_id_2" : "294957355", 
    "relationship" : false
}
{ 
    "_id" : ObjectId("5ac8cacccc9d409b256560af"), 
    "user_id_1" : "3023438308", 
    "user_id_2" : "2571689655", 
    "relationship" : false
}
{ 
    "_id" : ObjectId("5ac8cacccc9d409b256560b0"), 
    "user_id_1" : "3023438308", 
    "user_id_2" : "28674574", 
    "relationship" : false
}
{ 
    "_id" : ObjectId("5ac8cacccc9d409b256560b1"), 
    "user_id_1" : "169084417", 
    "user_id_2" : "294957355", 
    "relationship" : false
}
{ 
    "_id" : ObjectId("5ac8cacdcc9d409b256560b2"), 
    "user_id_1" : "169084417", 
    "user_id_2" : "2571689655", 
    "relationship" : false
}
{ 
    "_id" : ObjectId("5ac8cacdcc9d409b256560b3"), 
    "user_id_1" : "169084417", 
    "user_id_2" : "28674574", 
    "relationship" : false
}
{ 
    "_id" : ObjectId("5ac8cacecc9d409b256560b4"), 
    "user_id_1" : "274782841", 
    "user_id_2" : "294957355", 
    "relationship" : false
}
{ 
    "_id" : ObjectId("5ac8cacecc9d409b256560b5"), 
    "user_id_1" : "274782841", 
    "user_id_2" : "2571689655", 
    "relationship" : false
}
{ 
    "_id" : ObjectId("5ac8cacfcc9d409b256560b6"), 
    "user_id_1" : "274782841", 
    "user_id_2" : "28674574", 
    "relationship" : false
}
{ 
    "_id" : ObjectId("5ac8cacfcc9d409b256560b7"), 
    "user_id_1" : "847916105008111619", 
    "user_id_2" : "294957355", 
    "relationship" : false
}
{ 
    "_id" : ObjectId("5ac8cad0cc9d409b256560b8"), 
    "user_id_1" : "847916105008111619", 
    "user_id_2" : "2571689655", 
    "relationship" : false
}
{ 
    "_id" : ObjectId("5ac8cad0cc9d409b256560b9"), 
    "user_id_1" : "847916105008111619", 
    "user_id_2" : "28674574", 
    "relationship" : false
}
{ 
    "_id" : ObjectId("5ac8cad0cc9d409b256560ba"), 
    "user_id_1" : "2389018658", 
    "user_id_2" : "294957355", 
    "relationship" : false
}
{ 
    "_id" : ObjectId("5ac8cad1cc9d409b256560bb"), 
    "user_id_1" : "2389018658", 
    "user_id_2" : "2571689655", 
    "relationship" : false
}
{ 
    "_id" : ObjectId("5ac8cad1cc9d409b256560bc"), 
    "user_id_1" : "2389018658", 
    "user_id_2" : "28674574", 
    "relationship" : false
}
{ 
    "_id" : ObjectId("5ac8cad2cc9d409b256560bd"), 
    "user_id_1" : "3568025837", 
    "user_id_2" : "294957355", 
    "relationship" : false
}
{ 
    "_id" : ObjectId("5ac8cad2cc9d409b256560be"), 
    "user_id_1" : "3568025837", 
    "user_id_2" : "2571689655", 
    "relationship" : false
}
{ 
    "_id" : ObjectId("5ac8cad3cc9d409b256560bf"), 
    "user_id_1" : "3568025837", 
    "user_id_2" : "28674574", 
    "relationship" : false
}
{ 
    "_id" : ObjectId("5ac8cad3cc9d409b256560c0"), 
    "user_id_1" : "40240583", 
    "user_id_2" : "294957355", 
    "relationship" : false
}
{ 
    "_id" : ObjectId("5ac8cad3cc9d409b256560c1"), 
    "user_id_1" : "40240583", 
    "user_id_2" : "2571689655", 
    "relationship" : false
}
{ 
    "_id" : ObjectId("5ac8cad4cc9d409b256560c2"), 
    "user_id_1" : "40240583", 
    "user_id_2" : "28674574", 
    "relationship" : false
}
{ 
    "_id" : ObjectId("5ac8cad4cc9d409b256560c3"), 
    "user_id_1" : "2526533634", 
    "user_id_2" : "294957355", 
    "relationship" : false
}
{ 
    "_id" : ObjectId("5ac8cad5cc9d409b256560c4"), 
    "user_id_1" : "2526533634", 
    "user_id_2" : "2571689655", 
    "relationship" : false
}
{ 
    "_id" : ObjectId("5ac8cad5cc9d409b256560c5"), 
    "user_id_1" : "2526533634", 
    "user_id_2" : "28674574", 
    "relationship" : false
}
{ 
    "_id" : ObjectId("5ac8cad6cc9d409b256560c6"), 
    "user_id_1" : "60709888", 
    "user_id_2" : "294957355", 
    "relationship" : false
}
{ 
    "_id" : ObjectId("5ac8cad6cc9d409b256560c7"), 
    "user_id_1" : "60709888", 
    "user_id_2" : "2571689655", 
    "relationship" : false
}
{ 
    "_id" : ObjectId("5ac8cad7cc9d409b256560c8"), 
    "user_id_1" : "60709888", 
    "user_id_2" : "28674574", 
    "relationship" : false
}
{ 
    "_id" : ObjectId("5ac8cad7cc9d409b256560c9"), 
    "user_id_1" : "160212328", 
    "user_id_2" : "294957355", 
    "relationship" : false
}
{ 
    "_id" : ObjectId("5ac8cad7cc9d409b256560ca"), 
    "user_id_1" : "160212328", 
    "user_id_2" : "2571689655", 
    "relationship" : false
}
{ 
    "_id" : ObjectId("5ac8cad8cc9d409b256560cb"), 
    "user_id_1" : "160212328", 
    "user_id_2" : "28674574", 
    "relationship" : false
}
{ 
    "_id" : ObjectId("5ac8ce09cc9d409b256560cc"), 
    "user_id_1" : "2497606549", 
    "user_id_2" : "294957355", 
    "relationship" : false
}
{ 
    "_id" : ObjectId("5ac8ce0acc9d409b256560cd"), 
    "user_id_1" : "2497606549", 
    "user_id_2" : "2571689655", 
    "relationship" : false
}
{ 
    "_id" : ObjectId("5ac8ce0bcc9d409b256560ce"), 
    "user_id_1" : "2497606549", 
    "user_id_2" : "28674574", 
    "relationship" : false
}
{ 
    "_id" : ObjectId("5ac8ce0bcc9d409b256560cf"), 
    "user_id_1" : "125033423", 
    "user_id_2" : "294957355", 
    "relationship" : false
}
{ 
    "_id" : ObjectId("5ac8ce0ccc9d409b256560d0"), 
    "user_id_1" : "125033423", 
    "user_id_2" : "2571689655", 
    "relationship" : false
}
{ 
    "_id" : ObjectId("5ac8ce0ccc9d409b256560d1"), 
    "user_id_1" : "125033423", 
    "user_id_2" : "28674574", 
    "relationship" : false
}
{ 
    "_id" : ObjectId("5ac8ce0ccc9d409b256560d2"), 
    "user_id_1" : "2753445235", 
    "user_id_2" : "294957355", 
    "relationship" : false
}
{ 
    "_id" : ObjectId("5ac8ce0dcc9d409b256560d3"), 
    "user_id_1" : "2753445235", 
    "user_id_2" : "2571689655", 
    "relationship" : false
}
{ 
    "_id" : ObjectId("5ac8ce0dcc9d409b256560d4"), 
    "user_id_1" : "2753445235", 
    "user_id_2" : "28674574", 
    "relationship" : false
}
{ 
    "_id" : ObjectId("5ac8ce0ecc9d409b256560d5"), 
    "user_id_1" : "91485929", 
    "user_id_2" : "294957355", 
    "relationship" : false
}
{ 
    "_id" : ObjectId("5ac8ce0fcc9d409b256560d6"), 
    "user_id_1" : "91485929", 
    "user_id_2" : "2571689655", 
    "relationship" : false
}
{ 
    "_id" : ObjectId("5ac8ce0fcc9d409b256560d7"), 
    "user_id_1" : "91485929", 
    "user_id_2" : "28674574", 
    "relationship" : false
}
{ 
    "_id" : ObjectId("5ac8ce0fcc9d409b256560d8"), 
    "user_id_1" : "927110830969294849", 
    "user_id_2" : "294957355", 
    "relationship" : false
}
{ 
    "_id" : ObjectId("5ac8ce10cc9d409b256560d9"), 
    "user_id_1" : "927110830969294849", 
    "user_id_2" : "2571689655", 
    "relationship" : false
}
{ 
    "_id" : ObjectId("5ac8ce10cc9d409b256560da"), 
    "user_id_1" : "927110830969294849", 
    "user_id_2" : "28674574", 
    "relationship" : false
}
{ 
    "_id" : ObjectId("5ac8ce11cc9d409b256560db"), 
    "user_id_1" : "50842717", 
    "user_id_2" : "294957355", 
    "relationship" : false
}
{ 
    "_id" : ObjectId("5ac8ce11cc9d409b256560dc"), 
    "user_id_1" : "50842717", 
    "user_id_2" : "2571689655", 
    "relationship" : false
}
{ 
    "_id" : ObjectId("5ac8ce12cc9d409b256560dd"), 
    "user_id_1" : "50842717", 
    "user_id_2" : "28674574", 
    "relationship" : false
}
{ 
    "_id" : ObjectId("5ac8ce12cc9d409b256560de"), 
    "user_id_1" : "3054521071", 
    "user_id_2" : "294957355", 
    "relationship" : false
}
{ 
    "_id" : ObjectId("5ac8ce13cc9d409b256560df"), 
    "user_id_1" : "3054521071", 
    "user_id_2" : "2571689655", 
    "relationship" : false
}
{ 
    "_id" : ObjectId("5ac8ce13cc9d409b256560e0"), 
    "user_id_1" : "3054521071", 
    "user_id_2" : "28674574", 
    "relationship" : false
}
{ 
    "_id" : ObjectId("5ac8ce14cc9d409b256560e1"), 
    "user_id_1" : "1612190970", 
    "user_id_2" : "294957355", 
    "relationship" : false
}
{ 
    "_id" : ObjectId("5ac8ce14cc9d409b256560e2"), 
    "user_id_1" : "1612190970", 
    "user_id_2" : "2571689655", 
    "relationship" : false
}
{ 
    "_id" : ObjectId("5ac8ce14cc9d409b256560e3"), 
    "user_id_1" : "1612190970", 
    "user_id_2" : "28674574", 
    "relationship" : false
}
{ 
    "_id" : ObjectId("5ac8ce15cc9d409b256560e4"), 
    "user_id_1" : "127999781", 
    "user_id_2" : "294957355", 
    "relationship" : false
}
{ 
    "_id" : ObjectId("5ac8ce15cc9d409b256560e5"), 
    "user_id_1" : "127999781", 
    "user_id_2" : "2571689655", 
    "relationship" : false
}
{ 
    "_id" : ObjectId("5ac8ce16cc9d409b256560e6"), 
    "user_id_1" : "127999781", 
    "user_id_2" : "28674574", 
    "relationship" : false
}
{ 
    "_id" : ObjectId("5ac8ce16cc9d409b256560e7"), 
    "user_id_1" : "1689440150", 
    "user_id_2" : "294957355", 
    "relationship" : false
}
{ 
    "_id" : ObjectId("5ac8ce16cc9d409b256560e8"), 
    "user_id_1" : "1689440150", 
    "user_id_2" : "2571689655", 
    "relationship" : false
}
{ 
    "_id" : ObjectId("5ac8ce17cc9d409b256560e9"), 
    "user_id_1" : "1689440150", 
    "user_id_2" : "28674574", 
    "relationship" : false
}
{ 
    "_id" : ObjectId("5ac8ce17cc9d409b256560ea"), 
    "user_id_1" : "546958899", 
    "user_id_2" : "294957355", 
    "relationship" : false
}
{ 
    "_id" : ObjectId("5ac8ce18cc9d409b256560eb"), 
    "user_id_1" : "546958899", 
    "user_id_2" : "2571689655", 
    "relationship" : false
}
{ 
    "_id" : ObjectId("5ac8ce18cc9d409b256560ec"), 
    "user_id_1" : "546958899", 
    "user_id_2" : "28674574", 
    "relationship" : false
}
{ 
    "_id" : ObjectId("5ac8ce19cc9d409b256560ed"), 
    "user_id_1" : "838514513762742272", 
    "user_id_2" : "294957355", 
    "relationship" : false
}
{ 
    "_id" : ObjectId("5ac8ce19cc9d409b256560ee"), 
    "user_id_1" : "838514513762742272", 
    "user_id_2" : "2571689655", 
    "relationship" : false
}
{ 
    "_id" : ObjectId("5ac8ce1acc9d409b256560ef"), 
    "user_id_1" : "838514513762742272", 
    "user_id_2" : "28674574", 
    "relationship" : false
}
{ 
    "_id" : ObjectId("5ac8ce1acc9d409b256560f0"), 
    "user_id_1" : "2731273409", 
    "user_id_2" : "294957355", 
    "relationship" : false
}
{ 
    "_id" : ObjectId("5ac8ce1bcc9d409b256560f1"), 
    "user_id_1" : "2731273409", 
    "user_id_2" : "2571689655", 
    "relationship" : false
}
{ 
    "_id" : ObjectId("5ac8ce1bcc9d409b256560f2"), 
    "user_id_1" : "2731273409", 
    "user_id_2" : "28674574", 
    "relationship" : false
}
{ 
    "_id" : ObjectId("5ac8ce1ccc9d409b256560f3"), 
    "user_id_1" : "892988139358363648", 
    "user_id_2" : "294957355", 
    "relationship" : false
}
{ 
    "_id" : ObjectId("5ac8ce1ccc9d409b256560f4"), 
    "user_id_1" : "892988139358363648", 
    "user_id_2" : "2571689655", 
    "relationship" : false
}
{ 
    "_id" : ObjectId("5ac8ce1dcc9d409b256560f5"), 
    "user_id_1" : "892988139358363648", 
    "user_id_2" : "28674574", 
    "relationship" : false
}
{ 
    "_id" : ObjectId("5ac8ce1dcc9d409b256560f6"), 
    "user_id_1" : "1575261930", 
    "user_id_2" : "294957355", 
    "relationship" : false
}
{ 
    "_id" : ObjectId("5ac8ce1ecc9d409b256560f7"), 
    "user_id_1" : "1575261930", 
    "user_id_2" : "2571689655", 
    "relationship" : false
}
{ 
    "_id" : ObjectId("5ac8ce1ecc9d409b256560f8"), 
    "user_id_1" : "1575261930", 
    "user_id_2" : "28674574", 
    "relationship" : false
}
{ 
    "_id" : ObjectId("5ac8ce1ecc9d409b256560f9"), 
    "user_id_1" : "41766941", 
    "user_id_2" : "294957355", 
    "relationship" : false
}
{ 
    "_id" : ObjectId("5ac8ce1fcc9d409b256560fa"), 
    "user_id_1" : "41766941", 
    "user_id_2" : "2571689655", 
    "relationship" : false
}
{ 
    "_id" : ObjectId("5ac8ce1fcc9d409b256560fb"), 
    "user_id_1" : "41766941", 
    "user_id_2" : "28674574", 
    "relationship" : false
}
{ 
    "_id" : ObjectId("5ac8ce21cc9d409b256560fc"), 
    "user_id_1" : "607771647", 
    "user_id_2" : "294957355", 
    "relationship" : false
}
{ 
    "_id" : ObjectId("5ac8ce22cc9d409b256560fd"), 
    "user_id_1" : "607771647", 
    "user_id_2" : "2571689655", 
    "relationship" : false
}
{ 
    "_id" : ObjectId("5ac8ce23cc9d409b256560fe"), 
    "user_id_1" : "607771647", 
    "user_id_2" : "28674574", 
    "relationship" : false
}
{ 
    "_id" : ObjectId("5ac8ce23cc9d409b256560ff"), 
    "user_id_1" : "4049171957", 
    "user_id_2" : "294957355", 
    "relationship" : false
}
{ 
    "_id" : ObjectId("5ac8ce23cc9d409b25656100"), 
    "user_id_1" : "4049171957", 
    "user_id_2" : "2571689655", 
    "relationship" : false
}
{ 
    "_id" : ObjectId("5ac8ce24cc9d409b25656101"), 
    "user_id_1" : "4049171957", 
    "user_id_2" : "28674574", 
    "relationship" : false
}
{ 
    "_id" : ObjectId("5ac8ce24cc9d409b25656102"), 
    "user_id_1" : "2336797569", 
    "user_id_2" : "294957355", 
    "relationship" : false
}
{ 
    "_id" : ObjectId("5ac8ce25cc9d409b25656103"), 
    "user_id_1" : "2336797569", 
    "user_id_2" : "2571689655", 
    "relationship" : false
}
{ 
    "_id" : ObjectId("5ac8ce25cc9d409b25656104"), 
    "user_id_1" : "2336797569", 
    "user_id_2" : "28674574", 
    "relationship" : false
}
{ 
    "_id" : ObjectId("5ac8ce26cc9d409b25656105"), 
    "user_id_1" : "3103384384", 
    "user_id_2" : "294957355", 
    "relationship" : false
}
{ 
    "_id" : ObjectId("5ac8ce26cc9d409b25656106"), 
    "user_id_1" : "3103384384", 
    "user_id_2" : "2571689655", 
    "relationship" : false
}
{ 
    "_id" : ObjectId("5ac8ce26cc9d409b25656107"), 
    "user_id_1" : "3103384384", 
    "user_id_2" : "28674574", 
    "relationship" : false
}
{ 
    "_id" : ObjectId("5ac8ce27cc9d409b25656108"), 
    "user_id_1" : "3000483064", 
    "user_id_2" : "294957355", 
    "relationship" : false
}
{ 
    "_id" : ObjectId("5ac8ce27cc9d409b25656109"), 
    "user_id_1" : "3000483064", 
    "user_id_2" : "2571689655", 
    "relationship" : false
}
{ 
    "_id" : ObjectId("5ac8ce28cc9d409b2565610a"), 
    "user_id_1" : "3000483064", 
    "user_id_2" : "28674574", 
    "relationship" : false
}
{ 
    "_id" : ObjectId("5ac8ce28cc9d409b2565610b"), 
    "user_id_1" : "3303365332", 
    "user_id_2" : "294957355", 
    "relationship" : false
}
{ 
    "_id" : ObjectId("5ac8ce29cc9d409b2565610c"), 
    "user_id_1" : "3303365332", 
    "user_id_2" : "2571689655", 
    "relationship" : false
}
{ 
    "_id" : ObjectId("5ac8ce29cc9d409b2565610d"), 
    "user_id_1" : "3303365332", 
    "user_id_2" : "28674574", 
    "relationship" : false
}
{ 
    "_id" : ObjectId("5ac8ce2acc9d409b2565610e"), 
    "user_id_1" : "725920942900187136", 
    "user_id_2" : "294957355", 
    "relationship" : false
}
{ 
    "_id" : ObjectId("5ac8ce2bcc9d409b2565610f"), 
    "user_id_1" : "725920942900187136", 
    "user_id_2" : "2571689655", 
    "relationship" : false
}
{ 
    "_id" : ObjectId("5ac8ce2bcc9d409b25656110"), 
    "user_id_1" : "725920942900187136", 
    "user_id_2" : "28674574", 
    "relationship" : false
}
{ 
    "_id" : ObjectId("5ac8ce2ccc9d409b25656111"), 
    "user_id_1" : "1671381536", 
    "user_id_2" : "294957355", 
    "relationship" : false
}
{ 
    "_id" : ObjectId("5ac8ce2ccc9d409b25656112"), 
    "user_id_1" : "1671381536", 
    "user_id_2" : "2571689655", 
    "relationship" : false
}
{ 
    "_id" : ObjectId("5ac8ce2dcc9d409b25656113"), 
    "user_id_1" : "1671381536", 
    "user_id_2" : "28674574", 
    "relationship" : false
}
{ 
    "_id" : ObjectId("5ac8ce2dcc9d409b25656114"), 
    "user_id_1" : "280150901", 
    "user_id_2" : "294957355", 
    "relationship" : false
}
{ 
    "_id" : ObjectId("5ac8ce2dcc9d409b25656115"), 
    "user_id_1" : "280150901", 
    "user_id_2" : "2571689655", 
    "relationship" : false
}
{ 
    "_id" : ObjectId("5ac8ce2ecc9d409b25656116"), 
    "user_id_1" : "280150901", 
    "user_id_2" : "28674574", 
    "relationship" : false
}
{ 
    "_id" : ObjectId("5ac8ce2ecc9d409b25656117"), 
    "user_id_1" : "792382678817464320", 
    "user_id_2" : "294957355", 
    "relationship" : false
}
{ 
    "_id" : ObjectId("5ac8ce2fcc9d409b25656118"), 
    "user_id_1" : "792382678817464320", 
    "user_id_2" : "2571689655", 
    "relationship" : false
}
{ 
    "_id" : ObjectId("5ac8ce2fcc9d409b25656119"), 
    "user_id_1" : "792382678817464320", 
    "user_id_2" : "28674574", 
    "relationship" : false
}
{ 
    "_id" : ObjectId("5ac8ce2fcc9d409b2565611a"), 
    "user_id_1" : "29379140", 
    "user_id_2" : "294957355", 
    "relationship" : false
}
{ 
    "_id" : ObjectId("5ac8ce30cc9d409b2565611b"), 
    "user_id_1" : "29379140", 
    "user_id_2" : "2571689655", 
    "relationship" : false
}
{ 
    "_id" : ObjectId("5ac8ce30cc9d409b2565611c"), 
    "user_id_1" : "29379140", 
    "user_id_2" : "28674574", 
    "relationship" : false
}
{ 
    "_id" : ObjectId("5ac8ce31cc9d409b2565611d"), 
    "user_id_1" : "2561999820", 
    "user_id_2" : "294957355", 
    "relationship" : false
}
{ 
    "_id" : ObjectId("5ac8ce32cc9d409b2565611e"), 
    "user_id_1" : "2561999820", 
    "user_id_2" : "2571689655", 
    "relationship" : false
}
{ 
    "_id" : ObjectId("5ac8ce33cc9d409b2565611f"), 
    "user_id_1" : "2561999820", 
    "user_id_2" : "28674574", 
    "relationship" : false
}
{ 
    "_id" : ObjectId("5ac8ce33cc9d409b25656120"), 
    "user_id_1" : "719816985488568320", 
    "user_id_2" : "294957355", 
    "relationship" : false
}
{ 
    "_id" : ObjectId("5ac8ce33cc9d409b25656121"), 
    "user_id_1" : "719816985488568320", 
    "user_id_2" : "2571689655", 
    "relationship" : false
}
{ 
    "_id" : ObjectId("5ac8ce34cc9d409b25656122"), 
    "user_id_1" : "719816985488568320", 
    "user_id_2" : "28674574", 
    "relationship" : false
}
{ 
    "_id" : ObjectId("5ac8ce34cc9d409b25656123"), 
    "user_id_1" : "42853515", 
    "user_id_2" : "294957355", 
    "relationship" : false
}
{ 
    "_id" : ObjectId("5ac8ce35cc9d409b25656124"), 
    "user_id_1" : "42853515", 
    "user_id_2" : "2571689655", 
    "relationship" : false
}
{ 
    "_id" : ObjectId("5ac8ce35cc9d409b25656125"), 
    "user_id_1" : "42853515", 
    "user_id_2" : "28674574", 
    "relationship" : false
}
{ 
    "_id" : ObjectId("5ac8ce36cc9d409b25656126"), 
    "user_id_1" : "41985171", 
    "user_id_2" : "294957355", 
    "relationship" : false
}
{ 
    "_id" : ObjectId("5ac8ce36cc9d409b25656127"), 
    "user_id_1" : "41985171", 
    "user_id_2" : "2571689655", 
    "relationship" : false
}
{ 
    "_id" : ObjectId("5ac8ce36cc9d409b25656128"), 
    "user_id_1" : "41985171", 
    "user_id_2" : "28674574", 
    "relationship" : false
}
{ 
    "_id" : ObjectId("5ac8ce37cc9d409b25656129"), 
    "user_id_1" : "3464616794", 
    "user_id_2" : "294957355", 
    "relationship" : false
}
{ 
    "_id" : ObjectId("5ac8ce37cc9d409b2565612a"), 
    "user_id_1" : "3464616794", 
    "user_id_2" : "2571689655", 
    "relationship" : false
}
{ 
    "_id" : ObjectId("5ac8ce38cc9d409b2565612b"), 
    "user_id_1" : "3464616794", 
    "user_id_2" : "28674574", 
    "relationship" : false
}
{ 
    "_id" : ObjectId("5ac8ce38cc9d409b2565612c"), 
    "user_id_1" : "2872106690", 
    "user_id_2" : "294957355", 
    "relationship" : false
}
{ 
    "_id" : ObjectId("5ac8ce39cc9d409b2565612d"), 
    "user_id_1" : "2872106690", 
    "user_id_2" : "2571689655", 
    "relationship" : false
}
{ 
    "_id" : ObjectId("5ac8ce39cc9d409b2565612e"), 
    "user_id_1" : "2872106690", 
    "user_id_2" : "28674574", 
    "relationship" : false
}
{ 
    "_id" : ObjectId("5ac8ce39cc9d409b2565612f"), 
    "user_id_1" : "948259638", 
    "user_id_2" : "294957355", 
    "relationship" : false
}
{ 
    "_id" : ObjectId("5ac8ce3acc9d409b25656130"), 
    "user_id_1" : "948259638", 
    "user_id_2" : "2571689655", 
    "relationship" : false
}
{ 
    "_id" : ObjectId("5ac8ce3acc9d409b25656131"), 
    "user_id_1" : "948259638", 
    "user_id_2" : "28674574", 
    "relationship" : false
}
{ 
    "_id" : ObjectId("5ac8ce3bcc9d409b25656132"), 
    "user_id_1" : "3464209341", 
    "user_id_2" : "294957355", 
    "relationship" : false
}
{ 
    "_id" : ObjectId("5ac8ce3bcc9d409b25656133"), 
    "user_id_1" : "3464209341", 
    "user_id_2" : "2571689655", 
    "relationship" : false
}
{ 
    "_id" : ObjectId("5ac8ce3dcc9d409b25656134"), 
    "user_id_1" : "3464209341", 
    "user_id_2" : "28674574", 
    "relationship" : false
}
{ 
    "_id" : ObjectId("5ac8ce3dcc9d409b25656135"), 
    "user_id_1" : "2885608153", 
    "user_id_2" : "294957355", 
    "relationship" : false
}
{ 
    "_id" : ObjectId("5ac8ce3ecc9d409b25656136"), 
    "user_id_1" : "2885608153", 
    "user_id_2" : "2571689655", 
    "relationship" : false
}
{ 
    "_id" : ObjectId("5ac8ce3ecc9d409b25656137"), 
    "user_id_1" : "2885608153", 
    "user_id_2" : "28674574", 
    "relationship" : false
}
{ 
    "_id" : ObjectId("5ac8ce3fcc9d409b25656138"), 
    "user_id_1" : "304375321", 
    "user_id_2" : "294957355", 
    "relationship" : false
}
{ 
    "_id" : ObjectId("5ac8ce3fcc9d409b25656139"), 
    "user_id_1" : "304375321", 
    "user_id_2" : "2571689655", 
    "relationship" : false
}
{ 
    "_id" : ObjectId("5ac8ce40cc9d409b2565613a"), 
    "user_id_1" : "304375321", 
    "user_id_2" : "28674574", 
    "relationship" : false
}
{ 
    "_id" : ObjectId("5ac8ce40cc9d409b2565613b"), 
    "user_id_1" : "66257663", 
    "user_id_2" : "294957355", 
    "relationship" : false
}
{ 
    "_id" : ObjectId("5ac8ce40cc9d409b2565613c"), 
    "user_id_1" : "66257663", 
    "user_id_2" : "2571689655", 
    "relationship" : false
}
{ 
    "_id" : ObjectId("5ac8ce41cc9d409b2565613d"), 
    "user_id_1" : "66257663", 
    "user_id_2" : "28674574", 
    "relationship" : false
}
{ 
    "_id" : ObjectId("5ac8ce41cc9d409b2565613e"), 
    "user_id_1" : "910598091350437888", 
    "user_id_2" : "294957355", 
    "relationship" : false
}
{ 
    "_id" : ObjectId("5ac8ce42cc9d409b2565613f"), 
    "user_id_1" : "910598091350437888", 
    "user_id_2" : "2571689655", 
    "relationship" : false
}
{ 
    "_id" : ObjectId("5ac8ce42cc9d409b25656140"), 
    "user_id_1" : "910598091350437888", 
    "user_id_2" : "28674574", 
    "relationship" : false
}
{ 
    "_id" : ObjectId("5ac8ce43cc9d409b25656141"), 
    "user_id_1" : "332104039", 
    "user_id_2" : "294957355", 
    "relationship" : false
}
{ 
    "_id" : ObjectId("5ac8ce43cc9d409b25656142"), 
    "user_id_1" : "332104039", 
    "user_id_2" : "2571689655", 
    "relationship" : false
}
{ 
    "_id" : ObjectId("5ac8ce43cc9d409b25656143"), 
    "user_id_1" : "332104039", 
    "user_id_2" : "28674574", 
    "relationship" : false
}
