{ 
    "_id" : ObjectId("5ac8ce44cc9d409b25656144"), 
    "user_id_1" : "381580592", 
    "user_id_2" : "486287847", 
    "relationship" : false
}
{ 
    "_id" : ObjectId("5ac8ce44cc9d409b25656145"), 
    "user_id_1" : "117591701", 
    "user_id_2" : "486287847", 
    "relationship" : false
}
{ 
    "_id" : ObjectId("5ac8ce45cc9d409b25656146"), 
    "user_id_1" : "2153283325", 
    "user_id_2" : "486287847", 
    "relationship" : false
}
{ 
    "_id" : ObjectId("5ac8ce45cc9d409b25656147"), 
    "user_id_1" : "2611157977", 
    "user_id_2" : "486287847", 
    "relationship" : false
}
{ 
    "_id" : ObjectId("5ac8ce45cc9d409b25656148"), 
    "user_id_1" : "335469402", 
    "user_id_2" : "486287847", 
    "relationship" : false
}
{ 
    "_id" : ObjectId("5ac8ce46cc9d409b25656149"), 
    "user_id_1" : "2502817849", 
    "user_id_2" : "486287847", 
    "relationship" : false
}
{ 
    "_id" : ObjectId("5ac8ce46cc9d409b2565614a"), 
    "user_id_1" : "3320687820", 
    "user_id_2" : "486287847", 
    "relationship" : false
}
{ 
    "_id" : ObjectId("5ac8ce47cc9d409b2565614b"), 
    "user_id_1" : "633159037", 
    "user_id_2" : "486287847", 
    "relationship" : false
}
{ 
    "_id" : ObjectId("5ac8ce47cc9d409b2565614c"), 
    "user_id_1" : "2429824123", 
    "user_id_2" : "486287847", 
    "relationship" : false
}
{ 
    "_id" : ObjectId("5ac8ce48cc9d409b2565614d"), 
    "user_id_1" : "75607811", 
    "user_id_2" : "486287847", 
    "relationship" : false
}
{ 
    "_id" : ObjectId("5ac8ce48cc9d409b2565614e"), 
    "user_id_1" : "311244323", 
    "user_id_2" : "486287847", 
    "relationship" : false
}
{ 
    "_id" : ObjectId("5ac8ce48cc9d409b2565614f"), 
    "user_id_1" : "20760246", 
    "user_id_2" : "486287847", 
    "relationship" : false
}
{ 
    "_id" : ObjectId("5ac8ce49cc9d409b25656150"), 
    "user_id_1" : "107247438", 
    "user_id_2" : "486287847", 
    "relationship" : false
}
{ 
    "_id" : ObjectId("5ac8ce49cc9d409b25656151"), 
    "user_id_1" : "3170119639", 
    "user_id_2" : "486287847", 
    "relationship" : false
}
{ 
    "_id" : ObjectId("5ac8ce4acc9d409b25656152"), 
    "user_id_1" : "566434019", 
    "user_id_2" : "486287847", 
    "relationship" : false
}
{ 
    "_id" : ObjectId("5ac8ce4acc9d409b25656153"), 
    "user_id_1" : "2318369313", 
    "user_id_2" : "486287847", 
    "relationship" : false
}
{ 
    "_id" : ObjectId("5ac8ce4bcc9d409b25656154"), 
    "user_id_1" : "703938761", 
    "user_id_2" : "486287847", 
    "relationship" : false
}
{ 
    "_id" : ObjectId("5ac8ce4bcc9d409b25656155"), 
    "user_id_1" : "1126630598", 
    "user_id_2" : "486287847", 
    "relationship" : false
}
{ 
    "_id" : ObjectId("5ac8ce4bcc9d409b25656156"), 
    "user_id_1" : "824351003583639552", 
    "user_id_2" : "486287847", 
    "relationship" : false
}
{ 
    "_id" : ObjectId("5ac8ce4ccc9d409b25656157"), 
    "user_id_1" : "603726223", 
    "user_id_2" : "486287847", 
    "relationship" : false
}
{ 
    "_id" : ObjectId("5ac8ce4dcc9d409b25656158"), 
    "user_id_1" : "892428638725033984", 
    "user_id_2" : "486287847", 
    "relationship" : false
}
{ 
    "_id" : ObjectId("5ac8ce4fcc9d409b25656159"), 
    "user_id_1" : "2615452411", 
    "user_id_2" : "486287847", 
    "relationship" : false
}
{ 
    "_id" : ObjectId("5ac8ce4fcc9d409b2565615a"), 
    "user_id_1" : "4342221797", 
    "user_id_2" : "486287847", 
    "relationship" : false
}
{ 
    "_id" : ObjectId("5ac8ce50cc9d409b2565615b"), 
    "user_id_1" : "957784108985454597", 
    "user_id_2" : "486287847", 
    "relationship" : false
}
{ 
    "_id" : ObjectId("5ac8ce50cc9d409b2565615c"), 
    "user_id_1" : "422849659", 
    "user_id_2" : "486287847", 
    "relationship" : false
}
{ 
    "_id" : ObjectId("5ac8ce50cc9d409b2565615d"), 
    "user_id_1" : "478861382", 
    "user_id_2" : "486287847", 
    "relationship" : false
}
{ 
    "_id" : ObjectId("5ac8ce51cc9d409b2565615e"), 
    "user_id_1" : "2548132759", 
    "user_id_2" : "486287847", 
    "relationship" : false
}
{ 
    "_id" : ObjectId("5ac8ce51cc9d409b2565615f"), 
    "user_id_1" : "1199099960", 
    "user_id_2" : "486287847", 
    "relationship" : false
}
{ 
    "_id" : ObjectId("5ac8ce52cc9d409b25656160"), 
    "user_id_1" : "2444605545", 
    "user_id_2" : "486287847", 
    "relationship" : false
}
{ 
    "_id" : ObjectId("5ac8ce52cc9d409b25656161"), 
    "user_id_1" : "616800339", 
    "user_id_2" : "486287847", 
    "relationship" : false
}
{ 
    "_id" : ObjectId("5ac8ce53cc9d409b25656162"), 
    "user_id_1" : "968437791557238784", 
    "user_id_2" : "486287847", 
    "relationship" : false
}
{ 
    "_id" : ObjectId("5ac8ce53cc9d409b25656163"), 
    "user_id_1" : "219493735", 
    "user_id_2" : "486287847", 
    "relationship" : false
}
{ 
    "_id" : ObjectId("5ac8ce53cc9d409b25656164"), 
    "user_id_1" : "1292274506", 
    "user_id_2" : "486287847", 
    "relationship" : false
}
{ 
    "_id" : ObjectId("5ac8ce54cc9d409b25656165"), 
    "user_id_1" : "1059268982", 
    "user_id_2" : "486287847", 
    "relationship" : false
}
{ 
    "_id" : ObjectId("5ac8ce54cc9d409b25656166"), 
    "user_id_1" : "1005151562", 
    "user_id_2" : "486287847", 
    "relationship" : false
}
{ 
    "_id" : ObjectId("5ac8ce55cc9d409b25656167"), 
    "user_id_1" : "171634990", 
    "user_id_2" : "486287847", 
    "relationship" : false
}
{ 
    "_id" : ObjectId("5ac8ce55cc9d409b25656168"), 
    "user_id_1" : "912130794981904389", 
    "user_id_2" : "486287847", 
    "relationship" : false
}
{ 
    "_id" : ObjectId("5ac8ce55cc9d409b25656169"), 
    "user_id_1" : "4459842733", 
    "user_id_2" : "486287847", 
    "relationship" : false
}
{ 
    "_id" : ObjectId("5ac8ce56cc9d409b2565616a"), 
    "user_id_1" : "383847388", 
    "user_id_2" : "486287847", 
    "relationship" : false
}
{ 
    "_id" : ObjectId("5ac8ce56cc9d409b2565616b"), 
    "user_id_1" : "954895630119329792", 
    "user_id_2" : "486287847", 
    "relationship" : false
}
{ 
    "_id" : ObjectId("5ac8ce57cc9d409b2565616c"), 
    "user_id_1" : "1226160774", 
    "user_id_2" : "486287847", 
    "relationship" : false
}
{ 
    "_id" : ObjectId("5ac8ce57cc9d409b2565616d"), 
    "user_id_1" : "79857828", 
    "user_id_2" : "486287847", 
    "relationship" : false
}
{ 
    "_id" : ObjectId("5ac8ce57cc9d409b2565616e"), 
    "user_id_1" : "153963930", 
    "user_id_2" : "486287847", 
    "relationship" : false
}
{ 
    "_id" : ObjectId("5ac8ce58cc9d409b2565616f"), 
    "user_id_1" : "1035948067", 
    "user_id_2" : "486287847", 
    "relationship" : false
}
{ 
    "_id" : ObjectId("5ac8ce58cc9d409b25656170"), 
    "user_id_1" : "731610616377552897", 
    "user_id_2" : "486287847", 
    "relationship" : false
}
{ 
    "_id" : ObjectId("5ac8ce59cc9d409b25656171"), 
    "user_id_1" : "872677874959958017", 
    "user_id_2" : "486287847", 
    "relationship" : false
}
{ 
    "_id" : ObjectId("5ac8ce59cc9d409b25656172"), 
    "user_id_1" : "720662704218849281", 
    "user_id_2" : "486287847", 
    "relationship" : false
}
{ 
    "_id" : ObjectId("5ac8ce5acc9d409b25656173"), 
    "user_id_1" : "66574638", 
    "user_id_2" : "486287847", 
    "relationship" : false
}
{ 
    "_id" : ObjectId("5ac8ce5acc9d409b25656174"), 
    "user_id_1" : "1120684848", 
    "user_id_2" : "486287847", 
    "relationship" : false
}
{ 
    "_id" : ObjectId("5ac8ce5acc9d409b25656175"), 
    "user_id_1" : "931698303892361217", 
    "user_id_2" : "486287847", 
    "relationship" : false
}
{ 
    "_id" : ObjectId("5ac8ce5bcc9d409b25656176"), 
    "user_id_1" : "1240679978", 
    "user_id_2" : "486287847", 
    "relationship" : false
}
{ 
    "_id" : ObjectId("5ac8ce5bcc9d409b25656177"), 
    "user_id_1" : "2213558729", 
    "user_id_2" : "486287847", 
    "relationship" : false
}
{ 
    "_id" : ObjectId("5ac8ce5ccc9d409b25656178"), 
    "user_id_1" : "811376101326868482", 
    "user_id_2" : "486287847", 
    "relationship" : false
}
{ 
    "_id" : ObjectId("5ac8ce5ccc9d409b25656179"), 
    "user_id_1" : "882252727539183619", 
    "user_id_2" : "486287847", 
    "relationship" : false
}
{ 
    "_id" : ObjectId("5ac8ce5ccc9d409b2565617a"), 
    "user_id_1" : "280557384", 
    "user_id_2" : "486287847", 
    "relationship" : false
}
{ 
    "_id" : ObjectId("5ac8ce5dcc9d409b2565617b"), 
    "user_id_1" : "367313592", 
    "user_id_2" : "486287847", 
    "relationship" : false
}
{ 
    "_id" : ObjectId("5ac8ce5dcc9d409b2565617c"), 
    "user_id_1" : "2392197547", 
    "user_id_2" : "486287847", 
    "relationship" : false
}
{ 
    "_id" : ObjectId("5ac8ce5ecc9d409b2565617d"), 
    "user_id_1" : "319195010", 
    "user_id_2" : "486287847", 
    "relationship" : false
}
{ 
    "_id" : ObjectId("5ac8ce5ecc9d409b2565617e"), 
    "user_id_1" : "494500353", 
    "user_id_2" : "486287847", 
    "relationship" : false
}
{ 
    "_id" : ObjectId("5ac8ce5ecc9d409b2565617f"), 
    "user_id_1" : "429377307", 
    "user_id_2" : "486287847", 
    "relationship" : false
}
{ 
    "_id" : ObjectId("5ac8d192cc9d409b25656180"), 
    "user_id_1" : "3361006876", 
    "user_id_2" : "486287847", 
    "relationship" : false
}
{ 
    "_id" : ObjectId("5ac8d193cc9d409b25656181"), 
    "user_id_1" : "1964466348", 
    "user_id_2" : "486287847", 
    "relationship" : false
}
{ 
    "_id" : ObjectId("5ac8d193cc9d409b25656182"), 
    "user_id_1" : "776139174", 
    "user_id_2" : "486287847", 
    "relationship" : false
}
{ 
    "_id" : ObjectId("5ac8d194cc9d409b25656183"), 
    "user_id_1" : "4885169307", 
    "user_id_2" : "486287847", 
    "relationship" : false
}
{ 
    "_id" : ObjectId("5ac8d194cc9d409b25656184"), 
    "user_id_1" : "3482569715", 
    "user_id_2" : "486287847", 
    "relationship" : false
}
{ 
    "_id" : ObjectId("5ac8d195cc9d409b25656185"), 
    "user_id_1" : "214570424", 
    "user_id_2" : "486287847", 
    "relationship" : false
}
{ 
    "_id" : ObjectId("5ac8d195cc9d409b25656186"), 
    "user_id_1" : "2806222324", 
    "user_id_2" : "486287847", 
    "relationship" : false
}
{ 
    "_id" : ObjectId("5ac8d196cc9d409b25656187"), 
    "user_id_1" : "2206818147", 
    "user_id_2" : "486287847", 
    "relationship" : false
}
{ 
    "_id" : ObjectId("5ac8d196cc9d409b25656188"), 
    "user_id_1" : "114849453", 
    "user_id_2" : "486287847", 
    "relationship" : false
}
{ 
    "_id" : ObjectId("5ac8d197cc9d409b25656189"), 
    "user_id_1" : "3060717421", 
    "user_id_2" : "486287847", 
    "relationship" : false
}
{ 
    "_id" : ObjectId("5ac8d197cc9d409b2565618a"), 
    "user_id_1" : "607265327", 
    "user_id_2" : "486287847", 
    "relationship" : false
}
{ 
    "_id" : ObjectId("5ac8d198cc9d409b2565618b"), 
    "user_id_1" : "1096864976", 
    "user_id_2" : "486287847", 
    "relationship" : false
}
{ 
    "_id" : ObjectId("5ac8d198cc9d409b2565618c"), 
    "user_id_1" : "2900106065", 
    "user_id_2" : "486287847", 
    "relationship" : false
}
{ 
    "_id" : ObjectId("5ac8d199cc9d409b2565618d"), 
    "user_id_1" : "17929531", 
    "user_id_2" : "486287847", 
    "relationship" : false
}
{ 
    "_id" : ObjectId("5ac8d19acc9d409b2565618e"), 
    "user_id_1" : "388088841", 
    "user_id_2" : "486287847", 
    "relationship" : false
}
{ 
    "_id" : ObjectId("5ac8d19bcc9d409b2565618f"), 
    "user_id_1" : "428318495", 
    "user_id_2" : "486287847", 
    "relationship" : false
}
{ 
    "_id" : ObjectId("5ac8d19bcc9d409b25656190"), 
    "user_id_1" : "4801441332", 
    "user_id_2" : "486287847", 
    "relationship" : false
}
{ 
    "_id" : ObjectId("5ac8d19bcc9d409b25656191"), 
    "user_id_1" : "340713402", 
    "user_id_2" : "486287847", 
    "relationship" : false
}
{ 
    "_id" : ObjectId("5ac8d19ccc9d409b25656192"), 
    "user_id_1" : "428827868", 
    "user_id_2" : "486287847", 
    "relationship" : false
}
{ 
    "_id" : ObjectId("5ac8d19ccc9d409b25656193"), 
    "user_id_1" : "1405499876", 
    "user_id_2" : "486287847", 
    "relationship" : false
}
{ 
    "_id" : ObjectId("5ac8d19dcc9d409b25656194"), 
    "user_id_1" : "1000079498", 
    "user_id_2" : "486287847", 
    "relationship" : false
}
{ 
    "_id" : ObjectId("5ac8d19dcc9d409b25656195"), 
    "user_id_1" : "487270340", 
    "user_id_2" : "486287847", 
    "relationship" : false
}
{ 
    "_id" : ObjectId("5ac8d19ecc9d409b25656196"), 
    "user_id_1" : "3023438308", 
    "user_id_2" : "486287847", 
    "relationship" : false
}
{ 
    "_id" : ObjectId("5ac8d19ecc9d409b25656197"), 
    "user_id_1" : "169084417", 
    "user_id_2" : "486287847", 
    "relationship" : false
}
{ 
    "_id" : ObjectId("5ac8d19fcc9d409b25656198"), 
    "user_id_1" : "274782841", 
    "user_id_2" : "486287847", 
    "relationship" : false
}
{ 
    "_id" : ObjectId("5ac8d19fcc9d409b25656199"), 
    "user_id_1" : "847916105008111619", 
    "user_id_2" : "486287847", 
    "relationship" : false
}
{ 
    "_id" : ObjectId("5ac8d19fcc9d409b2565619a"), 
    "user_id_1" : "2389018658", 
    "user_id_2" : "486287847", 
    "relationship" : false
}
{ 
    "_id" : ObjectId("5ac8d1a0cc9d409b2565619b"), 
    "user_id_1" : "3568025837", 
    "user_id_2" : "486287847", 
    "relationship" : false
}
{ 
    "_id" : ObjectId("5ac8d1a0cc9d409b2565619c"), 
    "user_id_1" : "40240583", 
    "user_id_2" : "486287847", 
    "relationship" : false
}
{ 
    "_id" : ObjectId("5ac8d1a1cc9d409b2565619d"), 
    "user_id_1" : "2526533634", 
    "user_id_2" : "486287847", 
    "relationship" : false
}
{ 
    "_id" : ObjectId("5ac8d1a1cc9d409b2565619e"), 
    "user_id_1" : "60709888", 
    "user_id_2" : "486287847", 
    "relationship" : false
}
{ 
    "_id" : ObjectId("5ac8d1a2cc9d409b2565619f"), 
    "user_id_1" : "160212328", 
    "user_id_2" : "486287847", 
    "relationship" : false
}
{ 
    "_id" : ObjectId("5ac8d1a2cc9d409b256561a0"), 
    "user_id_1" : "2497606549", 
    "user_id_2" : "486287847", 
    "relationship" : false
}
{ 
    "_id" : ObjectId("5ac8d1a2cc9d409b256561a1"), 
    "user_id_1" : "125033423", 
    "user_id_2" : "486287847", 
    "relationship" : false
}
{ 
    "_id" : ObjectId("5ac8d1a3cc9d409b256561a2"), 
    "user_id_1" : "2753445235", 
    "user_id_2" : "486287847", 
    "relationship" : false
}
{ 
    "_id" : ObjectId("5ac8d1a3cc9d409b256561a3"), 
    "user_id_1" : "91485929", 
    "user_id_2" : "486287847", 
    "relationship" : false
}
{ 
    "_id" : ObjectId("5ac8d1a4cc9d409b256561a4"), 
    "user_id_1" : "927110830969294849", 
    "user_id_2" : "486287847", 
    "relationship" : false
}
{ 
    "_id" : ObjectId("5ac8d1a4cc9d409b256561a5"), 
    "user_id_1" : "50842717", 
    "user_id_2" : "486287847", 
    "relationship" : false
}
{ 
    "_id" : ObjectId("5ac8d1a5cc9d409b256561a6"), 
    "user_id_1" : "3054521071", 
    "user_id_2" : "486287847", 
    "relationship" : false
}
{ 
    "_id" : ObjectId("5ac8d1a5cc9d409b256561a7"), 
    "user_id_1" : "1612190970", 
    "user_id_2" : "486287847", 
    "relationship" : false
}
{ 
    "_id" : ObjectId("5ac8d1a5cc9d409b256561a8"), 
    "user_id_1" : "127999781", 
    "user_id_2" : "486287847", 
    "relationship" : false
}
{ 
    "_id" : ObjectId("5ac8d1a8cc9d409b256561a9"), 
    "user_id_1" : "1689440150", 
    "user_id_2" : "486287847", 
    "relationship" : false
}
{ 
    "_id" : ObjectId("5ac8d1a9cc9d409b256561aa"), 
    "user_id_1" : "546958899", 
    "user_id_2" : "486287847", 
    "relationship" : false
}
{ 
    "_id" : ObjectId("5ac8d1aacc9d409b256561ab"), 
    "user_id_1" : "838514513762742272", 
    "user_id_2" : "486287847", 
    "relationship" : false
}
{ 
    "_id" : ObjectId("5ac8d1aacc9d409b256561ac"), 
    "user_id_1" : "2731273409", 
    "user_id_2" : "486287847", 
    "relationship" : false
}
{ 
    "_id" : ObjectId("5ac8d1aacc9d409b256561ad"), 
    "user_id_1" : "892988139358363648", 
    "user_id_2" : "486287847", 
    "relationship" : false
}
{ 
    "_id" : ObjectId("5ac8d1abcc9d409b256561ae"), 
    "user_id_1" : "1575261930", 
    "user_id_2" : "486287847", 
    "relationship" : false
}
{ 
    "_id" : ObjectId("5ac8d1abcc9d409b256561af"), 
    "user_id_1" : "41766941", 
    "user_id_2" : "486287847", 
    "relationship" : false
}
{ 
    "_id" : ObjectId("5ac8d1accc9d409b256561b0"), 
    "user_id_1" : "607771647", 
    "user_id_2" : "486287847", 
    "relationship" : false
}
{ 
    "_id" : ObjectId("5ac8d1accc9d409b256561b1"), 
    "user_id_1" : "4049171957", 
    "user_id_2" : "486287847", 
    "relationship" : false
}
{ 
    "_id" : ObjectId("5ac8d1accc9d409b256561b2"), 
    "user_id_1" : "2336797569", 
    "user_id_2" : "486287847", 
    "relationship" : false
}
{ 
    "_id" : ObjectId("5ac8d1adcc9d409b256561b3"), 
    "user_id_1" : "3103384384", 
    "user_id_2" : "486287847", 
    "relationship" : false
}
{ 
    "_id" : ObjectId("5ac8d1adcc9d409b256561b4"), 
    "user_id_1" : "3000483064", 
    "user_id_2" : "486287847", 
    "relationship" : false
}
{ 
    "_id" : ObjectId("5ac8d1aecc9d409b256561b5"), 
    "user_id_1" : "3303365332", 
    "user_id_2" : "486287847", 
    "relationship" : false
}
{ 
    "_id" : ObjectId("5ac8d1aecc9d409b256561b6"), 
    "user_id_1" : "725920942900187136", 
    "user_id_2" : "486287847", 
    "relationship" : false
}
{ 
    "_id" : ObjectId("5ac8d1afcc9d409b256561b7"), 
    "user_id_1" : "1671381536", 
    "user_id_2" : "486287847", 
    "relationship" : false
}
{ 
    "_id" : ObjectId("5ac8d1afcc9d409b256561b8"), 
    "user_id_1" : "280150901", 
    "user_id_2" : "486287847", 
    "relationship" : false
}
{ 
    "_id" : ObjectId("5ac8d1b0cc9d409b256561b9"), 
    "user_id_1" : "792382678817464320", 
    "user_id_2" : "486287847", 
    "relationship" : false
}
{ 
    "_id" : ObjectId("5ac8d1b0cc9d409b256561ba"), 
    "user_id_1" : "29379140", 
    "user_id_2" : "486287847", 
    "relationship" : false
}
{ 
    "_id" : ObjectId("5ac8d1b1cc9d409b256561bb"), 
    "user_id_1" : "2561999820", 
    "user_id_2" : "486287847", 
    "relationship" : false
}
{ 
    "_id" : ObjectId("5ac8d1b1cc9d409b256561bc"), 
    "user_id_1" : "719816985488568320", 
    "user_id_2" : "486287847", 
    "relationship" : false
}
{ 
    "_id" : ObjectId("5ac8d1b2cc9d409b256561bd"), 
    "user_id_1" : "42853515", 
    "user_id_2" : "486287847", 
    "relationship" : false
}
{ 
    "_id" : ObjectId("5ac8d1b2cc9d409b256561be"), 
    "user_id_1" : "41985171", 
    "user_id_2" : "486287847", 
    "relationship" : false
}
{ 
    "_id" : ObjectId("5ac8d1b3cc9d409b256561bf"), 
    "user_id_1" : "3464616794", 
    "user_id_2" : "486287847", 
    "relationship" : false
}
{ 
    "_id" : ObjectId("5ac8d1b3cc9d409b256561c0"), 
    "user_id_1" : "2872106690", 
    "user_id_2" : "486287847", 
    "relationship" : false
}
{ 
    "_id" : ObjectId("5ac8d1b4cc9d409b256561c1"), 
    "user_id_1" : "948259638", 
    "user_id_2" : "486287847", 
    "relationship" : false
}
{ 
    "_id" : ObjectId("5ac8d1b4cc9d409b256561c2"), 
    "user_id_1" : "3464209341", 
    "user_id_2" : "486287847", 
    "relationship" : false
}
{ 
    "_id" : ObjectId("5ac8d1b4cc9d409b256561c3"), 
    "user_id_1" : "2885608153", 
    "user_id_2" : "486287847", 
    "relationship" : false
}
{ 
    "_id" : ObjectId("5ac8d1b5cc9d409b256561c4"), 
    "user_id_1" : "304375321", 
    "user_id_2" : "486287847", 
    "relationship" : false
}
{ 
    "_id" : ObjectId("5ac8d1b5cc9d409b256561c5"), 
    "user_id_1" : "66257663", 
    "user_id_2" : "486287847", 
    "relationship" : false
}
{ 
    "_id" : ObjectId("5ac8d1b6cc9d409b256561c6"), 
    "user_id_1" : "910598091350437888", 
    "user_id_2" : "486287847", 
    "relationship" : false
}
{ 
    "_id" : ObjectId("5ac8d1b6cc9d409b256561c7"), 
    "user_id_1" : "332104039", 
    "user_id_2" : "486287847", 
    "relationship" : false
}
