{ 
    "_id" : ObjectId("5ac8510dcc9d40946ae8dbfc"), 
    "user_id_1" : "381580592", 
    "user_id_2" : "759251", 
    "relationship" : false
}
{ 
    "_id" : ObjectId("5ac8510dcc9d40946ae8dbfd"), 
    "user_id_1" : "117591701", 
    "user_id_2" : "759251", 
    "relationship" : false
}
{ 
    "_id" : ObjectId("5ac8510ecc9d40946ae8dbfe"), 
    "user_id_1" : "2153283325", 
    "user_id_2" : "759251", 
    "relationship" : false
}
{ 
    "_id" : ObjectId("5ac8510ecc9d40946ae8dbff"), 
    "user_id_1" : "393355629", 
    "user_id_2" : "759251", 
    "relationship" : true
}
{ 
    "_id" : ObjectId("5ac8510ecc9d40946ae8dc00"), 
    "user_id_1" : "2611157977", 
    "user_id_2" : "759251", 
    "relationship" : false
}
{ 
    "_id" : ObjectId("5ac8510fcc9d40946ae8dc01"), 
    "user_id_1" : "335469402", 
    "user_id_2" : "759251", 
    "relationship" : false
}
{ 
    "_id" : ObjectId("5ac8510fcc9d40946ae8dc02"), 
    "user_id_1" : "3162204087", 
    "user_id_2" : "759251", 
    "relationship" : true
}
{ 
    "_id" : ObjectId("5ac8510fcc9d40946ae8dc03"), 
    "user_id_1" : "767017035410837504", 
    "user_id_2" : "759251", 
    "relationship" : true
}
{ 
    "_id" : ObjectId("5ac85110cc9d40946ae8dc04"), 
    "user_id_1" : "2502817849", 
    "user_id_2" : "759251", 
    "relationship" : false
}
{ 
    "_id" : ObjectId("5ac85110cc9d40946ae8dc05"), 
    "user_id_1" : "14766680", 
    "user_id_2" : "759251", 
    "relationship" : true
}
{ 
    "_id" : ObjectId("5ac85111cc9d40946ae8dc06"), 
    "user_id_1" : "3320687820", 
    "user_id_2" : "759251", 
    "relationship" : false
}
{ 
    "_id" : ObjectId("5ac85111cc9d40946ae8dc07"), 
    "user_id_1" : "633159037", 
    "user_id_2" : "759251", 
    "relationship" : false
}
{ 
    "_id" : ObjectId("5ac85111cc9d40946ae8dc08"), 
    "user_id_1" : "2429824123", 
    "user_id_2" : "759251", 
    "relationship" : false
}
{ 
    "_id" : ObjectId("5ac85112cc9d40946ae8dc09"), 
    "user_id_1" : "75607811", 
    "user_id_2" : "759251", 
    "relationship" : false
}
{ 
    "_id" : ObjectId("5ac85112cc9d40946ae8dc0a"), 
    "user_id_1" : "311244323", 
    "user_id_2" : "759251", 
    "relationship" : false
}
{ 
    "_id" : ObjectId("5ac85113cc9d40946ae8dc0b"), 
    "user_id_1" : "20760246", 
    "user_id_2" : "759251", 
    "relationship" : false
}
{ 
    "_id" : ObjectId("5ac85113cc9d40946ae8dc0c"), 
    "user_id_1" : "116864243", 
    "user_id_2" : "759251", 
    "relationship" : true
}
{ 
    "_id" : ObjectId("5ac85113cc9d40946ae8dc0d"), 
    "user_id_1" : "107247438", 
    "user_id_2" : "759251", 
    "relationship" : false
}
{ 
    "_id" : ObjectId("5ac85114cc9d40946ae8dc0e"), 
    "user_id_1" : "3170119639", 
    "user_id_2" : "759251", 
    "relationship" : false
}
{ 
    "_id" : ObjectId("5ac85114cc9d40946ae8dc0f"), 
    "user_id_1" : "566434019", 
    "user_id_2" : "759251", 
    "relationship" : false
}
{ 
    "_id" : ObjectId("5ac85115cc9d40946ae8dc10"), 
    "user_id_1" : "2318369313", 
    "user_id_2" : "759251", 
    "relationship" : false
}
{ 
    "_id" : ObjectId("5ac85115cc9d40946ae8dc11"), 
    "user_id_1" : "703938761", 
    "user_id_2" : "759251", 
    "relationship" : false
}
{ 
    "_id" : ObjectId("5ac85115cc9d40946ae8dc12"), 
    "user_id_1" : "1126630598", 
    "user_id_2" : "759251", 
    "relationship" : false
}
{ 
    "_id" : ObjectId("5ac85116cc9d40946ae8dc13"), 
    "user_id_1" : "824351003583639552", 
    "user_id_2" : "759251", 
    "relationship" : false
}
{ 
    "_id" : ObjectId("5ac85116cc9d40946ae8dc14"), 
    "user_id_1" : "603726223", 
    "user_id_2" : "759251", 
    "relationship" : false
}
{ 
    "_id" : ObjectId("5ac85116cc9d40946ae8dc15"), 
    "user_id_1" : "892428638725033984", 
    "user_id_2" : "759251", 
    "relationship" : false
}
{ 
    "_id" : ObjectId("5ac85117cc9d40946ae8dc16"), 
    "user_id_1" : "869736899610636288", 
    "user_id_2" : "759251", 
    "relationship" : true
}
{ 
    "_id" : ObjectId("5ac85117cc9d40946ae8dc17"), 
    "user_id_1" : "363123659", 
    "user_id_2" : "759251", 
    "relationship" : true
}
{ 
    "_id" : ObjectId("5ac85118cc9d40946ae8dc18"), 
    "user_id_1" : "2615452411", 
    "user_id_2" : "759251", 
    "relationship" : false
}
{ 
    "_id" : ObjectId("5ac85118cc9d40946ae8dc19"), 
    "user_id_1" : "830825581851852804", 
    "user_id_2" : "759251", 
    "relationship" : true
}
{ 
    "_id" : ObjectId("5ac85118cc9d40946ae8dc1a"), 
    "user_id_1" : "294957355", 
    "user_id_2" : "759251", 
    "relationship" : false
}
{ 
    "_id" : ObjectId("5ac85119cc9d40946ae8dc1b"), 
    "user_id_1" : "4342221797", 
    "user_id_2" : "759251", 
    "relationship" : false
}
{ 
    "_id" : ObjectId("5ac85119cc9d40946ae8dc1c"), 
    "user_id_1" : "2961287103", 
    "user_id_2" : "759251", 
    "relationship" : true
}
{ 
    "_id" : ObjectId("5ac85119cc9d40946ae8dc1d"), 
    "user_id_1" : "957784108985454597", 
    "user_id_2" : "759251", 
    "relationship" : false
}
{ 
    "_id" : ObjectId("5ac8511acc9d40946ae8dc1e"), 
    "user_id_1" : "422849659", 
    "user_id_2" : "759251", 
    "relationship" : false
}
{ 
    "_id" : ObjectId("5ac8511acc9d40946ae8dc1f"), 
    "user_id_1" : "478861382", 
    "user_id_2" : "759251", 
    "relationship" : false
}
{ 
    "_id" : ObjectId("5ac8511acc9d40946ae8dc20"), 
    "user_id_1" : "2548132759", 
    "user_id_2" : "759251", 
    "relationship" : false
}
{ 
    "_id" : ObjectId("5ac8511bcc9d40946ae8dc21"), 
    "user_id_1" : "1199099960", 
    "user_id_2" : "759251", 
    "relationship" : false
}
{ 
    "_id" : ObjectId("5ac8511bcc9d40946ae8dc22"), 
    "user_id_1" : "61574363", 
    "user_id_2" : "759251", 
    "relationship" : true
}
{ 
    "_id" : ObjectId("5ac8511ccc9d40946ae8dc23"), 
    "user_id_1" : "2444605545", 
    "user_id_2" : "759251", 
    "relationship" : false
}
{ 
    "_id" : ObjectId("5ac8511ccc9d40946ae8dc24"), 
    "user_id_1" : "616800339", 
    "user_id_2" : "759251", 
    "relationship" : false
}
{ 
    "_id" : ObjectId("5ac8511ccc9d40946ae8dc25"), 
    "user_id_1" : "968437791557238784", 
    "user_id_2" : "759251", 
    "relationship" : false
}
{ 
    "_id" : ObjectId("5ac8511dcc9d40946ae8dc26"), 
    "user_id_1" : "219493735", 
    "user_id_2" : "759251", 
    "relationship" : false
}
{ 
    "_id" : ObjectId("5ac8511dcc9d40946ae8dc27"), 
    "user_id_1" : "1292274506", 
    "user_id_2" : "759251", 
    "relationship" : false
}
{ 
    "_id" : ObjectId("5ac8511ecc9d40946ae8dc28"), 
    "user_id_1" : "1059268982", 
    "user_id_2" : "759251", 
    "relationship" : false
}
{ 
    "_id" : ObjectId("5ac8511ecc9d40946ae8dc29"), 
    "user_id_1" : "1005151562", 
    "user_id_2" : "759251", 
    "relationship" : false
}
{ 
    "_id" : ObjectId("5ac8511fcc9d40946ae8dc2a"), 
    "user_id_1" : "58569406", 
    "user_id_2" : "759251", 
    "relationship" : true
}
{ 
    "_id" : ObjectId("5ac8511fcc9d40946ae8dc2b"), 
    "user_id_1" : "171634990", 
    "user_id_2" : "759251", 
    "relationship" : false
}
{ 
    "_id" : ObjectId("5ac8511fcc9d40946ae8dc2c"), 
    "user_id_1" : "912130794981904389", 
    "user_id_2" : "759251", 
    "relationship" : false
}
{ 
    "_id" : ObjectId("5ac85120cc9d40946ae8dc2d"), 
    "user_id_1" : "956056898465386496", 
    "user_id_2" : "759251", 
    "relationship" : true
}
{ 
    "_id" : ObjectId("5ac85120cc9d40946ae8dc2e"), 
    "user_id_1" : "4459842733", 
    "user_id_2" : "759251", 
    "relationship" : false
}
{ 
    "_id" : ObjectId("5ac85120cc9d40946ae8dc2f"), 
    "user_id_1" : "383847388", 
    "user_id_2" : "759251", 
    "relationship" : false
}
{ 
    "_id" : ObjectId("5ac85121cc9d40946ae8dc30"), 
    "user_id_1" : "1726701248", 
    "user_id_2" : "759251", 
    "relationship" : true
}
{ 
    "_id" : ObjectId("5ac85121cc9d40946ae8dc31"), 
    "user_id_1" : "954895630119329792", 
    "user_id_2" : "759251", 
    "relationship" : false
}
{ 
    "_id" : ObjectId("5ac85121cc9d40946ae8dc32"), 
    "user_id_1" : "1226160774", 
    "user_id_2" : "759251", 
    "relationship" : false
}
{ 
    "_id" : ObjectId("5ac85122cc9d40946ae8dc33"), 
    "user_id_1" : "79857828", 
    "user_id_2" : "759251", 
    "relationship" : false
}
{ 
    "_id" : ObjectId("5ac85122cc9d40946ae8dc34"), 
    "user_id_1" : "153963930", 
    "user_id_2" : "759251", 
    "relationship" : false
}
{ 
    "_id" : ObjectId("5ac85122cc9d40946ae8dc35"), 
    "user_id_1" : "1035948067", 
    "user_id_2" : "759251", 
    "relationship" : false
}
{ 
    "_id" : ObjectId("5ac85123cc9d40946ae8dc36"), 
    "user_id_1" : "731610616377552897", 
    "user_id_2" : "759251", 
    "relationship" : false
}
{ 
    "_id" : ObjectId("5ac85123cc9d40946ae8dc37"), 
    "user_id_1" : "872677874959958017", 
    "user_id_2" : "759251", 
    "relationship" : false
}
{ 
    "_id" : ObjectId("5ac85124cc9d40946ae8dc38"), 
    "user_id_1" : "348780432", 
    "user_id_2" : "759251", 
    "relationship" : true
}
{ 
    "_id" : ObjectId("5ac85124cc9d40946ae8dc39"), 
    "user_id_1" : "262911190", 
    "user_id_2" : "759251", 
    "relationship" : true
}
{ 
    "_id" : ObjectId("5ac85124cc9d40946ae8dc3a"), 
    "user_id_1" : "720662704218849281", 
    "user_id_2" : "759251", 
    "relationship" : false
}
{ 
    "_id" : ObjectId("5ac85125cc9d40946ae8dc3b"), 
    "user_id_1" : "817531261828943873", 
    "user_id_2" : "759251", 
    "relationship" : true
}
{ 
    "_id" : ObjectId("5ac85125cc9d40946ae8dc3c"), 
    "user_id_1" : "66574638", 
    "user_id_2" : "759251", 
    "relationship" : false
}
{ 
    "_id" : ObjectId("5ac85125cc9d40946ae8dc3d"), 
    "user_id_1" : "1120684848", 
    "user_id_2" : "759251", 
    "relationship" : false
}
{ 
    "_id" : ObjectId("5ac85126cc9d40946ae8dc3e"), 
    "user_id_1" : "931698303892361217", 
    "user_id_2" : "759251", 
    "relationship" : false
}
{ 
    "_id" : ObjectId("5ac85126cc9d40946ae8dc3f"), 
    "user_id_1" : "903343726554173440", 
    "user_id_2" : "759251", 
    "relationship" : true
}
{ 
    "_id" : ObjectId("5ac85127cc9d40946ae8dc40"), 
    "user_id_1" : "1240679978", 
    "user_id_2" : "759251", 
    "relationship" : false
}
{ 
    "_id" : ObjectId("5ac85127cc9d40946ae8dc41"), 
    "user_id_1" : "2213558729", 
    "user_id_2" : "759251", 
    "relationship" : false
}
{ 
    "_id" : ObjectId("5ac85127cc9d40946ae8dc42"), 
    "user_id_1" : "811376101326868482", 
    "user_id_2" : "759251", 
    "relationship" : false
}
{ 
    "_id" : ObjectId("5ac85128cc9d40946ae8dc43"), 
    "user_id_1" : "882252727539183619", 
    "user_id_2" : "759251", 
    "relationship" : false
}
{ 
    "_id" : ObjectId("5ac85128cc9d40946ae8dc44"), 
    "user_id_1" : "280557384", 
    "user_id_2" : "759251", 
    "relationship" : false
}
{ 
    "_id" : ObjectId("5ac85128cc9d40946ae8dc45"), 
    "user_id_1" : "367313592", 
    "user_id_2" : "759251", 
    "relationship" : false
}
{ 
    "_id" : ObjectId("5ac85129cc9d40946ae8dc46"), 
    "user_id_1" : "2392197547", 
    "user_id_2" : "759251", 
    "relationship" : false
}
{ 
    "_id" : ObjectId("5ac85129cc9d40946ae8dc47"), 
    "user_id_1" : "319195010", 
    "user_id_2" : "759251", 
    "relationship" : false
}
{ 
    "_id" : ObjectId("5ac8512acc9d40946ae8dc48"), 
    "user_id_1" : "494500353", 
    "user_id_2" : "759251", 
    "relationship" : false
}
{ 
    "_id" : ObjectId("5ac8512acc9d40946ae8dc49"), 
    "user_id_1" : "429377307", 
    "user_id_2" : "759251", 
    "relationship" : false
}
{ 
    "_id" : ObjectId("5ac8512acc9d40946ae8dc4a"), 
    "user_id_1" : "3361006876", 
    "user_id_2" : "759251", 
    "relationship" : false
}
{ 
    "_id" : ObjectId("5ac8512bcc9d40946ae8dc4b"), 
    "user_id_1" : "1964466348", 
    "user_id_2" : "759251", 
    "relationship" : false
}
{ 
    "_id" : ObjectId("5ac8512bcc9d40946ae8dc4c"), 
    "user_id_1" : "776139174", 
    "user_id_2" : "759251", 
    "relationship" : false
}
{ 
    "_id" : ObjectId("5ac8512ccc9d40946ae8dc4d"), 
    "user_id_1" : "4885169307", 
    "user_id_2" : "759251", 
    "relationship" : false
}
{ 
    "_id" : ObjectId("5ac8512ccc9d40946ae8dc4e"), 
    "user_id_1" : "3482569715", 
    "user_id_2" : "759251", 
    "relationship" : false
}
{ 
    "_id" : ObjectId("5ac8512ccc9d40946ae8dc4f"), 
    "user_id_1" : "214570424", 
    "user_id_2" : "759251", 
    "relationship" : false
}
{ 
    "_id" : ObjectId("5ac8512dcc9d40946ae8dc50"), 
    "user_id_1" : "2806222324", 
    "user_id_2" : "759251", 
    "relationship" : false
}
{ 
    "_id" : ObjectId("5ac8512dcc9d40946ae8dc51"), 
    "user_id_1" : "2206818147", 
    "user_id_2" : "759251", 
    "relationship" : false
}
{ 
    "_id" : ObjectId("5ac8512ecc9d40946ae8dc52"), 
    "user_id_1" : "114849453", 
    "user_id_2" : "759251", 
    "relationship" : false
}
{ 
    "_id" : ObjectId("5ac8512ecc9d40946ae8dc53"), 
    "user_id_1" : "53785642", 
    "user_id_2" : "759251", 
    "relationship" : true
}
{ 
    "_id" : ObjectId("5ac8512ecc9d40946ae8dc54"), 
    "user_id_1" : "486287847", 
    "user_id_2" : "759251", 
    "relationship" : false
}
{ 
    "_id" : ObjectId("5ac8512fcc9d40946ae8dc55"), 
    "user_id_1" : "3060717421", 
    "user_id_2" : "759251", 
    "relationship" : false
}
{ 
    "_id" : ObjectId("5ac8512fcc9d40946ae8dc56"), 
    "user_id_1" : "607265327", 
    "user_id_2" : "759251", 
    "relationship" : false
}
{ 
    "_id" : ObjectId("5ac85130cc9d40946ae8dc57"), 
    "user_id_1" : "765687746165813249", 
    "user_id_2" : "759251", 
    "relationship" : true
}
{ 
    "_id" : ObjectId("5ac85130cc9d40946ae8dc58"), 
    "user_id_1" : "2571689655", 
    "user_id_2" : "759251", 
    "relationship" : false
}
{ 
    "_id" : ObjectId("5ac85130cc9d40946ae8dc59"), 
    "user_id_1" : "1096864976", 
    "user_id_2" : "759251", 
    "relationship" : false
}
{ 
    "_id" : ObjectId("5ac85131cc9d40946ae8dc5a"), 
    "user_id_1" : "59589868", 
    "user_id_2" : "759251", 
    "relationship" : true
}
{ 
    "_id" : ObjectId("5ac85131cc9d40946ae8dc5b"), 
    "user_id_1" : "3214690851", 
    "user_id_2" : "759251", 
    "relationship" : true
}
{ 
    "_id" : ObjectId("5ac85132cc9d40946ae8dc5c"), 
    "user_id_1" : "2900106065", 
    "user_id_2" : "759251", 
    "relationship" : false
}
{ 
    "_id" : ObjectId("5ac85132cc9d40946ae8dc5d"), 
    "user_id_1" : "17929531", 
    "user_id_2" : "759251", 
    "relationship" : false
}
{ 
    "_id" : ObjectId("5ac85132cc9d40946ae8dc5e"), 
    "user_id_1" : "388088841", 
    "user_id_2" : "759251", 
    "relationship" : false
}
{ 
    "_id" : ObjectId("5ac85133cc9d40946ae8dc5f"), 
    "user_id_1" : "428318495", 
    "user_id_2" : "759251", 
    "relationship" : false
}
{ 
    "_id" : ObjectId("5ac85133cc9d40946ae8dc60"), 
    "user_id_1" : "4801441332", 
    "user_id_2" : "759251", 
    "relationship" : false
}
{ 
    "_id" : ObjectId("5ac85134cc9d40946ae8dc61"), 
    "user_id_1" : "340713402", 
    "user_id_2" : "759251", 
    "relationship" : false
}
{ 
    "_id" : ObjectId("5ac85134cc9d40946ae8dc62"), 
    "user_id_1" : "428827868", 
    "user_id_2" : "759251", 
    "relationship" : false
}
{ 
    "_id" : ObjectId("5ac85134cc9d40946ae8dc63"), 
    "user_id_1" : "1405499876", 
    "user_id_2" : "759251", 
    "relationship" : false
}
{ 
    "_id" : ObjectId("5ac85135cc9d40946ae8dc64"), 
    "user_id_1" : "1000079498", 
    "user_id_2" : "759251", 
    "relationship" : false
}
{ 
    "_id" : ObjectId("5ac85135cc9d40946ae8dc65"), 
    "user_id_1" : "487270340", 
    "user_id_2" : "759251", 
    "relationship" : false
}
{ 
    "_id" : ObjectId("5ac85135cc9d40946ae8dc66"), 
    "user_id_1" : "3023438308", 
    "user_id_2" : "759251", 
    "relationship" : false
}
{ 
    "_id" : ObjectId("5ac85136cc9d40946ae8dc67"), 
    "user_id_1" : "568536495", 
    "user_id_2" : "759251", 
    "relationship" : true
}
{ 
    "_id" : ObjectId("5ac85136cc9d40946ae8dc68"), 
    "user_id_1" : "773948324", 
    "user_id_2" : "759251", 
    "relationship" : true
}
{ 
    "_id" : ObjectId("5ac85137cc9d40946ae8dc69"), 
    "user_id_1" : "169084417", 
    "user_id_2" : "759251", 
    "relationship" : false
}
{ 
    "_id" : ObjectId("5ac85137cc9d40946ae8dc6a"), 
    "user_id_1" : "274782841", 
    "user_id_2" : "759251", 
    "relationship" : false
}
{ 
    "_id" : ObjectId("5ac85138cc9d40946ae8dc6b"), 
    "user_id_1" : "28674574", 
    "user_id_2" : "759251", 
    "relationship" : false
}
{ 
    "_id" : ObjectId("5ac85138cc9d40946ae8dc6c"), 
    "user_id_1" : "3293642791", 
    "user_id_2" : "759251", 
    "relationship" : true
}
{ 
    "_id" : ObjectId("5ac85139cc9d40946ae8dc6d"), 
    "user_id_1" : "847916105008111619", 
    "user_id_2" : "759251", 
    "relationship" : false
}
{ 
    "_id" : ObjectId("5ac85139cc9d40946ae8dc6e"), 
    "user_id_1" : "2389018658", 
    "user_id_2" : "759251", 
    "relationship" : false
}
{ 
    "_id" : ObjectId("5ac85139cc9d40946ae8dc6f"), 
    "user_id_1" : "3231020868", 
    "user_id_2" : "759251", 
    "relationship" : true
}
{ 
    "_id" : ObjectId("5ac8513acc9d40946ae8dc70"), 
    "user_id_1" : "3568025837", 
    "user_id_2" : "759251", 
    "relationship" : false
}
{ 
    "_id" : ObjectId("5ac8513bcc9d40946ae8dc71"), 
    "user_id_1" : "888133974", 
    "user_id_2" : "759251", 
    "relationship" : true
}
{ 
    "_id" : ObjectId("5ac8513bcc9d40946ae8dc72"), 
    "user_id_1" : "40240583", 
    "user_id_2" : "759251", 
    "relationship" : false
}
{ 
    "_id" : ObjectId("5ac8513ccc9d40946ae8dc73"), 
    "user_id_1" : "2526533634", 
    "user_id_2" : "759251", 
    "relationship" : false
}
{ 
    "_id" : ObjectId("5ac8513ccc9d40946ae8dc74"), 
    "user_id_1" : "60709888", 
    "user_id_2" : "759251", 
    "relationship" : false
}
{ 
    "_id" : ObjectId("5ac8513dcc9d40946ae8dc75"), 
    "user_id_1" : "160212328", 
    "user_id_2" : "759251", 
    "relationship" : false
}
{ 
    "_id" : ObjectId("5ac8513ecc9d40946ae8dc76"), 
    "user_id_1" : "2497606549", 
    "user_id_2" : "759251", 
    "relationship" : false
}
{ 
    "_id" : ObjectId("5ac8513fcc9d40946ae8dc77"), 
    "user_id_1" : "125033423", 
    "user_id_2" : "759251", 
    "relationship" : false
}
{ 
    "_id" : ObjectId("5ac8513fcc9d40946ae8dc78"), 
    "user_id_1" : "2753445235", 
    "user_id_2" : "759251", 
    "relationship" : false
}
{ 
    "_id" : ObjectId("5ac8513fcc9d40946ae8dc79"), 
    "user_id_1" : "91485929", 
    "user_id_2" : "759251", 
    "relationship" : false
}
{ 
    "_id" : ObjectId("5ac85140cc9d40946ae8dc7a"), 
    "user_id_1" : "927110830969294849", 
    "user_id_2" : "759251", 
    "relationship" : false
}
{ 
    "_id" : ObjectId("5ac85140cc9d40946ae8dc7b"), 
    "user_id_1" : "314749890", 
    "user_id_2" : "759251", 
    "relationship" : true
}
{ 
    "_id" : ObjectId("5ac85141cc9d40946ae8dc7c"), 
    "user_id_1" : "50842717", 
    "user_id_2" : "759251", 
    "relationship" : false
}
{ 
    "_id" : ObjectId("5ac85141cc9d40946ae8dc7d"), 
    "user_id_1" : "3054521071", 
    "user_id_2" : "759251", 
    "relationship" : false
}
{ 
    "_id" : ObjectId("5ac85141cc9d40946ae8dc7e"), 
    "user_id_1" : "1612190970", 
    "user_id_2" : "759251", 
    "relationship" : false
}
{ 
    "_id" : ObjectId("5ac85142cc9d40946ae8dc7f"), 
    "user_id_1" : "127999781", 
    "user_id_2" : "759251", 
    "relationship" : false
}
{ 
    "_id" : ObjectId("5ac85142cc9d40946ae8dc80"), 
    "user_id_1" : "1689440150", 
    "user_id_2" : "759251", 
    "relationship" : false
}
{ 
    "_id" : ObjectId("5ac85143cc9d40946ae8dc81"), 
    "user_id_1" : "546958899", 
    "user_id_2" : "759251", 
    "relationship" : false
}
{ 
    "_id" : ObjectId("5ac85143cc9d40946ae8dc82"), 
    "user_id_1" : "60797451", 
    "user_id_2" : "759251", 
    "relationship" : true
}
{ 
    "_id" : ObjectId("5ac85143cc9d40946ae8dc83"), 
    "user_id_1" : "838514513762742272", 
    "user_id_2" : "759251", 
    "relationship" : false
}
{ 
    "_id" : ObjectId("5ac85144cc9d40946ae8dc84"), 
    "user_id_1" : "783445747475714048", 
    "user_id_2" : "759251", 
    "relationship" : true
}
{ 
    "_id" : ObjectId("5ac85144cc9d40946ae8dc85"), 
    "user_id_1" : "272063261", 
    "user_id_2" : "759251", 
    "relationship" : true
}
{ 
    "_id" : ObjectId("5ac85145cc9d40946ae8dc86"), 
    "user_id_1" : "2731273409", 
    "user_id_2" : "759251", 
    "relationship" : false
}
{ 
    "_id" : ObjectId("5ac85145cc9d40946ae8dc87"), 
    "user_id_1" : "238234825", 
    "user_id_2" : "759251", 
    "relationship" : true
}
{ 
    "_id" : ObjectId("5ac85145cc9d40946ae8dc88"), 
    "user_id_1" : "443152466", 
    "user_id_2" : "759251", 
    "relationship" : true
}
{ 
    "_id" : ObjectId("5ac85146cc9d40946ae8dc89"), 
    "user_id_1" : "892988139358363648", 
    "user_id_2" : "759251", 
    "relationship" : false
}
{ 
    "_id" : ObjectId("5ac85146cc9d40946ae8dc8a"), 
    "user_id_1" : "1575261930", 
    "user_id_2" : "759251", 
    "relationship" : false
}
{ 
    "_id" : ObjectId("5ac85146cc9d40946ae8dc8b"), 
    "user_id_1" : "41766941", 
    "user_id_2" : "759251", 
    "relationship" : false
}
{ 
    "_id" : ObjectId("5ac8522acc9d40946ae8dc8c"), 
    "user_id_1" : "607771647", 
    "user_id_2" : "759251", 
    "relationship" : false
}
{ 
    "_id" : ObjectId("5ac8522bcc9d40946ae8dc8d"), 
    "user_id_1" : "889083587504594944", 
    "user_id_2" : "759251", 
    "relationship" : true
}
{ 
    "_id" : ObjectId("5ac8522bcc9d40946ae8dc8e"), 
    "user_id_1" : "19429983", 
    "user_id_2" : "759251", 
    "relationship" : true
}
{ 
    "_id" : ObjectId("5ac8522ccc9d40946ae8dc8f"), 
    "user_id_1" : "4049171957", 
    "user_id_2" : "759251", 
    "relationship" : false
}
{ 
    "_id" : ObjectId("5ac8522ccc9d40946ae8dc90"), 
    "user_id_1" : "4273829132", 
    "user_id_2" : "759251", 
    "relationship" : true
}
{ 
    "_id" : ObjectId("5ac8522ccc9d40946ae8dc91"), 
    "user_id_1" : "2336797569", 
    "user_id_2" : "759251", 
    "relationship" : false
}
{ 
    "_id" : ObjectId("5ac8522dcc9d40946ae8dc92"), 
    "user_id_1" : "3103384384", 
    "user_id_2" : "759251", 
    "relationship" : false
}
{ 
    "_id" : ObjectId("5ac8522dcc9d40946ae8dc93"), 
    "user_id_1" : "4498471102", 
    "user_id_2" : "759251", 
    "relationship" : true
}
{ 
    "_id" : ObjectId("5ac8522dcc9d40946ae8dc94"), 
    "user_id_1" : "3000483064", 
    "user_id_2" : "759251", 
    "relationship" : false
}
{ 
    "_id" : ObjectId("5ac8522ecc9d40946ae8dc95"), 
    "user_id_1" : "3303365332", 
    "user_id_2" : "759251", 
    "relationship" : false
}
{ 
    "_id" : ObjectId("5ac8522ecc9d40946ae8dc96"), 
    "user_id_1" : "301639348", 
    "user_id_2" : "759251", 
    "relationship" : true
}
{ 
    "_id" : ObjectId("5ac8522fcc9d40946ae8dc97"), 
    "user_id_1" : "725920942900187136", 
    "user_id_2" : "759251", 
    "relationship" : false
}
{ 
    "_id" : ObjectId("5ac8522fcc9d40946ae8dc98"), 
    "user_id_1" : "1671381536", 
    "user_id_2" : "759251", 
    "relationship" : false
}
{ 
    "_id" : ObjectId("5ac8522fcc9d40946ae8dc99"), 
    "user_id_1" : "280150901", 
    "user_id_2" : "759251", 
    "relationship" : false
}
{ 
    "_id" : ObjectId("5ac85230cc9d40946ae8dc9a"), 
    "user_id_1" : "2817714293", 
    "user_id_2" : "759251", 
    "relationship" : true
}
{ 
    "_id" : ObjectId("5ac85230cc9d40946ae8dc9b"), 
    "user_id_1" : "923452001857388544", 
    "user_id_2" : "759251", 
    "relationship" : true
}
{ 
    "_id" : ObjectId("5ac85230cc9d40946ae8dc9c"), 
    "user_id_1" : "792382678817464320", 
    "user_id_2" : "759251", 
    "relationship" : false
}
{ 
    "_id" : ObjectId("5ac85231cc9d40946ae8dc9d"), 
    "user_id_1" : "29379140", 
    "user_id_2" : "759251", 
    "relationship" : false
}
{ 
    "_id" : ObjectId("5ac85231cc9d40946ae8dc9e"), 
    "user_id_1" : "2561999820", 
    "user_id_2" : "759251", 
    "relationship" : false
}
{ 
    "_id" : ObjectId("5ac85232cc9d40946ae8dc9f"), 
    "user_id_1" : "488674637", 
    "user_id_2" : "759251", 
    "relationship" : true
}
{ 
    "_id" : ObjectId("5ac85232cc9d40946ae8dca0"), 
    "user_id_1" : "719816985488568320", 
    "user_id_2" : "759251", 
    "relationship" : false
}
{ 
    "_id" : ObjectId("5ac85233cc9d40946ae8dca1"), 
    "user_id_1" : "31509971", 
    "user_id_2" : "759251", 
    "relationship" : true
}
{ 
    "_id" : ObjectId("5ac85233cc9d40946ae8dca2"), 
    "user_id_1" : "937043871082610688", 
    "user_id_2" : "759251", 
    "relationship" : true
}
{ 
    "_id" : ObjectId("5ac85233cc9d40946ae8dca3"), 
    "user_id_1" : "42853515", 
    "user_id_2" : "759251", 
    "relationship" : false
}
{ 
    "_id" : ObjectId("5ac85234cc9d40946ae8dca4"), 
    "user_id_1" : "233077081", 
    "user_id_2" : "759251", 
    "relationship" : true
}
{ 
    "_id" : ObjectId("5ac85234cc9d40946ae8dca5"), 
    "user_id_1" : "41985171", 
    "user_id_2" : "759251", 
    "relationship" : false
}
{ 
    "_id" : ObjectId("5ac85234cc9d40946ae8dca6"), 
    "user_id_1" : "3464616794", 
    "user_id_2" : "759251", 
    "relationship" : false
}
{ 
    "_id" : ObjectId("5ac85235cc9d40946ae8dca7"), 
    "user_id_1" : "2872106690", 
    "user_id_2" : "759251", 
    "relationship" : false
}
{ 
    "_id" : ObjectId("5ac85235cc9d40946ae8dca8"), 
    "user_id_1" : "948259638", 
    "user_id_2" : "759251", 
    "relationship" : false
}
{ 
    "_id" : ObjectId("5ac85236cc9d40946ae8dca9"), 
    "user_id_1" : "3464209341", 
    "user_id_2" : "759251", 
    "relationship" : false
}
{ 
    "_id" : ObjectId("5ac85236cc9d40946ae8dcaa"), 
    "user_id_1" : "2885608153", 
    "user_id_2" : "759251", 
    "relationship" : false
}
{ 
    "_id" : ObjectId("5ac85236cc9d40946ae8dcab"), 
    "user_id_1" : "304375321", 
    "user_id_2" : "759251", 
    "relationship" : false
}
{ 
    "_id" : ObjectId("5ac85237cc9d40946ae8dcac"), 
    "user_id_1" : "1569671443", 
    "user_id_2" : "759251", 
    "relationship" : true
}
{ 
    "_id" : ObjectId("5ac85237cc9d40946ae8dcad"), 
    "user_id_1" : "66257663", 
    "user_id_2" : "759251", 
    "relationship" : false
}
{ 
    "_id" : ObjectId("5ac85237cc9d40946ae8dcae"), 
    "user_id_1" : "910598091350437888", 
    "user_id_2" : "759251", 
    "relationship" : false
}
{ 
    "_id" : ObjectId("5ac85238cc9d40946ae8dcaf"), 
    "user_id_1" : "332104039", 
    "user_id_2" : "759251", 
    "relationship" : false
}
