{ 
    "_id" : ObjectId("5ac8d1b6cc9d409b256561c8"), 
    "user_id" : NumberInt(381580592)
}
{ 
    "_id" : ObjectId("5ac8d1b6cc9d409b256561c9"), 
    "user_id" : NumberInt(117591701)
}
{ 
    "_id" : ObjectId("5ac8d1b6cc9d409b256561ca"), 
    "user_id" : NumberLong(2153283325)
}
{ 
    "_id" : ObjectId("5ac8d1b6cc9d409b256561cb"), 
    "user_id" : NumberLong(2611157977)
}
{ 
    "_id" : ObjectId("5ac8d1b6cc9d409b256561cc"), 
    "user_id" : NumberInt(335469402)
}
{ 
    "_id" : ObjectId("5ac8d1b6cc9d409b256561cd"), 
    "user_id" : NumberLong(2502817849)
}
{ 
    "_id" : ObjectId("5ac8d1b6cc9d409b256561ce"), 
    "user_id" : NumberLong(3320687820)
}
{ 
    "_id" : ObjectId("5ac8d1b6cc9d409b256561cf"), 
    "user_id" : NumberInt(633159037)
}
{ 
    "_id" : ObjectId("5ac8d1b6cc9d409b256561d0"), 
    "user_id" : NumberLong(2429824123)
}
{ 
    "_id" : ObjectId("5ac8d1b6cc9d409b256561d1"), 
    "user_id" : NumberInt(75607811)
}
{ 
    "_id" : ObjectId("5ac8d1b6cc9d409b256561d2"), 
    "user_id" : NumberInt(311244323)
}
{ 
    "_id" : ObjectId("5ac8d1b6cc9d409b256561d3"), 
    "user_id" : NumberInt(20760246)
}
{ 
    "_id" : ObjectId("5ac8d1b6cc9d409b256561d4"), 
    "user_id" : NumberInt(107247438)
}
{ 
    "_id" : ObjectId("5ac8d1b6cc9d409b256561d5"), 
    "user_id" : NumberLong(3170119639)
}
{ 
    "_id" : ObjectId("5ac8d1b6cc9d409b256561d6"), 
    "user_id" : NumberInt(566434019)
}
{ 
    "_id" : ObjectId("5ac8d1b6cc9d409b256561d7"), 
    "user_id" : NumberLong(2318369313)
}
{ 
    "_id" : ObjectId("5ac8d1b6cc9d409b256561d8"), 
    "user_id" : NumberInt(703938761)
}
{ 
    "_id" : ObjectId("5ac8d1b6cc9d409b256561d9"), 
    "user_id" : NumberInt(1126630598)
}
{ 
    "_id" : ObjectId("5ac8d1b6cc9d409b256561da"), 
    "user_id" : NumberLong(824351003583639552)
}
{ 
    "_id" : ObjectId("5ac8d1b6cc9d409b256561db"), 
    "user_id" : NumberInt(603726223)
}
{ 
    "_id" : ObjectId("5ac8d1b6cc9d409b256561dc"), 
    "user_id" : NumberLong(892428638725033984)
}
{ 
    "_id" : ObjectId("5ac8d1b6cc9d409b256561dd"), 
    "user_id" : NumberLong(2615452411)
}
{ 
    "_id" : ObjectId("5ac8d1b6cc9d409b256561de"), 
    "user_id" : NumberLong(4342221797)
}
{ 
    "_id" : ObjectId("5ac8d1b6cc9d409b256561df"), 
    "user_id" : NumberLong(957784108985454597)
}
{ 
    "_id" : ObjectId("5ac8d1b6cc9d409b256561e0"), 
    "user_id" : NumberInt(422849659)
}
{ 
    "_id" : ObjectId("5ac8d1b6cc9d409b256561e1"), 
    "user_id" : NumberInt(478861382)
}
{ 
    "_id" : ObjectId("5ac8d1b6cc9d409b256561e2"), 
    "user_id" : NumberLong(2548132759)
}
{ 
    "_id" : ObjectId("5ac8d1b6cc9d409b256561e3"), 
    "user_id" : NumberInt(1199099960)
}
{ 
    "_id" : ObjectId("5ac8d1b6cc9d409b256561e4"), 
    "user_id" : NumberLong(2444605545)
}
{ 
    "_id" : ObjectId("5ac8d1b6cc9d409b256561e5"), 
    "user_id" : NumberInt(616800339)
}
{ 
    "_id" : ObjectId("5ac8d1b6cc9d409b256561e6"), 
    "user_id" : NumberLong(968437791557238784)
}
{ 
    "_id" : ObjectId("5ac8d1b6cc9d409b256561e7"), 
    "user_id" : NumberInt(219493735)
}
{ 
    "_id" : ObjectId("5ac8d1b6cc9d409b256561e8"), 
    "user_id" : NumberInt(1292274506)
}
{ 
    "_id" : ObjectId("5ac8d1b6cc9d409b256561e9"), 
    "user_id" : NumberInt(1059268982)
}
{ 
    "_id" : ObjectId("5ac8d1b6cc9d409b256561ea"), 
    "user_id" : NumberInt(1005151562)
}
{ 
    "_id" : ObjectId("5ac8d1b6cc9d409b256561eb"), 
    "user_id" : NumberInt(171634990)
}
{ 
    "_id" : ObjectId("5ac8d1b6cc9d409b256561ec"), 
    "user_id" : NumberLong(912130794981904389)
}
{ 
    "_id" : ObjectId("5ac8d1b6cc9d409b256561ed"), 
    "user_id" : NumberLong(4459842733)
}
{ 
    "_id" : ObjectId("5ac8d1b6cc9d409b256561ee"), 
    "user_id" : NumberInt(383847388)
}
{ 
    "_id" : ObjectId("5ac8d1b6cc9d409b256561ef"), 
    "user_id" : NumberLong(954895630119329792)
}
{ 
    "_id" : ObjectId("5ac8d1b6cc9d409b256561f0"), 
    "user_id" : NumberInt(1226160774)
}
{ 
    "_id" : ObjectId("5ac8d1b6cc9d409b256561f1"), 
    "user_id" : NumberInt(79857828)
}
{ 
    "_id" : ObjectId("5ac8d1b6cc9d409b256561f2"), 
    "user_id" : NumberInt(153963930)
}
{ 
    "_id" : ObjectId("5ac8d1b6cc9d409b256561f3"), 
    "user_id" : NumberInt(1035948067)
}
{ 
    "_id" : ObjectId("5ac8d1b6cc9d409b256561f4"), 
    "user_id" : NumberLong(731610616377552897)
}
{ 
    "_id" : ObjectId("5ac8d1b6cc9d409b256561f5"), 
    "user_id" : NumberLong(872677874959958017)
}
{ 
    "_id" : ObjectId("5ac8d1b6cc9d409b256561f6"), 
    "user_id" : NumberLong(720662704218849281)
}
{ 
    "_id" : ObjectId("5ac8d1b6cc9d409b256561f7"), 
    "user_id" : NumberInt(66574638)
}
{ 
    "_id" : ObjectId("5ac8d1b6cc9d409b256561f8"), 
    "user_id" : NumberInt(1120684848)
}
{ 
    "_id" : ObjectId("5ac8d1b6cc9d409b256561f9"), 
    "user_id" : NumberLong(931698303892361217)
}
{ 
    "_id" : ObjectId("5ac8d1b6cc9d409b256561fa"), 
    "user_id" : NumberInt(1240679978)
}
{ 
    "_id" : ObjectId("5ac8d1b6cc9d409b256561fb"), 
    "user_id" : NumberLong(2213558729)
}
{ 
    "_id" : ObjectId("5ac8d1b6cc9d409b256561fc"), 
    "user_id" : NumberLong(811376101326868482)
}
{ 
    "_id" : ObjectId("5ac8d1b6cc9d409b256561fd"), 
    "user_id" : NumberLong(882252727539183619)
}
{ 
    "_id" : ObjectId("5ac8d1b6cc9d409b256561fe"), 
    "user_id" : NumberInt(280557384)
}
{ 
    "_id" : ObjectId("5ac8d1b6cc9d409b256561ff"), 
    "user_id" : NumberInt(367313592)
}
{ 
    "_id" : ObjectId("5ac8d1b6cc9d409b25656200"), 
    "user_id" : NumberLong(2392197547)
}
{ 
    "_id" : ObjectId("5ac8d1b6cc9d409b25656201"), 
    "user_id" : NumberInt(319195010)
}
{ 
    "_id" : ObjectId("5ac8d1b6cc9d409b25656202"), 
    "user_id" : NumberInt(494500353)
}
{ 
    "_id" : ObjectId("5ac8d1b6cc9d409b25656203"), 
    "user_id" : NumberInt(429377307)
}
{ 
    "_id" : ObjectId("5ac8d1b6cc9d409b25656204"), 
    "user_id" : NumberLong(3361006876)
}
{ 
    "_id" : ObjectId("5ac8d1b6cc9d409b25656205"), 
    "user_id" : NumberInt(1964466348)
}
{ 
    "_id" : ObjectId("5ac8d1b6cc9d409b25656206"), 
    "user_id" : NumberInt(776139174)
}
{ 
    "_id" : ObjectId("5ac8d1b6cc9d409b25656207"), 
    "user_id" : NumberLong(4885169307)
}
{ 
    "_id" : ObjectId("5ac8d1b6cc9d409b25656208"), 
    "user_id" : NumberLong(3482569715)
}
{ 
    "_id" : ObjectId("5ac8d1b6cc9d409b25656209"), 
    "user_id" : NumberInt(214570424)
}
{ 
    "_id" : ObjectId("5ac8d1b6cc9d409b2565620a"), 
    "user_id" : NumberLong(2806222324)
}
{ 
    "_id" : ObjectId("5ac8d1b6cc9d409b2565620b"), 
    "user_id" : NumberLong(2206818147)
}
{ 
    "_id" : ObjectId("5ac8d1b6cc9d409b2565620c"), 
    "user_id" : NumberInt(114849453)
}
{ 
    "_id" : ObjectId("5ac8d1b6cc9d409b2565620d"), 
    "user_id" : NumberLong(3060717421)
}
{ 
    "_id" : ObjectId("5ac8d1b6cc9d409b2565620e"), 
    "user_id" : NumberInt(607265327)
}
{ 
    "_id" : ObjectId("5ac8d1b6cc9d409b2565620f"), 
    "user_id" : NumberInt(1096864976)
}
{ 
    "_id" : ObjectId("5ac8d1b6cc9d409b25656210"), 
    "user_id" : NumberLong(2900106065)
}
{ 
    "_id" : ObjectId("5ac8d1b6cc9d409b25656211"), 
    "user_id" : NumberInt(17929531)
}
{ 
    "_id" : ObjectId("5ac8d1b6cc9d409b25656212"), 
    "user_id" : NumberInt(388088841)
}
{ 
    "_id" : ObjectId("5ac8d1b6cc9d409b25656213"), 
    "user_id" : NumberInt(428318495)
}
{ 
    "_id" : ObjectId("5ac8d1b6cc9d409b25656214"), 
    "user_id" : NumberLong(4801441332)
}
{ 
    "_id" : ObjectId("5ac8d1b6cc9d409b25656215"), 
    "user_id" : NumberInt(340713402)
}
{ 
    "_id" : ObjectId("5ac8d1b6cc9d409b25656216"), 
    "user_id" : NumberInt(428827868)
}
{ 
    "_id" : ObjectId("5ac8d1b6cc9d409b25656217"), 
    "user_id" : NumberInt(1405499876)
}
{ 
    "_id" : ObjectId("5ac8d1b6cc9d409b25656218"), 
    "user_id" : NumberInt(1000079498)
}
{ 
    "_id" : ObjectId("5ac8d1b6cc9d409b25656219"), 
    "user_id" : NumberInt(487270340)
}
{ 
    "_id" : ObjectId("5ac8d1b6cc9d409b2565621a"), 
    "user_id" : NumberLong(3023438308)
}
{ 
    "_id" : ObjectId("5ac8d1b6cc9d409b2565621b"), 
    "user_id" : NumberInt(169084417)
}
{ 
    "_id" : ObjectId("5ac8d1b6cc9d409b2565621c"), 
    "user_id" : NumberInt(274782841)
}
{ 
    "_id" : ObjectId("5ac8d1b6cc9d409b2565621d"), 
    "user_id" : NumberLong(847916105008111619)
}
{ 
    "_id" : ObjectId("5ac8d1b6cc9d409b2565621e"), 
    "user_id" : NumberLong(2389018658)
}
{ 
    "_id" : ObjectId("5ac8d1b6cc9d409b2565621f"), 
    "user_id" : NumberLong(3568025837)
}
{ 
    "_id" : ObjectId("5ac8d1b6cc9d409b25656220"), 
    "user_id" : NumberInt(40240583)
}
{ 
    "_id" : ObjectId("5ac8d1b6cc9d409b25656221"), 
    "user_id" : NumberLong(2526533634)
}
{ 
    "_id" : ObjectId("5ac8d1b6cc9d409b25656222"), 
    "user_id" : NumberInt(60709888)
}
{ 
    "_id" : ObjectId("5ac8d1b6cc9d409b25656223"), 
    "user_id" : NumberInt(160212328)
}
{ 
    "_id" : ObjectId("5ac8d1b6cc9d409b25656224"), 
    "user_id" : NumberLong(2497606549)
}
{ 
    "_id" : ObjectId("5ac8d1b6cc9d409b25656225"), 
    "user_id" : NumberInt(125033423)
}
{ 
    "_id" : ObjectId("5ac8d1b6cc9d409b25656226"), 
    "user_id" : NumberLong(2753445235)
}
{ 
    "_id" : ObjectId("5ac8d1b6cc9d409b25656227"), 
    "user_id" : NumberInt(91485929)
}
{ 
    "_id" : ObjectId("5ac8d1b6cc9d409b25656228"), 
    "user_id" : NumberLong(927110830969294849)
}
{ 
    "_id" : ObjectId("5ac8d1b6cc9d409b25656229"), 
    "user_id" : NumberInt(50842717)
}
{ 
    "_id" : ObjectId("5ac8d1b6cc9d409b2565622a"), 
    "user_id" : NumberLong(3054521071)
}
{ 
    "_id" : ObjectId("5ac8d1b6cc9d409b2565622b"), 
    "user_id" : NumberInt(1612190970)
}
{ 
    "_id" : ObjectId("5ac8d1b6cc9d409b2565622c"), 
    "user_id" : NumberInt(127999781)
}
{ 
    "_id" : ObjectId("5ac8d1b6cc9d409b2565622d"), 
    "user_id" : NumberInt(1689440150)
}
{ 
    "_id" : ObjectId("5ac8d1b6cc9d409b2565622e"), 
    "user_id" : NumberInt(546958899)
}
{ 
    "_id" : ObjectId("5ac8d1b6cc9d409b2565622f"), 
    "user_id" : NumberLong(838514513762742272)
}
{ 
    "_id" : ObjectId("5ac8d1b6cc9d409b25656230"), 
    "user_id" : NumberLong(2731273409)
}
{ 
    "_id" : ObjectId("5ac8d1b6cc9d409b25656231"), 
    "user_id" : NumberLong(892988139358363648)
}
{ 
    "_id" : ObjectId("5ac8d1b6cc9d409b25656232"), 
    "user_id" : NumberInt(1575261930)
}
{ 
    "_id" : ObjectId("5ac8d1b6cc9d409b25656233"), 
    "user_id" : NumberInt(41766941)
}
{ 
    "_id" : ObjectId("5ac8d1b6cc9d409b25656234"), 
    "user_id" : NumberInt(607771647)
}
{ 
    "_id" : ObjectId("5ac8d1b6cc9d409b25656235"), 
    "user_id" : NumberLong(4049171957)
}
{ 
    "_id" : ObjectId("5ac8d1b6cc9d409b25656236"), 
    "user_id" : NumberLong(2336797569)
}
{ 
    "_id" : ObjectId("5ac8d1b6cc9d409b25656237"), 
    "user_id" : NumberLong(3103384384)
}
{ 
    "_id" : ObjectId("5ac8d1b6cc9d409b25656238"), 
    "user_id" : NumberLong(3000483064)
}
{ 
    "_id" : ObjectId("5ac8d1b6cc9d409b25656239"), 
    "user_id" : NumberLong(3303365332)
}
{ 
    "_id" : ObjectId("5ac8d1b6cc9d409b2565623a"), 
    "user_id" : NumberLong(725920942900187136)
}
{ 
    "_id" : ObjectId("5ac8d1b6cc9d409b2565623b"), 
    "user_id" : NumberInt(1671381536)
}
{ 
    "_id" : ObjectId("5ac8d1b6cc9d409b2565623c"), 
    "user_id" : NumberInt(280150901)
}
{ 
    "_id" : ObjectId("5ac8d1b6cc9d409b2565623d"), 
    "user_id" : NumberLong(792382678817464320)
}
{ 
    "_id" : ObjectId("5ac8d1b6cc9d409b2565623e"), 
    "user_id" : NumberInt(29379140)
}
{ 
    "_id" : ObjectId("5ac8d1b6cc9d409b2565623f"), 
    "user_id" : NumberLong(2561999820)
}
{ 
    "_id" : ObjectId("5ac8d1b6cc9d409b25656240"), 
    "user_id" : NumberLong(719816985488568320)
}
{ 
    "_id" : ObjectId("5ac8d1b6cc9d409b25656241"), 
    "user_id" : NumberInt(42853515)
}
{ 
    "_id" : ObjectId("5ac8d1b6cc9d409b25656242"), 
    "user_id" : NumberInt(41985171)
}
{ 
    "_id" : ObjectId("5ac8d1b6cc9d409b25656243"), 
    "user_id" : NumberLong(3464616794)
}
{ 
    "_id" : ObjectId("5ac8d1b6cc9d409b25656244"), 
    "user_id" : NumberLong(2872106690)
}
{ 
    "_id" : ObjectId("5ac8d1b6cc9d409b25656245"), 
    "user_id" : NumberInt(948259638)
}
{ 
    "_id" : ObjectId("5ac8d1b6cc9d409b25656246"), 
    "user_id" : NumberLong(3464209341)
}
{ 
    "_id" : ObjectId("5ac8d1b6cc9d409b25656247"), 
    "user_id" : NumberLong(2885608153)
}
{ 
    "_id" : ObjectId("5ac8d1b6cc9d409b25656248"), 
    "user_id" : NumberInt(304375321)
}
{ 
    "_id" : ObjectId("5ac8d1b6cc9d409b25656249"), 
    "user_id" : NumberInt(66257663)
}
{ 
    "_id" : ObjectId("5ac8d1b6cc9d409b2565624a"), 
    "user_id" : NumberLong(910598091350437888)
}
{ 
    "_id" : ObjectId("5ac8d1b6cc9d409b2565624b"), 
    "user_id" : NumberInt(332104039)
}
