{ 
    "_id" : ObjectId("5ac8d35dcc9d40a6e178176a"), 
    "user_id_1" : "158093043", 
    "user_id_2" : "759251", 
    "relationship" : false
}
{ 
    "_id" : ObjectId("5ac8d35ecc9d40a6e178176b"), 
    "user_id_1" : "49549001", 
    "user_id_2" : "759251", 
    "relationship" : true
}
{ 
    "_id" : ObjectId("5ac8d35fcc9d40a6e178176c"), 
    "user_id_1" : "702231013976629248", 
    "user_id_2" : "759251", 
    "relationship" : false
}
{ 
    "_id" : ObjectId("5ac8d35fcc9d40a6e178176d"), 
    "user_id_1" : "1099938031", 
    "user_id_2" : "759251", 
    "relationship" : true
}
{ 
    "_id" : ObjectId("5ac8d35fcc9d40a6e178176e"), 
    "user_id_1" : "2192461512", 
    "user_id_2" : "759251", 
    "relationship" : false
}
{ 
    "_id" : ObjectId("5ac8d360cc9d40a6e178176f"), 
    "user_id_1" : "3191484193", 
    "user_id_2" : "759251", 
    "relationship" : true
}
{ 
    "_id" : ObjectId("5ac8d360cc9d40a6e1781770"), 
    "user_id_1" : "11453502", 
    "user_id_2" : "759251", 
    "relationship" : false
}
{ 
    "_id" : ObjectId("5ac8d361cc9d40a6e1781771"), 
    "user_id_1" : "511435006", 
    "user_id_2" : "759251", 
    "relationship" : false
}
{ 
    "_id" : ObjectId("5ac8d361cc9d40a6e1781772"), 
    "user_id_1" : "46446130", 
    "user_id_2" : "759251", 
    "relationship" : false
}
{ 
    "_id" : ObjectId("5ac8d361cc9d40a6e1781773"), 
    "user_id_1" : "922810648706215937", 
    "user_id_2" : "759251", 
    "relationship" : true
}
{ 
    "_id" : ObjectId("5ac8d362cc9d40a6e1781774"), 
    "user_id_1" : "847884157757927426", 
    "user_id_2" : "759251", 
    "relationship" : false
}
{ 
    "_id" : ObjectId("5ac8d362cc9d40a6e1781775"), 
    "user_id_1" : "173458211", 
    "user_id_2" : "759251", 
    "relationship" : false
}
{ 
    "_id" : ObjectId("5ac8d363cc9d40a6e1781776"), 
    "user_id_1" : "851984899468820481", 
    "user_id_2" : "759251", 
    "relationship" : false
}
{ 
    "_id" : ObjectId("5ac8d363cc9d40a6e1781777"), 
    "user_id_1" : "27562349", 
    "user_id_2" : "759251", 
    "relationship" : false
}
{ 
    "_id" : ObjectId("5ac8d363cc9d40a6e1781778"), 
    "user_id_1" : "1466069606", 
    "user_id_2" : "759251", 
    "relationship" : false
}
{ 
    "_id" : ObjectId("5ac8d364cc9d40a6e1781779"), 
    "user_id_1" : "720227127266664448", 
    "user_id_2" : "759251", 
    "relationship" : true
}
{ 
    "_id" : ObjectId("5ac8d364cc9d40a6e178177a"), 
    "user_id_1" : "797314622", 
    "user_id_2" : "759251", 
    "relationship" : false
}
{ 
    "_id" : ObjectId("5ac8d365cc9d40a6e178177b"), 
    "user_id_1" : "297681102", 
    "user_id_2" : "759251", 
    "relationship" : false
}
{ 
    "_id" : ObjectId("5ac8d365cc9d40a6e178177c"), 
    "user_id_1" : "782667680029421568", 
    "user_id_2" : "759251", 
    "relationship" : false
}
{ 
    "_id" : ObjectId("5ac8d366cc9d40a6e178177d"), 
    "user_id_1" : "25569355", 
    "user_id_2" : "759251", 
    "relationship" : false
}
{ 
    "_id" : ObjectId("5ac8d366cc9d40a6e178177e"), 
    "user_id_1" : "68951901", 
    "user_id_2" : "759251", 
    "relationship" : false
}
{ 
    "_id" : ObjectId("5ac8d366cc9d40a6e178177f"), 
    "user_id_1" : "487845932", 
    "user_id_2" : "759251", 
    "relationship" : true
}
{ 
    "_id" : ObjectId("5ac8d367cc9d40a6e1781780"), 
    "user_id_1" : "419078752", 
    "user_id_2" : "759251", 
    "relationship" : false
}
{ 
    "_id" : ObjectId("5ac8d367cc9d40a6e1781781"), 
    "user_id_1" : "2303913996", 
    "user_id_2" : "759251", 
    "relationship" : false
}
{ 
    "_id" : ObjectId("5ac8d368cc9d40a6e1781782"), 
    "user_id_1" : "613676937", 
    "user_id_2" : "759251", 
    "relationship" : false
}
{ 
    "_id" : ObjectId("5ac8d368cc9d40a6e1781783"), 
    "user_id_1" : "952143761416642560", 
    "user_id_2" : "759251", 
    "relationship" : true
}
{ 
    "_id" : ObjectId("5ac8d368cc9d40a6e1781784"), 
    "user_id_1" : "826474884", 
    "user_id_2" : "759251", 
    "relationship" : false
}
{ 
    "_id" : ObjectId("5ac8d369cc9d40a6e1781785"), 
    "user_id_1" : "955602431995469825", 
    "user_id_2" : "759251", 
    "relationship" : false
}
{ 
    "_id" : ObjectId("5ac8d369cc9d40a6e1781786"), 
    "user_id_1" : "139219409", 
    "user_id_2" : "759251", 
    "relationship" : false
}
{ 
    "_id" : ObjectId("5ac8d36acc9d40a6e1781787"), 
    "user_id_1" : "2428846308", 
    "user_id_2" : "759251", 
    "relationship" : false
}
{ 
    "_id" : ObjectId("5ac8d36acc9d40a6e1781788"), 
    "user_id_1" : "1268545712", 
    "user_id_2" : "759251", 
    "relationship" : false
}
{ 
    "_id" : ObjectId("5ac8d36acc9d40a6e1781789"), 
    "user_id_1" : "1007094660", 
    "user_id_2" : "759251", 
    "relationship" : false
}
{ 
    "_id" : ObjectId("5ac8d36bcc9d40a6e178178a"), 
    "user_id_1" : "2283424766", 
    "user_id_2" : "759251", 
    "relationship" : true
}
{ 
    "_id" : ObjectId("5ac8d36bcc9d40a6e178178b"), 
    "user_id_1" : "815412119298457600", 
    "user_id_2" : "759251", 
    "relationship" : false
}
{ 
    "_id" : ObjectId("5ac8d36ccc9d40a6e178178c"), 
    "user_id_1" : "42834525", 
    "user_id_2" : "759251", 
    "relationship" : false
}
{ 
    "_id" : ObjectId("5ac8d36ccc9d40a6e178178d"), 
    "user_id_1" : "335435353", 
    "user_id_2" : "759251", 
    "relationship" : false
}
{ 
    "_id" : ObjectId("5ac8d36ccc9d40a6e178178e"), 
    "user_id_1" : "738376099936243712", 
    "user_id_2" : "759251", 
    "relationship" : false
}
{ 
    "_id" : ObjectId("5ac8d36dcc9d40a6e178178f"), 
    "user_id_1" : "55225054", 
    "user_id_2" : "759251", 
    "relationship" : false
}
{ 
    "_id" : ObjectId("5ac8d36ecc9d40a6e1781790"), 
    "user_id_1" : "188832266", 
    "user_id_2" : "759251", 
    "relationship" : true
}
{ 
    "_id" : ObjectId("5ac8d36ecc9d40a6e1781791"), 
    "user_id_1" : "800976956", 
    "user_id_2" : "759251", 
    "relationship" : false
}
{ 
    "_id" : ObjectId("5ac8d36ecc9d40a6e1781792"), 
    "user_id_1" : "484539256", 
    "user_id_2" : "759251", 
    "relationship" : false
}
{ 
    "_id" : ObjectId("5ac8d36fcc9d40a6e1781793"), 
    "user_id_1" : "880812041652580353", 
    "user_id_2" : "759251", 
    "relationship" : false
}
{ 
    "_id" : ObjectId("5ac8d36fcc9d40a6e1781794"), 
    "user_id_1" : "756068948", 
    "user_id_2" : "759251", 
    "relationship" : true
}
{ 
    "_id" : ObjectId("5ac8d370cc9d40a6e1781795"), 
    "user_id_1" : "247434606", 
    "user_id_2" : "759251", 
    "relationship" : true
}
{ 
    "_id" : ObjectId("5ac8d370cc9d40a6e1781796"), 
    "user_id_1" : "1014453146", 
    "user_id_2" : "759251", 
    "relationship" : false
}
{ 
    "_id" : ObjectId("5ac8d371cc9d40a6e1781797"), 
    "user_id_1" : "395382198", 
    "user_id_2" : "759251", 
    "relationship" : true
}
{ 
    "_id" : ObjectId("5ac8d371cc9d40a6e1781798"), 
    "user_id_1" : "2802719713", 
    "user_id_2" : "759251", 
    "relationship" : false
}
{ 
    "_id" : ObjectId("5ac8d371cc9d40a6e1781799"), 
    "user_id_1" : "29862308", 
    "user_id_2" : "759251", 
    "relationship" : false
}
{ 
    "_id" : ObjectId("5ac8d372cc9d40a6e178179a"), 
    "user_id_1" : "1209918032", 
    "user_id_2" : "759251", 
    "relationship" : true
}
{ 
    "_id" : ObjectId("5ac8d372cc9d40a6e178179b"), 
    "user_id_1" : "156430134", 
    "user_id_2" : "759251", 
    "relationship" : false
}
{ 
    "_id" : ObjectId("5ac8d372cc9d40a6e178179c"), 
    "user_id_1" : "840756784210051072", 
    "user_id_2" : "759251", 
    "relationship" : false
}
{ 
    "_id" : ObjectId("5ac8d373cc9d40a6e178179d"), 
    "user_id_1" : "935342567805288449", 
    "user_id_2" : "759251", 
    "relationship" : true
}
{ 
    "_id" : ObjectId("5ac8d373cc9d40a6e178179e"), 
    "user_id_1" : "4432270409", 
    "user_id_2" : "759251", 
    "relationship" : false
}
{ 
    "_id" : ObjectId("5ac8d374cc9d40a6e178179f"), 
    "user_id_1" : "25521741", 
    "user_id_2" : "759251", 
    "relationship" : false
}
{ 
    "_id" : ObjectId("5ac8d374cc9d40a6e17817a0"), 
    "user_id_1" : "394942306", 
    "user_id_2" : "759251", 
    "relationship" : false
}
{ 
    "_id" : ObjectId("5ac8d376cc9d40a6e17817a1"), 
    "user_id_1" : "3113203775", 
    "user_id_2" : "759251", 
    "relationship" : false
}
{ 
    "_id" : ObjectId("5ac8d376cc9d40a6e17817a2"), 
    "user_id_1" : "384034768", 
    "user_id_2" : "759251", 
    "relationship" : false
}
{ 
    "_id" : ObjectId("5ac8d376cc9d40a6e17817a3"), 
    "user_id_1" : "578500686", 
    "user_id_2" : "759251", 
    "relationship" : false
}
{ 
    "_id" : ObjectId("5ac8d377cc9d40a6e17817a4"), 
    "user_id_1" : "619148852", 
    "user_id_2" : "759251", 
    "relationship" : false
}
{ 
    "_id" : ObjectId("5ac8d377cc9d40a6e17817a5"), 
    "user_id_1" : "47695812", 
    "user_id_2" : "759251", 
    "relationship" : false
}
{ 
    "_id" : ObjectId("5ac8d378cc9d40a6e17817a6"), 
    "user_id_1" : "469885062", 
    "user_id_2" : "759251", 
    "relationship" : true
}
{ 
    "_id" : ObjectId("5ac8d378cc9d40a6e17817a7"), 
    "user_id_1" : "2205345102", 
    "user_id_2" : "759251", 
    "relationship" : false
}
{ 
    "_id" : ObjectId("5ac8d378cc9d40a6e17817a8"), 
    "user_id_1" : "325985985", 
    "user_id_2" : "759251", 
    "relationship" : true
}
{ 
    "_id" : ObjectId("5ac8d379cc9d40a6e17817a9"), 
    "user_id_1" : "912276799358369792", 
    "user_id_2" : "759251", 
    "relationship" : false
}
{ 
    "_id" : ObjectId("5ac8d379cc9d40a6e17817aa"), 
    "user_id_1" : "2860637732", 
    "user_id_2" : "759251", 
    "relationship" : false
}
{ 
    "_id" : ObjectId("5ac8d37acc9d40a6e17817ab"), 
    "user_id_1" : "18527512", 
    "user_id_2" : "759251", 
    "relationship" : true
}
{ 
    "_id" : ObjectId("5ac8d37acc9d40a6e17817ac"), 
    "user_id_1" : "215304167", 
    "user_id_2" : "759251", 
    "relationship" : false
}
{ 
    "_id" : ObjectId("5ac8d37acc9d40a6e17817ad"), 
    "user_id_1" : "914840525836095489", 
    "user_id_2" : "759251", 
    "relationship" : true
}
{ 
    "_id" : ObjectId("5ac8d37bcc9d40a6e17817ae"), 
    "user_id_1" : "227914068", 
    "user_id_2" : "759251", 
    "relationship" : true
}
{ 
    "_id" : ObjectId("5ac8d37bcc9d40a6e17817af"), 
    "user_id_1" : "731437733609152512", 
    "user_id_2" : "759251", 
    "relationship" : false
}
{ 
    "_id" : ObjectId("5ac8d37bcc9d40a6e17817b0"), 
    "user_id_1" : "400180224", 
    "user_id_2" : "759251", 
    "relationship" : false
}
{ 
    "_id" : ObjectId("5ac8d37ccc9d40a6e17817b1"), 
    "user_id_1" : "40848626", 
    "user_id_2" : "759251", 
    "relationship" : false
}
{ 
    "_id" : ObjectId("5ac8d37ccc9d40a6e17817b2"), 
    "user_id_1" : "106160210", 
    "user_id_2" : "759251", 
    "relationship" : true
}
{ 
    "_id" : ObjectId("5ac8d37dcc9d40a6e17817b3"), 
    "user_id_1" : "188261322", 
    "user_id_2" : "759251", 
    "relationship" : true
}
{ 
    "_id" : ObjectId("5ac8d37dcc9d40a6e17817b4"), 
    "user_id_1" : "126229870", 
    "user_id_2" : "759251", 
    "relationship" : false
}
{ 
    "_id" : ObjectId("5ac8d37dcc9d40a6e17817b5"), 
    "user_id_1" : "797481223333548033", 
    "user_id_2" : "759251", 
    "relationship" : true
}
{ 
    "_id" : ObjectId("5ac8d37ecc9d40a6e17817b6"), 
    "user_id_1" : "47239788", 
    "user_id_2" : "759251", 
    "relationship" : false
}
{ 
    "_id" : ObjectId("5ac8d37ecc9d40a6e17817b7"), 
    "user_id_1" : "961805971113701376", 
    "user_id_2" : "759251", 
    "relationship" : true
}
{ 
    "_id" : ObjectId("5ac8d37ecc9d40a6e17817b8"), 
    "user_id_1" : "4366442717", 
    "user_id_2" : "759251", 
    "relationship" : true
}
{ 
    "_id" : ObjectId("5ac8d37fcc9d40a6e17817b9"), 
    "user_id_1" : "944766136394178560", 
    "user_id_2" : "759251", 
    "relationship" : false
}
{ 
    "_id" : ObjectId("5ac8d37fcc9d40a6e17817ba"), 
    "user_id_1" : "505906365", 
    "user_id_2" : "759251", 
    "relationship" : true
}
{ 
    "_id" : ObjectId("5ac8d380cc9d40a6e17817bb"), 
    "user_id_1" : "3001308845", 
    "user_id_2" : "759251", 
    "relationship" : false
}
{ 
    "_id" : ObjectId("5ac8d380cc9d40a6e17817bc"), 
    "user_id_1" : "2251074315", 
    "user_id_2" : "759251", 
    "relationship" : false
}
{ 
    "_id" : ObjectId("5ac8d380cc9d40a6e17817bd"), 
    "user_id_1" : "221147002", 
    "user_id_2" : "759251", 
    "relationship" : false
}
{ 
    "_id" : ObjectId("5ac8d381cc9d40a6e17817be"), 
    "user_id_1" : "2356358269", 
    "user_id_2" : "759251", 
    "relationship" : true
}
{ 
    "_id" : ObjectId("5ac8d381cc9d40a6e17817bf"), 
    "user_id_1" : "81855389", 
    "user_id_2" : "759251", 
    "relationship" : false
}
{ 
    "_id" : ObjectId("5ac8d382cc9d40a6e17817c0"), 
    "user_id_1" : "1321632098", 
    "user_id_2" : "759251", 
    "relationship" : false
}
{ 
    "_id" : ObjectId("5ac8d382cc9d40a6e17817c1"), 
    "user_id_1" : "838854539168067584", 
    "user_id_2" : "759251", 
    "relationship" : false
}
{ 
    "_id" : ObjectId("5ac8d382cc9d40a6e17817c2"), 
    "user_id_1" : "2762910192", 
    "user_id_2" : "759251", 
    "relationship" : false
}
{ 
    "_id" : ObjectId("5ac8d383cc9d40a6e17817c3"), 
    "user_id_1" : "1034864100", 
    "user_id_2" : "759251", 
    "relationship" : false
}
{ 
    "_id" : ObjectId("5ac8d383cc9d40a6e17817c4"), 
    "user_id_1" : "772903951939342336", 
    "user_id_2" : "759251", 
    "relationship" : false
}
{ 
    "_id" : ObjectId("5ac8d384cc9d40a6e17817c5"), 
    "user_id_1" : "1014219331", 
    "user_id_2" : "759251", 
    "relationship" : true
}
{ 
    "_id" : ObjectId("5ac8d384cc9d40a6e17817c6"), 
    "user_id_1" : "1679520266", 
    "user_id_2" : "759251", 
    "relationship" : false
}
{ 
    "_id" : ObjectId("5ac8d384cc9d40a6e17817c7"), 
    "user_id_1" : "3652737679", 
    "user_id_2" : "759251", 
    "relationship" : false
}
{ 
    "_id" : ObjectId("5ac8d385cc9d40a6e17817c8"), 
    "user_id_1" : "791618240", 
    "user_id_2" : "759251", 
    "relationship" : true
}
{ 
    "_id" : ObjectId("5ac8d385cc9d40a6e17817c9"), 
    "user_id_1" : "358123503", 
    "user_id_2" : "759251", 
    "relationship" : true
}
{ 
    "_id" : ObjectId("5ac8d386cc9d40a6e17817ca"), 
    "user_id_1" : "918663042744844288", 
    "user_id_2" : "759251", 
    "relationship" : false
}
{ 
    "_id" : ObjectId("5ac8d386cc9d40a6e17817cb"), 
    "user_id_1" : "101672591", 
    "user_id_2" : "759251", 
    "relationship" : true
}
{ 
    "_id" : ObjectId("5ac8d386cc9d40a6e17817cc"), 
    "user_id_1" : "118360232", 
    "user_id_2" : "759251", 
    "relationship" : false
}
{ 
    "_id" : ObjectId("5ac8d387cc9d40a6e17817cd"), 
    "user_id_1" : "245077968", 
    "user_id_2" : "759251", 
    "relationship" : false
}
{ 
    "_id" : ObjectId("5ac8d387cc9d40a6e17817ce"), 
    "user_id_1" : "3491036776", 
    "user_id_2" : "759251", 
    "relationship" : false
}
{ 
    "_id" : ObjectId("5ac8d388cc9d40a6e17817cf"), 
    "user_id_1" : "933732015643521024", 
    "user_id_2" : "759251", 
    "relationship" : false
}
{ 
    "_id" : ObjectId("5ac8d388cc9d40a6e17817d0"), 
    "user_id_1" : "81116158", 
    "user_id_2" : "759251", 
    "relationship" : false
}
{ 
    "_id" : ObjectId("5ac8d388cc9d40a6e17817d1"), 
    "user_id_1" : "379970729", 
    "user_id_2" : "759251", 
    "relationship" : false
}
{ 
    "_id" : ObjectId("5ac8d389cc9d40a6e17817d2"), 
    "user_id_1" : "859949085725409280", 
    "user_id_2" : "759251", 
    "relationship" : false
}
{ 
    "_id" : ObjectId("5ac8d38acc9d40a6e17817d3"), 
    "user_id_1" : "755767378236084224", 
    "user_id_2" : "759251", 
    "relationship" : true
}
{ 
    "_id" : ObjectId("5ac8d38acc9d40a6e17817d4"), 
    "user_id_1" : "2974777619", 
    "user_id_2" : "759251", 
    "relationship" : false
}
{ 
    "_id" : ObjectId("5ac8d38bcc9d40a6e17817d5"), 
    "user_id_1" : "55243695", 
    "user_id_2" : "759251", 
    "relationship" : true
}
{ 
    "_id" : ObjectId("5ac8d51bcc9d40a6e17817d6"), 
    "user_id_1" : "963988005353648129", 
    "user_id_2" : "759251", 
    "relationship" : true
}
{ 
    "_id" : ObjectId("5ac8d51ccc9d40a6e17817d7"), 
    "user_id_1" : "2201309866", 
    "user_id_2" : "759251", 
    "relationship" : false
}
{ 
    "_id" : ObjectId("5ac8d51ccc9d40a6e17817d8"), 
    "user_id_1" : "45997252", 
    "user_id_2" : "759251", 
    "relationship" : false
}
{ 
    "_id" : ObjectId("5ac8d51ccc9d40a6e17817d9"), 
    "user_id_1" : "258691661", 
    "user_id_2" : "759251", 
    "relationship" : false
}
{ 
    "_id" : ObjectId("5ac8d51dcc9d40a6e17817da"), 
    "user_id_1" : "7039032", 
    "user_id_2" : "759251", 
    "relationship" : false
}
{ 
    "_id" : ObjectId("5ac8d51dcc9d40a6e17817db"), 
    "user_id_1" : "238090310", 
    "user_id_2" : "759251", 
    "relationship" : false
}
{ 
    "_id" : ObjectId("5ac8d51dcc9d40a6e17817dc"), 
    "user_id_1" : "35295035", 
    "user_id_2" : "759251", 
    "relationship" : true
}
{ 
    "_id" : ObjectId("5ac8d51ecc9d40a6e17817dd"), 
    "user_id_1" : "750047991994601472", 
    "user_id_2" : "759251", 
    "relationship" : false
}
{ 
    "_id" : ObjectId("5ac8d51ecc9d40a6e17817de"), 
    "user_id_1" : "737807174349398016", 
    "user_id_2" : "759251", 
    "relationship" : false
}
{ 
    "_id" : ObjectId("5ac8d51fcc9d40a6e17817df"), 
    "user_id_1" : "886321084756357121", 
    "user_id_2" : "759251", 
    "relationship" : false
}
{ 
    "_id" : ObjectId("5ac8d51fcc9d40a6e17817e0"), 
    "user_id_1" : "433861339", 
    "user_id_2" : "759251", 
    "relationship" : true
}
{ 
    "_id" : ObjectId("5ac8d51fcc9d40a6e17817e1"), 
    "user_id_1" : "305198624", 
    "user_id_2" : "759251", 
    "relationship" : false
}
{ 
    "_id" : ObjectId("5ac8d520cc9d40a6e17817e2"), 
    "user_id_1" : "3302024118", 
    "user_id_2" : "759251", 
    "relationship" : true
}
{ 
    "_id" : ObjectId("5ac8d520cc9d40a6e17817e3"), 
    "user_id_1" : "896047036839202816", 
    "user_id_2" : "759251", 
    "relationship" : false
}
{ 
    "_id" : ObjectId("5ac8d521cc9d40a6e17817e4"), 
    "user_id_1" : "1049610349", 
    "user_id_2" : "759251", 
    "relationship" : false
}
{ 
    "_id" : ObjectId("5ac8d521cc9d40a6e17817e5"), 
    "user_id_1" : "597680418", 
    "user_id_2" : "759251", 
    "relationship" : false
}
{ 
    "_id" : ObjectId("5ac8d521cc9d40a6e17817e6"), 
    "user_id_1" : "45684034", 
    "user_id_2" : "759251", 
    "relationship" : true
}
{ 
    "_id" : ObjectId("5ac8d522cc9d40a6e17817e7"), 
    "user_id_1" : "192059566", 
    "user_id_2" : "759251", 
    "relationship" : true
}
{ 
    "_id" : ObjectId("5ac8d522cc9d40a6e17817e8"), 
    "user_id_1" : "43590195", 
    "user_id_2" : "759251", 
    "relationship" : true
}
{ 
    "_id" : ObjectId("5ac8d523cc9d40a6e17817e9"), 
    "user_id_1" : "1039243806", 
    "user_id_2" : "759251", 
    "relationship" : true
}
{ 
    "_id" : ObjectId("5ac8d523cc9d40a6e17817ea"), 
    "user_id_1" : "264802033", 
    "user_id_2" : "759251", 
    "relationship" : false
}
{ 
    "_id" : ObjectId("5ac8d524cc9d40a6e17817eb"), 
    "user_id_1" : "112811227", 
    "user_id_2" : "759251", 
    "relationship" : false
}
{ 
    "_id" : ObjectId("5ac8d524cc9d40a6e17817ec"), 
    "user_id_1" : "1561205442", 
    "user_id_2" : "759251", 
    "relationship" : false
}
{ 
    "_id" : ObjectId("5ac8d524cc9d40a6e17817ed"), 
    "user_id_1" : "3366656463", 
    "user_id_2" : "759251", 
    "relationship" : false
}
{ 
    "_id" : ObjectId("5ac8d525cc9d40a6e17817ee"), 
    "user_id_1" : "966094067670159360", 
    "user_id_2" : "759251", 
    "relationship" : false
}
{ 
    "_id" : ObjectId("5ac8d525cc9d40a6e17817ef"), 
    "user_id_1" : "118360434", 
    "user_id_2" : "759251", 
    "relationship" : false
}
{ 
    "_id" : ObjectId("5ac8d525cc9d40a6e17817f0"), 
    "user_id_1" : "2554911938", 
    "user_id_2" : "759251", 
    "relationship" : false
}
{ 
    "_id" : ObjectId("5ac8d526cc9d40a6e17817f1"), 
    "user_id_1" : "4883403796", 
    "user_id_2" : "759251", 
    "relationship" : false
}
{ 
    "_id" : ObjectId("5ac8d526cc9d40a6e17817f2"), 
    "user_id_1" : "18946868", 
    "user_id_2" : "759251", 
    "relationship" : true
}
{ 
    "_id" : ObjectId("5ac8d527cc9d40a6e17817f3"), 
    "user_id_1" : "860771528", 
    "user_id_2" : "759251", 
    "relationship" : false
}
{ 
    "_id" : ObjectId("5ac8d527cc9d40a6e17817f4"), 
    "user_id_1" : "2514770248", 
    "user_id_2" : "759251", 
    "relationship" : false
}
{ 
    "_id" : ObjectId("5ac8d527cc9d40a6e17817f5"), 
    "user_id_1" : "764068153865437184", 
    "user_id_2" : "759251", 
    "relationship" : false
}
{ 
    "_id" : ObjectId("5ac8d528cc9d40a6e17817f6"), 
    "user_id_1" : "215199409", 
    "user_id_2" : "759251", 
    "relationship" : true
}
{ 
    "_id" : ObjectId("5ac8d528cc9d40a6e17817f7"), 
    "user_id_1" : "3145443608", 
    "user_id_2" : "759251", 
    "relationship" : true
}
{ 
    "_id" : ObjectId("5ac8d529cc9d40a6e17817f8"), 
    "user_id_1" : "897269044079976448", 
    "user_id_2" : "759251", 
    "relationship" : false
}
{ 
    "_id" : ObjectId("5ac8d529cc9d40a6e17817f9"), 
    "user_id_1" : "183005154", 
    "user_id_2" : "759251", 
    "relationship" : false
}
{ 
    "_id" : ObjectId("5ac8d529cc9d40a6e17817fa"), 
    "user_id_1" : "135911954", 
    "user_id_2" : "759251", 
    "relationship" : false
}
{ 
    "_id" : ObjectId("5ac8d52acc9d40a6e17817fb"), 
    "user_id_1" : "933068404491243520", 
    "user_id_2" : "759251", 
    "relationship" : true
}
{ 
    "_id" : ObjectId("5ac8d52acc9d40a6e17817fc"), 
    "user_id_1" : "26117867", 
    "user_id_2" : "759251", 
    "relationship" : true
}
{ 
    "_id" : ObjectId("5ac8d52bcc9d40a6e17817fd"), 
    "user_id_1" : "143645001", 
    "user_id_2" : "759251", 
    "relationship" : false
}
{ 
    "_id" : ObjectId("5ac8d52bcc9d40a6e17817fe"), 
    "user_id_1" : "779247136944689152", 
    "user_id_2" : "759251", 
    "relationship" : false
}
{ 
    "_id" : ObjectId("5ac8d52bcc9d40a6e17817ff"), 
    "user_id_1" : "2437565181", 
    "user_id_2" : "759251", 
    "relationship" : false
}
{ 
    "_id" : ObjectId("5ac8d52ccc9d40a6e1781800"), 
    "user_id_1" : "27064611", 
    "user_id_2" : "759251", 
    "relationship" : false
}
{ 
    "_id" : ObjectId("5ac8d52ccc9d40a6e1781801"), 
    "user_id_1" : "920302500334387200", 
    "user_id_2" : "759251", 
    "relationship" : false
}
{ 
    "_id" : ObjectId("5ac8d52dcc9d40a6e1781802"), 
    "user_id_1" : "4207021812", 
    "user_id_2" : "759251", 
    "relationship" : false
}
{ 
    "_id" : ObjectId("5ac8d52dcc9d40a6e1781803"), 
    "user_id_1" : "2692297599", 
    "user_id_2" : "759251", 
    "relationship" : false
}
{ 
    "_id" : ObjectId("5ac8d52dcc9d40a6e1781804"), 
    "user_id_1" : "823267744472793088", 
    "user_id_2" : "759251", 
    "relationship" : true
}
{ 
    "_id" : ObjectId("5ac8d52ecc9d40a6e1781805"), 
    "user_id_1" : "27201192", 
    "user_id_2" : "759251", 
    "relationship" : false
}
{ 
    "_id" : ObjectId("5ac8d52ecc9d40a6e1781806"), 
    "user_id_1" : "361940436", 
    "user_id_2" : "759251", 
    "relationship" : false
}
{ 
    "_id" : ObjectId("5ac8d52ecc9d40a6e1781807"), 
    "user_id_1" : "21041101", 
    "user_id_2" : "759251", 
    "relationship" : true
}
{ 
    "_id" : ObjectId("5ac8d52fcc9d40a6e1781808"), 
    "user_id_1" : "49872876", 
    "user_id_2" : "759251", 
    "relationship" : true
}
{ 
    "_id" : ObjectId("5ac8d52fcc9d40a6e1781809"), 
    "user_id_1" : "16537876", 
    "user_id_2" : "759251", 
    "relationship" : false
}
{ 
    "_id" : ObjectId("5ac8d530cc9d40a6e178180a"), 
    "user_id_1" : "398902269", 
    "user_id_2" : "759251", 
    "relationship" : false
}
{ 
    "_id" : ObjectId("5ac8d530cc9d40a6e178180b"), 
    "user_id_1" : "68517020", 
    "user_id_2" : "759251", 
    "relationship" : false
}
{ 
    "_id" : ObjectId("5ac8d530cc9d40a6e178180c"), 
    "user_id_1" : "705375039", 
    "user_id_2" : "759251", 
    "relationship" : false
}
{ 
    "_id" : ObjectId("5ac8d531cc9d40a6e178180d"), 
    "user_id_1" : "1204305102", 
    "user_id_2" : "759251", 
    "relationship" : false
}
{ 
    "_id" : ObjectId("5ac8d531cc9d40a6e178180e"), 
    "user_id_1" : "574138379", 
    "user_id_2" : "759251", 
    "relationship" : true
}
{ 
    "_id" : ObjectId("5ac8d531cc9d40a6e178180f"), 
    "user_id_1" : "2510679636", 
    "user_id_2" : "759251", 
    "relationship" : false
}
{ 
    "_id" : ObjectId("5ac8d532cc9d40a6e1781810"), 
    "user_id_1" : "25628339", 
    "user_id_2" : "759251", 
    "relationship" : true
}
{ 
    "_id" : ObjectId("5ac8d532cc9d40a6e1781811"), 
    "user_id_1" : "32700143", 
    "user_id_2" : "759251", 
    "relationship" : false
}
{ 
    "_id" : ObjectId("5ac8d533cc9d40a6e1781812"), 
    "user_id_1" : "771655700426567681", 
    "user_id_2" : "759251", 
    "relationship" : false
}
{ 
    "_id" : ObjectId("5ac8d533cc9d40a6e1781813"), 
    "user_id_1" : "857065551004397570", 
    "user_id_2" : "759251", 
    "relationship" : true
}
{ 
    "_id" : ObjectId("5ac8d534cc9d40a6e1781814"), 
    "user_id_1" : "101764568", 
    "user_id_2" : "759251", 
    "relationship" : false
}
{ 
    "_id" : ObjectId("5ac8d534cc9d40a6e1781815"), 
    "user_id_1" : "875391976501334019", 
    "user_id_2" : "759251", 
    "relationship" : false
}
{ 
    "_id" : ObjectId("5ac8d534cc9d40a6e1781816"), 
    "user_id_1" : "738555007058870273", 
    "user_id_2" : "759251", 
    "relationship" : true
}
{ 
    "_id" : ObjectId("5ac8d535cc9d40a6e1781817"), 
    "user_id_1" : "17758656", 
    "user_id_2" : "759251", 
    "relationship" : false
}
{ 
    "_id" : ObjectId("5ac8d535cc9d40a6e1781818"), 
    "user_id_1" : "45649834", 
    "user_id_2" : "759251", 
    "relationship" : false
}
{ 
    "_id" : ObjectId("5ac8d536cc9d40a6e1781819"), 
    "user_id_1" : "39126061", 
    "user_id_2" : "759251", 
    "relationship" : false
}
{ 
    "_id" : ObjectId("5ac8d536cc9d40a6e178181a"), 
    "user_id_1" : "877195306328137729", 
    "user_id_2" : "759251", 
    "relationship" : true
}
{ 
    "_id" : ObjectId("5ac8d536cc9d40a6e178181b"), 
    "user_id_1" : "119185021", 
    "user_id_2" : "759251", 
    "relationship" : true
}
{ 
    "_id" : ObjectId("5ac8d537cc9d40a6e178181c"), 
    "user_id_1" : "3299333404", 
    "user_id_2" : "759251", 
    "relationship" : false
}
{ 
    "_id" : ObjectId("5ac8d537cc9d40a6e178181d"), 
    "user_id_1" : "340988113", 
    "user_id_2" : "759251", 
    "relationship" : false
}
