{ 
    "_id" : ObjectId("5ac9c3cbcc9d40b5abb5cf6e"), 
    "user_id" : NumberInt(158093043)
}
{ 
    "_id" : ObjectId("5ac9c3cbcc9d40b5abb5cf6f"), 
    "user_id" : NumberLong(702231013976629248)
}
{ 
    "_id" : ObjectId("5ac9c3cbcc9d40b5abb5cf70"), 
    "user_id" : NumberLong(2192461512)
}
{ 
    "_id" : ObjectId("5ac9c3cbcc9d40b5abb5cf71"), 
    "user_id" : NumberInt(11453502)
}
{ 
    "_id" : ObjectId("5ac9c3cbcc9d40b5abb5cf72"), 
    "user_id" : NumberInt(511435006)
}
{ 
    "_id" : ObjectId("5ac9c3cbcc9d40b5abb5cf73"), 
    "user_id" : NumberInt(46446130)
}
{ 
    "_id" : ObjectId("5ac9c3cbcc9d40b5abb5cf74"), 
    "user_id" : NumberLong(847884157757927426)
}
{ 
    "_id" : ObjectId("5ac9c3cbcc9d40b5abb5cf75"), 
    "user_id" : NumberInt(173458211)
}
{ 
    "_id" : ObjectId("5ac9c3cbcc9d40b5abb5cf76"), 
    "user_id" : NumberLong(851984899468820481)
}
{ 
    "_id" : ObjectId("5ac9c3cbcc9d40b5abb5cf77"), 
    "user_id" : NumberInt(27562349)
}
{ 
    "_id" : ObjectId("5ac9c3cbcc9d40b5abb5cf78"), 
    "user_id" : NumberInt(1466069606)
}
{ 
    "_id" : ObjectId("5ac9c3cbcc9d40b5abb5cf79"), 
    "user_id" : NumberInt(797314622)
}
{ 
    "_id" : ObjectId("5ac9c3cbcc9d40b5abb5cf7a"), 
    "user_id" : NumberInt(297681102)
}
{ 
    "_id" : ObjectId("5ac9c3cbcc9d40b5abb5cf7b"), 
    "user_id" : NumberLong(782667680029421568)
}
{ 
    "_id" : ObjectId("5ac9c3cbcc9d40b5abb5cf7c"), 
    "user_id" : NumberInt(25569355)
}
{ 
    "_id" : ObjectId("5ac9c3cbcc9d40b5abb5cf7d"), 
    "user_id" : NumberInt(68951901)
}
{ 
    "_id" : ObjectId("5ac9c3cbcc9d40b5abb5cf7e"), 
    "user_id" : NumberInt(419078752)
}
{ 
    "_id" : ObjectId("5ac9c3cbcc9d40b5abb5cf7f"), 
    "user_id" : NumberLong(2303913996)
}
{ 
    "_id" : ObjectId("5ac9c3cbcc9d40b5abb5cf80"), 
    "user_id" : NumberInt(613676937)
}
{ 
    "_id" : ObjectId("5ac9c3cbcc9d40b5abb5cf81"), 
    "user_id" : NumberInt(826474884)
}
{ 
    "_id" : ObjectId("5ac9c3cbcc9d40b5abb5cf82"), 
    "user_id" : NumberLong(955602431995469825)
}
{ 
    "_id" : ObjectId("5ac9c3cbcc9d40b5abb5cf83"), 
    "user_id" : NumberInt(139219409)
}
{ 
    "_id" : ObjectId("5ac9c3cbcc9d40b5abb5cf84"), 
    "user_id" : NumberLong(2428846308)
}
{ 
    "_id" : ObjectId("5ac9c3cbcc9d40b5abb5cf85"), 
    "user_id" : NumberInt(1268545712)
}
{ 
    "_id" : ObjectId("5ac9c3cbcc9d40b5abb5cf86"), 
    "user_id" : NumberInt(1007094660)
}
{ 
    "_id" : ObjectId("5ac9c3cbcc9d40b5abb5cf87"), 
    "user_id" : NumberLong(815412119298457600)
}
{ 
    "_id" : ObjectId("5ac9c3cbcc9d40b5abb5cf88"), 
    "user_id" : NumberInt(42834525)
}
{ 
    "_id" : ObjectId("5ac9c3cbcc9d40b5abb5cf89"), 
    "user_id" : NumberInt(335435353)
}
{ 
    "_id" : ObjectId("5ac9c3cbcc9d40b5abb5cf8a"), 
    "user_id" : NumberLong(738376099936243712)
}
{ 
    "_id" : ObjectId("5ac9c3cbcc9d40b5abb5cf8b"), 
    "user_id" : NumberInt(55225054)
}
{ 
    "_id" : ObjectId("5ac9c3cbcc9d40b5abb5cf8c"), 
    "user_id" : NumberInt(800976956)
}
{ 
    "_id" : ObjectId("5ac9c3cbcc9d40b5abb5cf8d"), 
    "user_id" : NumberInt(484539256)
}
{ 
    "_id" : ObjectId("5ac9c3cbcc9d40b5abb5cf8e"), 
    "user_id" : NumberLong(880812041652580353)
}
{ 
    "_id" : ObjectId("5ac9c3cbcc9d40b5abb5cf8f"), 
    "user_id" : NumberInt(1014453146)
}
{ 
    "_id" : ObjectId("5ac9c3cbcc9d40b5abb5cf90"), 
    "user_id" : NumberLong(2802719713)
}
{ 
    "_id" : ObjectId("5ac9c3cbcc9d40b5abb5cf91"), 
    "user_id" : NumberInt(29862308)
}
{ 
    "_id" : ObjectId("5ac9c3cbcc9d40b5abb5cf92"), 
    "user_id" : NumberInt(156430134)
}
{ 
    "_id" : ObjectId("5ac9c3cbcc9d40b5abb5cf93"), 
    "user_id" : NumberLong(840756784210051072)
}
{ 
    "_id" : ObjectId("5ac9c3cbcc9d40b5abb5cf94"), 
    "user_id" : NumberLong(4432270409)
}
{ 
    "_id" : ObjectId("5ac9c3cbcc9d40b5abb5cf95"), 
    "user_id" : NumberInt(25521741)
}
{ 
    "_id" : ObjectId("5ac9c3cbcc9d40b5abb5cf96"), 
    "user_id" : NumberInt(394942306)
}
{ 
    "_id" : ObjectId("5ac9c3cbcc9d40b5abb5cf97"), 
    "user_id" : NumberLong(3113203775)
}
{ 
    "_id" : ObjectId("5ac9c3cbcc9d40b5abb5cf98"), 
    "user_id" : NumberInt(384034768)
}
{ 
    "_id" : ObjectId("5ac9c3cbcc9d40b5abb5cf99"), 
    "user_id" : NumberInt(578500686)
}
{ 
    "_id" : ObjectId("5ac9c3cbcc9d40b5abb5cf9a"), 
    "user_id" : NumberInt(619148852)
}
{ 
    "_id" : ObjectId("5ac9c3cbcc9d40b5abb5cf9b"), 
    "user_id" : NumberInt(47695812)
}
{ 
    "_id" : ObjectId("5ac9c3cbcc9d40b5abb5cf9c"), 
    "user_id" : NumberLong(2205345102)
}
{ 
    "_id" : ObjectId("5ac9c3cbcc9d40b5abb5cf9d"), 
    "user_id" : NumberLong(912276799358369792)
}
{ 
    "_id" : ObjectId("5ac9c3cbcc9d40b5abb5cf9e"), 
    "user_id" : NumberLong(2860637732)
}
{ 
    "_id" : ObjectId("5ac9c3cbcc9d40b5abb5cf9f"), 
    "user_id" : NumberInt(215304167)
}
{ 
    "_id" : ObjectId("5ac9c3cbcc9d40b5abb5cfa0"), 
    "user_id" : NumberLong(731437733609152512)
}
{ 
    "_id" : ObjectId("5ac9c3cbcc9d40b5abb5cfa1"), 
    "user_id" : NumberInt(400180224)
}
{ 
    "_id" : ObjectId("5ac9c3cbcc9d40b5abb5cfa2"), 
    "user_id" : NumberInt(40848626)
}
{ 
    "_id" : ObjectId("5ac9c3cbcc9d40b5abb5cfa3"), 
    "user_id" : NumberInt(126229870)
}
{ 
    "_id" : ObjectId("5ac9c3cbcc9d40b5abb5cfa4"), 
    "user_id" : NumberInt(47239788)
}
{ 
    "_id" : ObjectId("5ac9c3cbcc9d40b5abb5cfa5"), 
    "user_id" : NumberLong(944766136394178560)
}
{ 
    "_id" : ObjectId("5ac9c3cbcc9d40b5abb5cfa6"), 
    "user_id" : NumberLong(3001308845)
}
{ 
    "_id" : ObjectId("5ac9c3cbcc9d40b5abb5cfa7"), 
    "user_id" : NumberLong(2251074315)
}
{ 
    "_id" : ObjectId("5ac9c3cbcc9d40b5abb5cfa8"), 
    "user_id" : NumberInt(221147002)
}
{ 
    "_id" : ObjectId("5ac9c3cbcc9d40b5abb5cfa9"), 
    "user_id" : NumberInt(81855389)
}
{ 
    "_id" : ObjectId("5ac9c3cbcc9d40b5abb5cfaa"), 
    "user_id" : NumberInt(1321632098)
}
{ 
    "_id" : ObjectId("5ac9c3cbcc9d40b5abb5cfab"), 
    "user_id" : NumberLong(838854539168067584)
}
{ 
    "_id" : ObjectId("5ac9c3cbcc9d40b5abb5cfac"), 
    "user_id" : NumberLong(2762910192)
}
{ 
    "_id" : ObjectId("5ac9c3cbcc9d40b5abb5cfad"), 
    "user_id" : NumberInt(1034864100)
}
{ 
    "_id" : ObjectId("5ac9c3cbcc9d40b5abb5cfae"), 
    "user_id" : NumberLong(772903951939342336)
}
{ 
    "_id" : ObjectId("5ac9c3cbcc9d40b5abb5cfaf"), 
    "user_id" : NumberInt(1679520266)
}
{ 
    "_id" : ObjectId("5ac9c3cbcc9d40b5abb5cfb0"), 
    "user_id" : NumberLong(3652737679)
}
{ 
    "_id" : ObjectId("5ac9c3cbcc9d40b5abb5cfb1"), 
    "user_id" : NumberLong(918663042744844288)
}
{ 
    "_id" : ObjectId("5ac9c3cbcc9d40b5abb5cfb2"), 
    "user_id" : NumberInt(118360232)
}
{ 
    "_id" : ObjectId("5ac9c3cbcc9d40b5abb5cfb3"), 
    "user_id" : NumberInt(245077968)
}
{ 
    "_id" : ObjectId("5ac9c3cbcc9d40b5abb5cfb4"), 
    "user_id" : NumberLong(3491036776)
}
{ 
    "_id" : ObjectId("5ac9c3cbcc9d40b5abb5cfb5"), 
    "user_id" : NumberLong(933732015643521024)
}
{ 
    "_id" : ObjectId("5ac9c3cbcc9d40b5abb5cfb6"), 
    "user_id" : NumberInt(81116158)
}
{ 
    "_id" : ObjectId("5ac9c3cbcc9d40b5abb5cfb7"), 
    "user_id" : NumberInt(379970729)
}
{ 
    "_id" : ObjectId("5ac9c3cbcc9d40b5abb5cfb8"), 
    "user_id" : NumberLong(859949085725409280)
}
{ 
    "_id" : ObjectId("5ac9c3cbcc9d40b5abb5cfb9"), 
    "user_id" : NumberLong(2974777619)
}
{ 
    "_id" : ObjectId("5ac9c3cbcc9d40b5abb5cfba"), 
    "user_id" : NumberLong(2201309866)
}
{ 
    "_id" : ObjectId("5ac9c3cbcc9d40b5abb5cfbb"), 
    "user_id" : NumberInt(45997252)
}
{ 
    "_id" : ObjectId("5ac9c3cbcc9d40b5abb5cfbc"), 
    "user_id" : NumberInt(258691661)
}
{ 
    "_id" : ObjectId("5ac9c3cbcc9d40b5abb5cfbd"), 
    "user_id" : NumberInt(7039032)
}
{ 
    "_id" : ObjectId("5ac9c3cbcc9d40b5abb5cfbe"), 
    "user_id" : NumberInt(238090310)
}
{ 
    "_id" : ObjectId("5ac9c3cbcc9d40b5abb5cfbf"), 
    "user_id" : NumberLong(750047991994601472)
}
{ 
    "_id" : ObjectId("5ac9c3cbcc9d40b5abb5cfc0"), 
    "user_id" : NumberLong(737807174349398016)
}
{ 
    "_id" : ObjectId("5ac9c3cbcc9d40b5abb5cfc1"), 
    "user_id" : NumberLong(886321084756357121)
}
{ 
    "_id" : ObjectId("5ac9c3cbcc9d40b5abb5cfc2"), 
    "user_id" : NumberInt(305198624)
}
{ 
    "_id" : ObjectId("5ac9c3cbcc9d40b5abb5cfc3"), 
    "user_id" : NumberLong(896047036839202816)
}
{ 
    "_id" : ObjectId("5ac9c3cbcc9d40b5abb5cfc4"), 
    "user_id" : NumberInt(1049610349)
}
{ 
    "_id" : ObjectId("5ac9c3cbcc9d40b5abb5cfc5"), 
    "user_id" : NumberInt(597680418)
}
{ 
    "_id" : ObjectId("5ac9c3cbcc9d40b5abb5cfc6"), 
    "user_id" : NumberInt(264802033)
}
{ 
    "_id" : ObjectId("5ac9c3cbcc9d40b5abb5cfc7"), 
    "user_id" : NumberInt(112811227)
}
{ 
    "_id" : ObjectId("5ac9c3cbcc9d40b5abb5cfc8"), 
    "user_id" : NumberInt(1561205442)
}
{ 
    "_id" : ObjectId("5ac9c3cbcc9d40b5abb5cfc9"), 
    "user_id" : NumberLong(3366656463)
}
{ 
    "_id" : ObjectId("5ac9c3cbcc9d40b5abb5cfca"), 
    "user_id" : NumberLong(966094067670159360)
}
{ 
    "_id" : ObjectId("5ac9c3cbcc9d40b5abb5cfcb"), 
    "user_id" : NumberInt(118360434)
}
{ 
    "_id" : ObjectId("5ac9c3cbcc9d40b5abb5cfcc"), 
    "user_id" : NumberLong(2554911938)
}
{ 
    "_id" : ObjectId("5ac9c3cbcc9d40b5abb5cfcd"), 
    "user_id" : NumberLong(4883403796)
}
{ 
    "_id" : ObjectId("5ac9c3cbcc9d40b5abb5cfce"), 
    "user_id" : NumberInt(860771528)
}
{ 
    "_id" : ObjectId("5ac9c3cbcc9d40b5abb5cfcf"), 
    "user_id" : NumberLong(2514770248)
}
{ 
    "_id" : ObjectId("5ac9c3cbcc9d40b5abb5cfd0"), 
    "user_id" : NumberLong(764068153865437184)
}
{ 
    "_id" : ObjectId("5ac9c3cbcc9d40b5abb5cfd1"), 
    "user_id" : NumberLong(897269044079976448)
}
{ 
    "_id" : ObjectId("5ac9c3cbcc9d40b5abb5cfd2"), 
    "user_id" : NumberInt(183005154)
}
{ 
    "_id" : ObjectId("5ac9c3cbcc9d40b5abb5cfd3"), 
    "user_id" : NumberInt(135911954)
}
{ 
    "_id" : ObjectId("5ac9c3cbcc9d40b5abb5cfd4"), 
    "user_id" : NumberInt(143645001)
}
{ 
    "_id" : ObjectId("5ac9c3cbcc9d40b5abb5cfd5"), 
    "user_id" : NumberLong(2437565181)
}
{ 
    "_id" : ObjectId("5ac9c3cbcc9d40b5abb5cfd6"), 
    "user_id" : NumberInt(27064611)
}
{ 
    "_id" : ObjectId("5ac9c3cbcc9d40b5abb5cfd7"), 
    "user_id" : NumberLong(920302500334387200)
}
{ 
    "_id" : ObjectId("5ac9c3cbcc9d40b5abb5cfd8"), 
    "user_id" : NumberLong(4207021812)
}
{ 
    "_id" : ObjectId("5ac9c3cbcc9d40b5abb5cfd9"), 
    "user_id" : NumberLong(2692297599)
}
{ 
    "_id" : ObjectId("5ac9c3cbcc9d40b5abb5cfda"), 
    "user_id" : NumberInt(27201192)
}
{ 
    "_id" : ObjectId("5ac9c3cbcc9d40b5abb5cfdb"), 
    "user_id" : NumberInt(361940436)
}
{ 
    "_id" : ObjectId("5ac9c3cbcc9d40b5abb5cfdc"), 
    "user_id" : NumberInt(16537876)
}
{ 
    "_id" : ObjectId("5ac9c3cbcc9d40b5abb5cfdd"), 
    "user_id" : NumberInt(398902269)
}
{ 
    "_id" : ObjectId("5ac9c3cbcc9d40b5abb5cfde"), 
    "user_id" : NumberInt(68517020)
}
{ 
    "_id" : ObjectId("5ac9c3cbcc9d40b5abb5cfdf"), 
    "user_id" : NumberInt(705375039)
}
{ 
    "_id" : ObjectId("5ac9c3cbcc9d40b5abb5cfe0"), 
    "user_id" : NumberInt(1204305102)
}
{ 
    "_id" : ObjectId("5ac9c3cbcc9d40b5abb5cfe1"), 
    "user_id" : NumberLong(2510679636)
}
{ 
    "_id" : ObjectId("5ac9c3cbcc9d40b5abb5cfe2"), 
    "user_id" : NumberInt(32700143)
}
{ 
    "_id" : ObjectId("5ac9c3cbcc9d40b5abb5cfe3"), 
    "user_id" : NumberLong(771655700426567681)
}
{ 
    "_id" : ObjectId("5ac9c3cbcc9d40b5abb5cfe4"), 
    "user_id" : NumberInt(101764568)
}
{ 
    "_id" : ObjectId("5ac9c3cbcc9d40b5abb5cfe5"), 
    "user_id" : NumberLong(875391976501334019)
}
{ 
    "_id" : ObjectId("5ac9c3cccc9d40b5abb5cfe6"), 
    "user_id" : NumberInt(17758656)
}
{ 
    "_id" : ObjectId("5ac9c3cccc9d40b5abb5cfe7"), 
    "user_id" : NumberInt(45649834)
}
{ 
    "_id" : ObjectId("5ac9c3cccc9d40b5abb5cfe8"), 
    "user_id" : NumberInt(39126061)
}
{ 
    "_id" : ObjectId("5ac9c3cccc9d40b5abb5cfe9"), 
    "user_id" : NumberLong(3299333404)
}
{ 
    "_id" : ObjectId("5ac9c3cccc9d40b5abb5cfea"), 
    "user_id" : NumberInt(340988113)
}
