{ 
    "_id" : ObjectId("5ac9c39acc9d40b5abb5cef1"), 
    "user_id_1" : "158093043", 
    "user_id_2" : "779247136944689152", 
    "relationship" : false
}
{ 
    "_id" : ObjectId("5ac9c39acc9d40b5abb5cef2"), 
    "user_id_1" : "702231013976629248", 
    "user_id_2" : "779247136944689152", 
    "relationship" : false
}
{ 
    "_id" : ObjectId("5ac9c39bcc9d40b5abb5cef3"), 
    "user_id_1" : "2192461512", 
    "user_id_2" : "779247136944689152", 
    "relationship" : false
}
{ 
    "_id" : ObjectId("5ac9c39bcc9d40b5abb5cef4"), 
    "user_id_1" : "11453502", 
    "user_id_2" : "779247136944689152", 
    "relationship" : false
}
{ 
    "_id" : ObjectId("5ac9c39ccc9d40b5abb5cef5"), 
    "user_id_1" : "511435006", 
    "user_id_2" : "779247136944689152", 
    "relationship" : false
}
{ 
    "_id" : ObjectId("5ac9c39ccc9d40b5abb5cef6"), 
    "user_id_1" : "46446130", 
    "user_id_2" : "779247136944689152", 
    "relationship" : false
}
{ 
    "_id" : ObjectId("5ac9c39ccc9d40b5abb5cef7"), 
    "user_id_1" : "847884157757927426", 
    "user_id_2" : "779247136944689152", 
    "relationship" : false
}
{ 
    "_id" : ObjectId("5ac9c39dcc9d40b5abb5cef8"), 
    "user_id_1" : "173458211", 
    "user_id_2" : "779247136944689152", 
    "relationship" : false
}
{ 
    "_id" : ObjectId("5ac9c39dcc9d40b5abb5cef9"), 
    "user_id_1" : "851984899468820481", 
    "user_id_2" : "779247136944689152", 
    "relationship" : false
}
{ 
    "_id" : ObjectId("5ac9c39ecc9d40b5abb5cefa"), 
    "user_id_1" : "27562349", 
    "user_id_2" : "779247136944689152", 
    "relationship" : false
}
{ 
    "_id" : ObjectId("5ac9c39ecc9d40b5abb5cefb"), 
    "user_id_1" : "1466069606", 
    "user_id_2" : "779247136944689152", 
    "relationship" : false
}
{ 
    "_id" : ObjectId("5ac9c39ecc9d40b5abb5cefc"), 
    "user_id_1" : "797314622", 
    "user_id_2" : "779247136944689152", 
    "relationship" : false
}
{ 
    "_id" : ObjectId("5ac9c39fcc9d40b5abb5cefd"), 
    "user_id_1" : "297681102", 
    "user_id_2" : "779247136944689152", 
    "relationship" : false
}
{ 
    "_id" : ObjectId("5ac9c39fcc9d40b5abb5cefe"), 
    "user_id_1" : "782667680029421568", 
    "user_id_2" : "779247136944689152", 
    "relationship" : false
}
{ 
    "_id" : ObjectId("5ac9c3a0cc9d40b5abb5ceff"), 
    "user_id_1" : "25569355", 
    "user_id_2" : "779247136944689152", 
    "relationship" : false
}
{ 
    "_id" : ObjectId("5ac9c3a0cc9d40b5abb5cf00"), 
    "user_id_1" : "68951901", 
    "user_id_2" : "779247136944689152", 
    "relationship" : false
}
{ 
    "_id" : ObjectId("5ac9c3a1cc9d40b5abb5cf01"), 
    "user_id_1" : "419078752", 
    "user_id_2" : "779247136944689152", 
    "relationship" : false
}
{ 
    "_id" : ObjectId("5ac9c3a1cc9d40b5abb5cf02"), 
    "user_id_1" : "2303913996", 
    "user_id_2" : "779247136944689152", 
    "relationship" : false
}
{ 
    "_id" : ObjectId("5ac9c3a1cc9d40b5abb5cf03"), 
    "user_id_1" : "613676937", 
    "user_id_2" : "779247136944689152", 
    "relationship" : false
}
{ 
    "_id" : ObjectId("5ac9c3a2cc9d40b5abb5cf04"), 
    "user_id_1" : "826474884", 
    "user_id_2" : "779247136944689152", 
    "relationship" : false
}
{ 
    "_id" : ObjectId("5ac9c3a2cc9d40b5abb5cf05"), 
    "user_id_1" : "955602431995469825", 
    "user_id_2" : "779247136944689152", 
    "relationship" : false
}
{ 
    "_id" : ObjectId("5ac9c3a2cc9d40b5abb5cf06"), 
    "user_id_1" : "139219409", 
    "user_id_2" : "779247136944689152", 
    "relationship" : false
}
{ 
    "_id" : ObjectId("5ac9c3a3cc9d40b5abb5cf07"), 
    "user_id_1" : "2428846308", 
    "user_id_2" : "779247136944689152", 
    "relationship" : false
}
{ 
    "_id" : ObjectId("5ac9c3a3cc9d40b5abb5cf08"), 
    "user_id_1" : "1268545712", 
    "user_id_2" : "779247136944689152", 
    "relationship" : false
}
{ 
    "_id" : ObjectId("5ac9c3a4cc9d40b5abb5cf09"), 
    "user_id_1" : "1007094660", 
    "user_id_2" : "779247136944689152", 
    "relationship" : false
}
{ 
    "_id" : ObjectId("5ac9c3a4cc9d40b5abb5cf0a"), 
    "user_id_1" : "815412119298457600", 
    "user_id_2" : "779247136944689152", 
    "relationship" : false
}
{ 
    "_id" : ObjectId("5ac9c3a4cc9d40b5abb5cf0b"), 
    "user_id_1" : "42834525", 
    "user_id_2" : "779247136944689152", 
    "relationship" : false
}
{ 
    "_id" : ObjectId("5ac9c3a5cc9d40b5abb5cf0c"), 
    "user_id_1" : "335435353", 
    "user_id_2" : "779247136944689152", 
    "relationship" : false
}
{ 
    "_id" : ObjectId("5ac9c3a5cc9d40b5abb5cf0d"), 
    "user_id_1" : "738376099936243712", 
    "user_id_2" : "779247136944689152", 
    "relationship" : false
}
{ 
    "_id" : ObjectId("5ac9c3a6cc9d40b5abb5cf0e"), 
    "user_id_1" : "55225054", 
    "user_id_2" : "779247136944689152", 
    "relationship" : false
}
{ 
    "_id" : ObjectId("5ac9c3a6cc9d40b5abb5cf0f"), 
    "user_id_1" : "800976956", 
    "user_id_2" : "779247136944689152", 
    "relationship" : false
}
{ 
    "_id" : ObjectId("5ac9c3a6cc9d40b5abb5cf10"), 
    "user_id_1" : "484539256", 
    "user_id_2" : "779247136944689152", 
    "relationship" : false
}
{ 
    "_id" : ObjectId("5ac9c3a7cc9d40b5abb5cf11"), 
    "user_id_1" : "880812041652580353", 
    "user_id_2" : "779247136944689152", 
    "relationship" : false
}
{ 
    "_id" : ObjectId("5ac9c3a7cc9d40b5abb5cf12"), 
    "user_id_1" : "1014453146", 
    "user_id_2" : "779247136944689152", 
    "relationship" : false
}
{ 
    "_id" : ObjectId("5ac9c3a8cc9d40b5abb5cf13"), 
    "user_id_1" : "2802719713", 
    "user_id_2" : "779247136944689152", 
    "relationship" : false
}
{ 
    "_id" : ObjectId("5ac9c3a8cc9d40b5abb5cf14"), 
    "user_id_1" : "29862308", 
    "user_id_2" : "779247136944689152", 
    "relationship" : false
}
{ 
    "_id" : ObjectId("5ac9c3a9cc9d40b5abb5cf15"), 
    "user_id_1" : "156430134", 
    "user_id_2" : "779247136944689152", 
    "relationship" : false
}
{ 
    "_id" : ObjectId("5ac9c3a9cc9d40b5abb5cf16"), 
    "user_id_1" : "840756784210051072", 
    "user_id_2" : "779247136944689152", 
    "relationship" : false
}
{ 
    "_id" : ObjectId("5ac9c3a9cc9d40b5abb5cf17"), 
    "user_id_1" : "4432270409", 
    "user_id_2" : "779247136944689152", 
    "relationship" : false
}
{ 
    "_id" : ObjectId("5ac9c3aacc9d40b5abb5cf18"), 
    "user_id_1" : "25521741", 
    "user_id_2" : "779247136944689152", 
    "relationship" : false
}
{ 
    "_id" : ObjectId("5ac9c3aacc9d40b5abb5cf19"), 
    "user_id_1" : "394942306", 
    "user_id_2" : "779247136944689152", 
    "relationship" : false
}
{ 
    "_id" : ObjectId("5ac9c3abcc9d40b5abb5cf1a"), 
    "user_id_1" : "3113203775", 
    "user_id_2" : "779247136944689152", 
    "relationship" : false
}
{ 
    "_id" : ObjectId("5ac9c3abcc9d40b5abb5cf1b"), 
    "user_id_1" : "384034768", 
    "user_id_2" : "779247136944689152", 
    "relationship" : false
}
{ 
    "_id" : ObjectId("5ac9c3accc9d40b5abb5cf1c"), 
    "user_id_1" : "578500686", 
    "user_id_2" : "779247136944689152", 
    "relationship" : false
}
{ 
    "_id" : ObjectId("5ac9c3accc9d40b5abb5cf1d"), 
    "user_id_1" : "619148852", 
    "user_id_2" : "779247136944689152", 
    "relationship" : false
}
{ 
    "_id" : ObjectId("5ac9c3adcc9d40b5abb5cf1e"), 
    "user_id_1" : "47695812", 
    "user_id_2" : "779247136944689152", 
    "relationship" : false
}
{ 
    "_id" : ObjectId("5ac9c3adcc9d40b5abb5cf1f"), 
    "user_id_1" : "2205345102", 
    "user_id_2" : "779247136944689152", 
    "relationship" : false
}
{ 
    "_id" : ObjectId("5ac9c3adcc9d40b5abb5cf20"), 
    "user_id_1" : "912276799358369792", 
    "user_id_2" : "779247136944689152", 
    "relationship" : false
}
{ 
    "_id" : ObjectId("5ac9c3aecc9d40b5abb5cf21"), 
    "user_id_1" : "2860637732", 
    "user_id_2" : "779247136944689152", 
    "relationship" : false
}
{ 
    "_id" : ObjectId("5ac9c3aecc9d40b5abb5cf22"), 
    "user_id_1" : "215304167", 
    "user_id_2" : "779247136944689152", 
    "relationship" : false
}
{ 
    "_id" : ObjectId("5ac9c3afcc9d40b5abb5cf23"), 
    "user_id_1" : "731437733609152512", 
    "user_id_2" : "779247136944689152", 
    "relationship" : false
}
{ 
    "_id" : ObjectId("5ac9c3afcc9d40b5abb5cf24"), 
    "user_id_1" : "400180224", 
    "user_id_2" : "779247136944689152", 
    "relationship" : false
}
{ 
    "_id" : ObjectId("5ac9c3afcc9d40b5abb5cf25"), 
    "user_id_1" : "40848626", 
    "user_id_2" : "779247136944689152", 
    "relationship" : false
}
{ 
    "_id" : ObjectId("5ac9c3b0cc9d40b5abb5cf26"), 
    "user_id_1" : "126229870", 
    "user_id_2" : "779247136944689152", 
    "relationship" : false
}
{ 
    "_id" : ObjectId("5ac9c3b0cc9d40b5abb5cf27"), 
    "user_id_1" : "47239788", 
    "user_id_2" : "779247136944689152", 
    "relationship" : false
}
{ 
    "_id" : ObjectId("5ac9c3b1cc9d40b5abb5cf28"), 
    "user_id_1" : "944766136394178560", 
    "user_id_2" : "779247136944689152", 
    "relationship" : false
}
{ 
    "_id" : ObjectId("5ac9c3b1cc9d40b5abb5cf29"), 
    "user_id_1" : "3001308845", 
    "user_id_2" : "779247136944689152", 
    "relationship" : false
}
{ 
    "_id" : ObjectId("5ac9c3b1cc9d40b5abb5cf2a"), 
    "user_id_1" : "2251074315", 
    "user_id_2" : "779247136944689152", 
    "relationship" : false
}
{ 
    "_id" : ObjectId("5ac9c3b2cc9d40b5abb5cf2b"), 
    "user_id_1" : "221147002", 
    "user_id_2" : "779247136944689152", 
    "relationship" : false
}
{ 
    "_id" : ObjectId("5ac9c3b2cc9d40b5abb5cf2c"), 
    "user_id_1" : "81855389", 
    "user_id_2" : "779247136944689152", 
    "relationship" : false
}
{ 
    "_id" : ObjectId("5ac9c3b2cc9d40b5abb5cf2d"), 
    "user_id_1" : "1321632098", 
    "user_id_2" : "779247136944689152", 
    "relationship" : false
}
{ 
    "_id" : ObjectId("5ac9c3b3cc9d40b5abb5cf2e"), 
    "user_id_1" : "838854539168067584", 
    "user_id_2" : "779247136944689152", 
    "relationship" : false
}
{ 
    "_id" : ObjectId("5ac9c3b3cc9d40b5abb5cf2f"), 
    "user_id_1" : "2762910192", 
    "user_id_2" : "779247136944689152", 
    "relationship" : false
}
{ 
    "_id" : ObjectId("5ac9c3b4cc9d40b5abb5cf30"), 
    "user_id_1" : "1034864100", 
    "user_id_2" : "779247136944689152", 
    "relationship" : false
}
{ 
    "_id" : ObjectId("5ac9c3b4cc9d40b5abb5cf31"), 
    "user_id_1" : "772903951939342336", 
    "user_id_2" : "779247136944689152", 
    "relationship" : false
}
{ 
    "_id" : ObjectId("5ac9c3b4cc9d40b5abb5cf32"), 
    "user_id_1" : "1679520266", 
    "user_id_2" : "779247136944689152", 
    "relationship" : false
}
{ 
    "_id" : ObjectId("5ac9c3b5cc9d40b5abb5cf33"), 
    "user_id_1" : "3652737679", 
    "user_id_2" : "779247136944689152", 
    "relationship" : false
}
{ 
    "_id" : ObjectId("5ac9c3b5cc9d40b5abb5cf34"), 
    "user_id_1" : "918663042744844288", 
    "user_id_2" : "779247136944689152", 
    "relationship" : false
}
{ 
    "_id" : ObjectId("5ac9c3b6cc9d40b5abb5cf35"), 
    "user_id_1" : "118360232", 
    "user_id_2" : "779247136944689152", 
    "relationship" : false
}
{ 
    "_id" : ObjectId("5ac9c3b6cc9d40b5abb5cf36"), 
    "user_id_1" : "245077968", 
    "user_id_2" : "779247136944689152", 
    "relationship" : false
}
{ 
    "_id" : ObjectId("5ac9c3b6cc9d40b5abb5cf37"), 
    "user_id_1" : "3491036776", 
    "user_id_2" : "779247136944689152", 
    "relationship" : false
}
{ 
    "_id" : ObjectId("5ac9c3b7cc9d40b5abb5cf38"), 
    "user_id_1" : "933732015643521024", 
    "user_id_2" : "779247136944689152", 
    "relationship" : false
}
{ 
    "_id" : ObjectId("5ac9c3b7cc9d40b5abb5cf39"), 
    "user_id_1" : "81116158", 
    "user_id_2" : "779247136944689152", 
    "relationship" : false
}
{ 
    "_id" : ObjectId("5ac9c3b7cc9d40b5abb5cf3a"), 
    "user_id_1" : "379970729", 
    "user_id_2" : "779247136944689152", 
    "relationship" : false
}
{ 
    "_id" : ObjectId("5ac9c3b8cc9d40b5abb5cf3b"), 
    "user_id_1" : "859949085725409280", 
    "user_id_2" : "779247136944689152", 
    "relationship" : false
}
{ 
    "_id" : ObjectId("5ac9c3b8cc9d40b5abb5cf3c"), 
    "user_id_1" : "2974777619", 
    "user_id_2" : "779247136944689152", 
    "relationship" : false
}
{ 
    "_id" : ObjectId("5ac9c3b8cc9d40b5abb5cf3d"), 
    "user_id_1" : "2201309866", 
    "user_id_2" : "779247136944689152", 
    "relationship" : false
}
{ 
    "_id" : ObjectId("5ac9c3b9cc9d40b5abb5cf3e"), 
    "user_id_1" : "45997252", 
    "user_id_2" : "779247136944689152", 
    "relationship" : false
}
{ 
    "_id" : ObjectId("5ac9c3b9cc9d40b5abb5cf3f"), 
    "user_id_1" : "258691661", 
    "user_id_2" : "779247136944689152", 
    "relationship" : false
}
{ 
    "_id" : ObjectId("5ac9c3bacc9d40b5abb5cf40"), 
    "user_id_1" : "7039032", 
    "user_id_2" : "779247136944689152", 
    "relationship" : false
}
{ 
    "_id" : ObjectId("5ac9c3bacc9d40b5abb5cf41"), 
    "user_id_1" : "238090310", 
    "user_id_2" : "779247136944689152", 
    "relationship" : false
}
{ 
    "_id" : ObjectId("5ac9c3bacc9d40b5abb5cf42"), 
    "user_id_1" : "750047991994601472", 
    "user_id_2" : "779247136944689152", 
    "relationship" : false
}
{ 
    "_id" : ObjectId("5ac9c3bbcc9d40b5abb5cf43"), 
    "user_id_1" : "737807174349398016", 
    "user_id_2" : "779247136944689152", 
    "relationship" : false
}
{ 
    "_id" : ObjectId("5ac9c3bbcc9d40b5abb5cf44"), 
    "user_id_1" : "886321084756357121", 
    "user_id_2" : "779247136944689152", 
    "relationship" : false
}
{ 
    "_id" : ObjectId("5ac9c3bccc9d40b5abb5cf45"), 
    "user_id_1" : "305198624", 
    "user_id_2" : "779247136944689152", 
    "relationship" : false
}
{ 
    "_id" : ObjectId("5ac9c3bccc9d40b5abb5cf46"), 
    "user_id_1" : "896047036839202816", 
    "user_id_2" : "779247136944689152", 
    "relationship" : false
}
{ 
    "_id" : ObjectId("5ac9c3bccc9d40b5abb5cf47"), 
    "user_id_1" : "1049610349", 
    "user_id_2" : "779247136944689152", 
    "relationship" : false
}
{ 
    "_id" : ObjectId("5ac9c3bdcc9d40b5abb5cf48"), 
    "user_id_1" : "597680418", 
    "user_id_2" : "779247136944689152", 
    "relationship" : false
}
{ 
    "_id" : ObjectId("5ac9c3bdcc9d40b5abb5cf49"), 
    "user_id_1" : "264802033", 
    "user_id_2" : "779247136944689152", 
    "relationship" : false
}
{ 
    "_id" : ObjectId("5ac9c3bdcc9d40b5abb5cf4a"), 
    "user_id_1" : "112811227", 
    "user_id_2" : "779247136944689152", 
    "relationship" : false
}
{ 
    "_id" : ObjectId("5ac9c3becc9d40b5abb5cf4b"), 
    "user_id_1" : "1561205442", 
    "user_id_2" : "779247136944689152", 
    "relationship" : false
}
{ 
    "_id" : ObjectId("5ac9c3becc9d40b5abb5cf4c"), 
    "user_id_1" : "3366656463", 
    "user_id_2" : "779247136944689152", 
    "relationship" : false
}
{ 
    "_id" : ObjectId("5ac9c3bfcc9d40b5abb5cf4d"), 
    "user_id_1" : "966094067670159360", 
    "user_id_2" : "779247136944689152", 
    "relationship" : false
}
{ 
    "_id" : ObjectId("5ac9c3bfcc9d40b5abb5cf4e"), 
    "user_id_1" : "118360434", 
    "user_id_2" : "779247136944689152", 
    "relationship" : false
}
{ 
    "_id" : ObjectId("5ac9c3bfcc9d40b5abb5cf4f"), 
    "user_id_1" : "2554911938", 
    "user_id_2" : "779247136944689152", 
    "relationship" : false
}
{ 
    "_id" : ObjectId("5ac9c3c0cc9d40b5abb5cf50"), 
    "user_id_1" : "4883403796", 
    "user_id_2" : "779247136944689152", 
    "relationship" : false
}
{ 
    "_id" : ObjectId("5ac9c3c0cc9d40b5abb5cf51"), 
    "user_id_1" : "860771528", 
    "user_id_2" : "779247136944689152", 
    "relationship" : false
}
{ 
    "_id" : ObjectId("5ac9c3c1cc9d40b5abb5cf52"), 
    "user_id_1" : "2514770248", 
    "user_id_2" : "779247136944689152", 
    "relationship" : false
}
{ 
    "_id" : ObjectId("5ac9c3c1cc9d40b5abb5cf53"), 
    "user_id_1" : "764068153865437184", 
    "user_id_2" : "779247136944689152", 
    "relationship" : false
}
{ 
    "_id" : ObjectId("5ac9c3c1cc9d40b5abb5cf54"), 
    "user_id_1" : "897269044079976448", 
    "user_id_2" : "779247136944689152", 
    "relationship" : false
}
{ 
    "_id" : ObjectId("5ac9c3c2cc9d40b5abb5cf55"), 
    "user_id_1" : "183005154", 
    "user_id_2" : "779247136944689152", 
    "relationship" : false
}
{ 
    "_id" : ObjectId("5ac9c3c2cc9d40b5abb5cf56"), 
    "user_id_1" : "135911954", 
    "user_id_2" : "779247136944689152", 
    "relationship" : false
}
{ 
    "_id" : ObjectId("5ac9c3c3cc9d40b5abb5cf57"), 
    "user_id_1" : "143645001", 
    "user_id_2" : "779247136944689152", 
    "relationship" : false
}
{ 
    "_id" : ObjectId("5ac9c3c3cc9d40b5abb5cf58"), 
    "user_id_1" : "2437565181", 
    "user_id_2" : "779247136944689152", 
    "relationship" : false
}
{ 
    "_id" : ObjectId("5ac9c3c3cc9d40b5abb5cf59"), 
    "user_id_1" : "27064611", 
    "user_id_2" : "779247136944689152", 
    "relationship" : false
}
{ 
    "_id" : ObjectId("5ac9c3c4cc9d40b5abb5cf5a"), 
    "user_id_1" : "920302500334387200", 
    "user_id_2" : "779247136944689152", 
    "relationship" : false
}
{ 
    "_id" : ObjectId("5ac9c3c4cc9d40b5abb5cf5b"), 
    "user_id_1" : "4207021812", 
    "user_id_2" : "779247136944689152", 
    "relationship" : false
}
{ 
    "_id" : ObjectId("5ac9c3c4cc9d40b5abb5cf5c"), 
    "user_id_1" : "2692297599", 
    "user_id_2" : "779247136944689152", 
    "relationship" : false
}
{ 
    "_id" : ObjectId("5ac9c3c5cc9d40b5abb5cf5d"), 
    "user_id_1" : "27201192", 
    "user_id_2" : "779247136944689152", 
    "relationship" : false
}
{ 
    "_id" : ObjectId("5ac9c3c5cc9d40b5abb5cf5e"), 
    "user_id_1" : "361940436", 
    "user_id_2" : "779247136944689152", 
    "relationship" : false
}
{ 
    "_id" : ObjectId("5ac9c3c6cc9d40b5abb5cf5f"), 
    "user_id_1" : "16537876", 
    "user_id_2" : "779247136944689152", 
    "relationship" : false
}
{ 
    "_id" : ObjectId("5ac9c3c6cc9d40b5abb5cf60"), 
    "user_id_1" : "398902269", 
    "user_id_2" : "779247136944689152", 
    "relationship" : false
}
{ 
    "_id" : ObjectId("5ac9c3c6cc9d40b5abb5cf61"), 
    "user_id_1" : "68517020", 
    "user_id_2" : "779247136944689152", 
    "relationship" : false
}
{ 
    "_id" : ObjectId("5ac9c3c7cc9d40b5abb5cf62"), 
    "user_id_1" : "705375039", 
    "user_id_2" : "779247136944689152", 
    "relationship" : false
}
{ 
    "_id" : ObjectId("5ac9c3c7cc9d40b5abb5cf63"), 
    "user_id_1" : "1204305102", 
    "user_id_2" : "779247136944689152", 
    "relationship" : false
}
{ 
    "_id" : ObjectId("5ac9c3c8cc9d40b5abb5cf64"), 
    "user_id_1" : "2510679636", 
    "user_id_2" : "779247136944689152", 
    "relationship" : false
}
{ 
    "_id" : ObjectId("5ac9c3c8cc9d40b5abb5cf65"), 
    "user_id_1" : "32700143", 
    "user_id_2" : "779247136944689152", 
    "relationship" : false
}
{ 
    "_id" : ObjectId("5ac9c3c9cc9d40b5abb5cf66"), 
    "user_id_1" : "771655700426567681", 
    "user_id_2" : "779247136944689152", 
    "relationship" : false
}
{ 
    "_id" : ObjectId("5ac9c3c9cc9d40b5abb5cf67"), 
    "user_id_1" : "101764568", 
    "user_id_2" : "779247136944689152", 
    "relationship" : false
}
{ 
    "_id" : ObjectId("5ac9c3c9cc9d40b5abb5cf68"), 
    "user_id_1" : "875391976501334019", 
    "user_id_2" : "779247136944689152", 
    "relationship" : false
}
{ 
    "_id" : ObjectId("5ac9c3cacc9d40b5abb5cf69"), 
    "user_id_1" : "17758656", 
    "user_id_2" : "779247136944689152", 
    "relationship" : false
}
{ 
    "_id" : ObjectId("5ac9c3cacc9d40b5abb5cf6a"), 
    "user_id_1" : "45649834", 
    "user_id_2" : "779247136944689152", 
    "relationship" : false
}
{ 
    "_id" : ObjectId("5ac9c3cbcc9d40b5abb5cf6b"), 
    "user_id_1" : "39126061", 
    "user_id_2" : "779247136944689152", 
    "relationship" : false
}
{ 
    "_id" : ObjectId("5ac9c3cbcc9d40b5abb5cf6c"), 
    "user_id_1" : "3299333404", 
    "user_id_2" : "779247136944689152", 
    "relationship" : false
}
{ 
    "_id" : ObjectId("5ac9c3cbcc9d40b5abb5cf6d"), 
    "user_id_1" : "340988113", 
    "user_id_2" : "779247136944689152", 
    "relationship" : false
}
