{ 
    "_id" : ObjectId("5ae6d01c79f5af612ac072ce"), 
    "user_id" : NumberLong(817081293737369600)
}
{ 
    "_id" : ObjectId("5ae6d01c79f5af612ac072cf"), 
    "user_id" : NumberInt(707442116)
}
{ 
    "_id" : ObjectId("5ae6d01c79f5af612ac072d0"), 
    "user_id" : NumberInt(630423699)
}
{ 
    "_id" : ObjectId("5ae6d01c79f5af612ac072d1"), 
    "user_id" : NumberLong(938794615712382976)
}
{ 
    "_id" : ObjectId("5ae6d01c79f5af612ac072d2"), 
    "user_id" : NumberInt(58971087)
}
{ 
    "_id" : ObjectId("5ae6d01c79f5af612ac072d3"), 
    "user_id" : NumberLong(822543770054959106)
}
{ 
    "_id" : ObjectId("5ae6d01c79f5af612ac072d4"), 
    "user_id" : NumberLong(937312128779935744)
}
{ 
    "_id" : ObjectId("5ae6d01c79f5af612ac072d5"), 
    "user_id" : NumberLong(4819787669)
}
{ 
    "_id" : ObjectId("5ae6d01c79f5af612ac072d6"), 
    "user_id" : NumberInt(34699954)
}
{ 
    "_id" : ObjectId("5ae6d01c79f5af612ac072d7"), 
    "user_id" : NumberLong(2180484278)
}
{ 
    "_id" : ObjectId("5ae6d01c79f5af612ac072d8"), 
    "user_id" : NumberLong(3370969547)
}
{ 
    "_id" : ObjectId("5ae6d01c79f5af612ac072d9"), 
    "user_id" : NumberLong(834679266159702016)
}
{ 
    "_id" : ObjectId("5ae6d01c79f5af612ac072da"), 
    "user_id" : NumberInt(188215961)
}
{ 
    "_id" : ObjectId("5ae6d01c79f5af612ac072db"), 
    "user_id" : NumberInt(17056051)
}
{ 
    "_id" : ObjectId("5ae6d01c79f5af612ac072dc"), 
    "user_id" : NumberInt(53962838)
}
{ 
    "_id" : ObjectId("5ae6d01c79f5af612ac072dd"), 
    "user_id" : NumberInt(294955075)
}
{ 
    "_id" : ObjectId("5ae6d01c79f5af612ac072de"), 
    "user_id" : NumberLong(2482564454)
}
{ 
    "_id" : ObjectId("5ae6d01c79f5af612ac072df"), 
    "user_id" : NumberInt(1689190476)
}
{ 
    "_id" : ObjectId("5ae6d01c79f5af612ac072e0"), 
    "user_id" : NumberLong(958786398936535041)
}
{ 
    "_id" : ObjectId("5ae6d01c79f5af612ac072e1"), 
    "user_id" : NumberInt(264886985)
}
{ 
    "_id" : ObjectId("5ae6d01c79f5af612ac072e2"), 
    "user_id" : NumberLong(948989465241907200)
}
{ 
    "_id" : ObjectId("5ae6d01c79f5af612ac072e3"), 
    "user_id" : NumberLong(2406608614)
}
{ 
    "_id" : ObjectId("5ae6d01c79f5af612ac072e4"), 
    "user_id" : NumberInt(218276257)
}
{ 
    "_id" : ObjectId("5ae6d01c79f5af612ac072e5"), 
    "user_id" : NumberInt(118168962)
}
{ 
    "_id" : ObjectId("5ae6d01c79f5af612ac072e6"), 
    "user_id" : NumberLong(4876643140)
}
{ 
    "_id" : ObjectId("5ae6d01c79f5af612ac072e7"), 
    "user_id" : NumberInt(870535898)
}
{ 
    "_id" : ObjectId("5ae6d01c79f5af612ac072e8"), 
    "user_id" : NumberLong(943469303587852288)
}
