{ 
    "_id" : ObjectId("5ae5d1c279f5af4ed8733880"), 
    "user_id_1" : "4188671596", 
    "user_id_2" : "457984599", 
    "relationship" : true
}
{ 
    "_id" : ObjectId("5ae5d1c379f5af4ed8733881"), 
    "user_id_1" : "57049338", 
    "user_id_2" : "457984599", 
    "relationship" : true
}
{ 
    "_id" : ObjectId("5ae5d1c479f5af4ed8733882"), 
    "user_id_1" : "769926301859938304", 
    "user_id_2" : "457984599", 
    "relationship" : true
}
{ 
    "_id" : ObjectId("5ae5d1c579f5af4ed8733883"), 
    "user_id_1" : "901576754866692096", 
    "user_id_2" : "457984599", 
    "relationship" : true
}
{ 
    "_id" : ObjectId("5ae5d1c779f5af4ed8733884"), 
    "user_id_1" : "489929334", 
    "user_id_2" : "457984599", 
    "relationship" : true
}
{ 
    "_id" : ObjectId("5ae5d1c879f5af4ed8733885"), 
    "user_id_1" : "619712282", 
    "user_id_2" : "457984599", 
    "relationship" : true
}
{ 
    "_id" : ObjectId("5ae5d1c979f5af4ed8733886"), 
    "user_id_1" : "2430068840", 
    "user_id_2" : "457984599", 
    "relationship" : true
}
{ 
    "_id" : ObjectId("5ae5d1ca79f5af4ed8733887"), 
    "user_id_1" : "817081293737369600", 
    "user_id_2" : "457984599", 
    "relationship" : false
}
{ 
    "_id" : ObjectId("5ae5d1cb79f5af4ed8733888"), 
    "user_id_1" : "3375673138", 
    "user_id_2" : "457984599", 
    "relationship" : true
}
{ 
    "_id" : ObjectId("5ae5d1cc79f5af4ed8733889"), 
    "user_id_1" : "45637919", 
    "user_id_2" : "457984599", 
    "relationship" : false
}
{ 
    "_id" : ObjectId("5ae5d1cc79f5af4ed873388a"), 
    "user_id_1" : "936417588560781317", 
    "user_id_2" : "457984599", 
    "relationship" : true
}
{ 
    "_id" : ObjectId("5ae5d1cd79f5af4ed873388b"), 
    "user_id_1" : "2252163905", 
    "user_id_2" : "457984599", 
    "relationship" : true
}
{ 
    "_id" : ObjectId("5ae5d1ce79f5af4ed873388c"), 
    "user_id_1" : "14677747", 
    "user_id_2" : "457984599", 
    "relationship" : true
}
{ 
    "_id" : ObjectId("5ae5d1cf79f5af4ed873388d"), 
    "user_id_1" : "2986306444", 
    "user_id_2" : "457984599", 
    "relationship" : true
}
{ 
    "_id" : ObjectId("5ae5d1d079f5af4ed873388e"), 
    "user_id_1" : "142010045", 
    "user_id_2" : "457984599", 
    "relationship" : true
}
{ 
    "_id" : ObjectId("5ae5d1d179f5af4ed873388f"), 
    "user_id_1" : "923293282603536386", 
    "user_id_2" : "457984599", 
    "relationship" : true
}
{ 
    "_id" : ObjectId("5ae5d1d179f5af4ed8733890"), 
    "user_id_1" : "3068881296", 
    "user_id_2" : "457984599", 
    "relationship" : false
}
{ 
    "_id" : ObjectId("5ae5d1d279f5af4ed8733891"), 
    "user_id_1" : "42930536", 
    "user_id_2" : "457984599", 
    "relationship" : true
}
{ 
    "_id" : ObjectId("5ae5d1d379f5af4ed8733892"), 
    "user_id_1" : "707442116", 
    "user_id_2" : "457984599", 
    "relationship" : false
}
{ 
    "_id" : ObjectId("5ae5d1d479f5af4ed8733893"), 
    "user_id_1" : "527818428", 
    "user_id_2" : "457984599", 
    "relationship" : true
}
{ 
    "_id" : ObjectId("5ae5d1d579f5af4ed8733894"), 
    "user_id_1" : "251668274", 
    "user_id_2" : "457984599", 
    "relationship" : false
}
{ 
    "_id" : ObjectId("5ae5d1d679f5af4ed8733895"), 
    "user_id_1" : "26143962", 
    "user_id_2" : "457984599", 
    "relationship" : true
}
{ 
    "_id" : ObjectId("5ae5d1d879f5af4ed8733896"), 
    "user_id_1" : "883130737", 
    "user_id_2" : "457984599", 
    "relationship" : true
}
{ 
    "_id" : ObjectId("5ae5d1d979f5af4ed8733897"), 
    "user_id_1" : "765278909696843776", 
    "user_id_2" : "457984599", 
    "relationship" : true
}
{ 
    "_id" : ObjectId("5ae5d1da79f5af4ed8733898"), 
    "user_id_1" : "253711030", 
    "user_id_2" : "457984599", 
    "relationship" : true
}
{ 
    "_id" : ObjectId("5ae5d1db79f5af4ed8733899"), 
    "user_id_1" : "939677695662837760", 
    "user_id_2" : "457984599", 
    "relationship" : true
}
{ 
    "_id" : ObjectId("5ae5d1db79f5af4ed873389a"), 
    "user_id_1" : "969651474937536512", 
    "user_id_2" : "457984599", 
    "relationship" : true
}
{ 
    "_id" : ObjectId("5ae5d1dc79f5af4ed873389b"), 
    "user_id_1" : "1275629976", 
    "user_id_2" : "457984599", 
    "relationship" : true
}
{ 
    "_id" : ObjectId("5ae5d1dd79f5af4ed873389c"), 
    "user_id_1" : "797537588148109313", 
    "user_id_2" : "457984599", 
    "relationship" : true
}
{ 
    "_id" : ObjectId("5ae5d1de79f5af4ed873389d"), 
    "user_id_1" : "412029116", 
    "user_id_2" : "457984599", 
    "relationship" : true
}
{ 
    "_id" : ObjectId("5ae5d1df79f5af4ed873389e"), 
    "user_id_1" : "786072788322967553", 
    "user_id_2" : "457984599", 
    "relationship" : true
}
{ 
    "_id" : ObjectId("5ae5d1df79f5af4ed873389f"), 
    "user_id_1" : "821346369361346560", 
    "user_id_2" : "457984599", 
    "relationship" : true
}
{ 
    "_id" : ObjectId("5ae5d1e079f5af4ed87338a0"), 
    "user_id_1" : "630423699", 
    "user_id_2" : "457984599", 
    "relationship" : false
}
{ 
    "_id" : ObjectId("5ae5d1e179f5af4ed87338a1"), 
    "user_id_1" : "16210842", 
    "user_id_2" : "457984599", 
    "relationship" : true
}
{ 
    "_id" : ObjectId("5ae5d1e279f5af4ed87338a2"), 
    "user_id_1" : "826215680974401540", 
    "user_id_2" : "457984599", 
    "relationship" : false
}
{ 
    "_id" : ObjectId("5ae5d1e279f5af4ed87338a3"), 
    "user_id_1" : "454409632", 
    "user_id_2" : "457984599", 
    "relationship" : true
}
{ 
    "_id" : ObjectId("5ae5d1e379f5af4ed87338a4"), 
    "user_id_1" : "36622802", 
    "user_id_2" : "457984599", 
    "relationship" : false
}
{ 
    "_id" : ObjectId("5ae5d1e479f5af4ed87338a5"), 
    "user_id_1" : "938794615712382976", 
    "user_id_2" : "457984599", 
    "relationship" : false
}
{ 
    "_id" : ObjectId("5ae5d1e579f5af4ed87338a6"), 
    "user_id_1" : "42105665", 
    "user_id_2" : "457984599", 
    "relationship" : true
}
{ 
    "_id" : ObjectId("5ae5d1e679f5af4ed87338a7"), 
    "user_id_1" : "777513698814488577", 
    "user_id_2" : "457984599", 
    "relationship" : false
}
{ 
    "_id" : ObjectId("5ae5d1e779f5af4ed87338a8"), 
    "user_id_1" : "4425679222", 
    "user_id_2" : "457984599", 
    "relationship" : false
}
{ 
    "_id" : ObjectId("5ae5d1e779f5af4ed87338a9"), 
    "user_id_1" : "258156984", 
    "user_id_2" : "457984599", 
    "relationship" : true
}
{ 
    "_id" : ObjectId("5ae5d1e879f5af4ed87338aa"), 
    "user_id_1" : "58971087", 
    "user_id_2" : "457984599", 
    "relationship" : false
}
{ 
    "_id" : ObjectId("5ae5d1e979f5af4ed87338ab"), 
    "user_id_1" : "875854470", 
    "user_id_2" : "457984599", 
    "relationship" : true
}
{ 
    "_id" : ObjectId("5ae5d1ea79f5af4ed87338ac"), 
    "user_id_1" : "67662780", 
    "user_id_2" : "457984599", 
    "relationship" : true
}
{ 
    "_id" : ObjectId("5ae5d1ea79f5af4ed87338ad"), 
    "user_id_1" : "118427896", 
    "user_id_2" : "457984599", 
    "relationship" : true
}
{ 
    "_id" : ObjectId("5ae5d1eb79f5af4ed87338ae"), 
    "user_id_1" : "809977070", 
    "user_id_2" : "457984599", 
    "relationship" : true
}
{ 
    "_id" : ObjectId("5ae5d1ec79f5af4ed87338af"), 
    "user_id_1" : "463025395", 
    "user_id_2" : "457984599", 
    "relationship" : true
}
{ 
    "_id" : ObjectId("5ae5d1ec79f5af4ed87338b0"), 
    "user_id_1" : "2330844385", 
    "user_id_2" : "457984599", 
    "relationship" : true
}
{ 
    "_id" : ObjectId("5ae5d1ed79f5af4ed87338b1"), 
    "user_id_1" : "766700152593739777", 
    "user_id_2" : "457984599", 
    "relationship" : true
}
{ 
    "_id" : ObjectId("5ae5d1ee79f5af4ed87338b2"), 
    "user_id_1" : "43740757", 
    "user_id_2" : "457984599", 
    "relationship" : true
}
{ 
    "_id" : ObjectId("5ae5d1ee79f5af4ed87338b3"), 
    "user_id_1" : "2177265688", 
    "user_id_2" : "457984599", 
    "relationship" : true
}
{ 
    "_id" : ObjectId("5ae5d1f079f5af4ed87338b4"), 
    "user_id_1" : "822543770054959106", 
    "user_id_2" : "457984599", 
    "relationship" : false
}
{ 
    "_id" : ObjectId("5ae5d1f279f5af4ed87338b5"), 
    "user_id_1" : "522805779", 
    "user_id_2" : "457984599", 
    "relationship" : true
}
{ 
    "_id" : ObjectId("5ae5d1f479f5af4ed87338b6"), 
    "user_id_1" : "2997973844", 
    "user_id_2" : "457984599", 
    "relationship" : true
}
{ 
    "_id" : ObjectId("5ae5d1f579f5af4ed87338b7"), 
    "user_id_1" : "812395119932534784", 
    "user_id_2" : "457984599", 
    "relationship" : true
}
{ 
    "_id" : ObjectId("5ae5d1f679f5af4ed87338b8"), 
    "user_id_1" : "2796960419", 
    "user_id_2" : "457984599", 
    "relationship" : true
}
{ 
    "_id" : ObjectId("5ae5d1f779f5af4ed87338b9"), 
    "user_id_1" : "937312128779935744", 
    "user_id_2" : "457984599", 
    "relationship" : false
}
{ 
    "_id" : ObjectId("5ae5d1f879f5af4ed87338ba"), 
    "user_id_1" : "1405942748", 
    "user_id_2" : "457984599", 
    "relationship" : true
}
{ 
    "_id" : ObjectId("5ae5d1f979f5af4ed87338bb"), 
    "user_id_1" : "3067668504", 
    "user_id_2" : "457984599", 
    "relationship" : false
}
{ 
    "_id" : ObjectId("5ae5d1f979f5af4ed87338bc"), 
    "user_id_1" : "887889686374383616", 
    "user_id_2" : "457984599", 
    "relationship" : true
}
{ 
    "_id" : ObjectId("5ae5d1fb79f5af4ed87338bd"), 
    "user_id_1" : "4179304881", 
    "user_id_2" : "457984599", 
    "relationship" : true
}
{ 
    "_id" : ObjectId("5ae5d1fd79f5af4ed87338be"), 
    "user_id_1" : "929030658", 
    "user_id_2" : "457984599", 
    "relationship" : true
}
{ 
    "_id" : ObjectId("5ae5d1ff79f5af4ed87338bf"), 
    "user_id_1" : "4819787669", 
    "user_id_2" : "457984599", 
    "relationship" : false
}
{ 
    "_id" : ObjectId("5ae5d20179f5af4ed87338c0"), 
    "user_id_1" : "380288503", 
    "user_id_2" : "457984599", 
    "relationship" : true
}
{ 
    "_id" : ObjectId("5ae5d20479f5af4ed87338c1"), 
    "user_id_1" : "752587651933466624", 
    "user_id_2" : "457984599", 
    "relationship" : true
}
{ 
    "_id" : ObjectId("5ae5d20679f5af4ed87338c2"), 
    "user_id_1" : "885662467740794883", 
    "user_id_2" : "457984599", 
    "relationship" : true
}
{ 
    "_id" : ObjectId("5ae5d20779f5af4ed87338c3"), 
    "user_id_1" : "2761527358", 
    "user_id_2" : "457984599", 
    "relationship" : true
}
{ 
    "_id" : ObjectId("5ae5d20779f5af4ed87338c4"), 
    "user_id_1" : "955100692368195584", 
    "user_id_2" : "457984599", 
    "relationship" : true
}
{ 
    "_id" : ObjectId("5ae5d20879f5af4ed87338c5"), 
    "user_id_1" : "834926113084297218", 
    "user_id_2" : "457984599", 
    "relationship" : true
}
{ 
    "_id" : ObjectId("5ae5d20979f5af4ed87338c6"), 
    "user_id_1" : "827671190865117185", 
    "user_id_2" : "457984599", 
    "relationship" : true
}
{ 
    "_id" : ObjectId("5ae5d20a79f5af4ed87338c7"), 
    "user_id_1" : "2331853451", 
    "user_id_2" : "457984599", 
    "relationship" : true
}
{ 
    "_id" : ObjectId("5ae5d20b79f5af4ed87338c8"), 
    "user_id_1" : "816979609916993536", 
    "user_id_2" : "457984599", 
    "relationship" : true
}
{ 
    "_id" : ObjectId("5ae5d20c79f5af4ed87338c9"), 
    "user_id_1" : "17421851", 
    "user_id_2" : "457984599", 
    "relationship" : true
}
{ 
    "_id" : ObjectId("5ae5d20c79f5af4ed87338ca"), 
    "user_id_1" : "4883679412", 
    "user_id_2" : "457984599", 
    "relationship" : true
}
{ 
    "_id" : ObjectId("5ae5d20e79f5af4ed87338cb"), 
    "user_id_1" : "437696481", 
    "user_id_2" : "457984599", 
    "relationship" : true
}
{ 
    "_id" : ObjectId("5ae5d20f79f5af4ed87338cc"), 
    "user_id_1" : "3244159364", 
    "user_id_2" : "457984599", 
    "relationship" : true
}
{ 
    "_id" : ObjectId("5ae5d21079f5af4ed87338cd"), 
    "user_id_1" : "568075562", 
    "user_id_2" : "457984599", 
    "relationship" : true
}
{ 
    "_id" : ObjectId("5ae5d21079f5af4ed87338ce"), 
    "user_id_1" : "34699954", 
    "user_id_2" : "457984599", 
    "relationship" : false
}
{ 
    "_id" : ObjectId("5ae5d21179f5af4ed87338cf"), 
    "user_id_1" : "2200851425", 
    "user_id_2" : "457984599", 
    "relationship" : false
}
{ 
    "_id" : ObjectId("5ae5d21279f5af4ed87338d0"), 
    "user_id_1" : "1900885442", 
    "user_id_2" : "457984599", 
    "relationship" : true
}
{ 
    "_id" : ObjectId("5ae5d21379f5af4ed87338d1"), 
    "user_id_1" : "751206314", 
    "user_id_2" : "457984599", 
    "relationship" : true
}
{ 
    "_id" : ObjectId("5ae5d21379f5af4ed87338d2"), 
    "user_id_1" : "298223983", 
    "user_id_2" : "457984599", 
    "relationship" : true
}
{ 
    "_id" : ObjectId("5ae5d21479f5af4ed87338d3"), 
    "user_id_1" : "880240581255077888", 
    "user_id_2" : "457984599", 
    "relationship" : false
}
{ 
    "_id" : ObjectId("5ae5d21579f5af4ed87338d4"), 
    "user_id_1" : "906905018", 
    "user_id_2" : "457984599", 
    "relationship" : true
}
{ 
    "_id" : ObjectId("5ae5d21679f5af4ed87338d5"), 
    "user_id_1" : "964636896751124480", 
    "user_id_2" : "457984599", 
    "relationship" : true
}
{ 
    "_id" : ObjectId("5ae5d21779f5af4ed87338d6"), 
    "user_id_1" : "2180484278", 
    "user_id_2" : "457984599", 
    "relationship" : false
}
{ 
    "_id" : ObjectId("5ae5d21879f5af4ed87338d7"), 
    "user_id_1" : "3096663028", 
    "user_id_2" : "457984599", 
    "relationship" : true
}
{ 
    "_id" : ObjectId("5ae5d21979f5af4ed87338d8"), 
    "user_id_1" : "239181433", 
    "user_id_2" : "457984599", 
    "relationship" : true
}
{ 
    "_id" : ObjectId("5ae5d21a79f5af4ed87338d9"), 
    "user_id_1" : "961611837925191680", 
    "user_id_2" : "457984599", 
    "relationship" : true
}
{ 
    "_id" : ObjectId("5ae5d21a79f5af4ed87338da"), 
    "user_id_1" : "3370969547", 
    "user_id_2" : "457984599", 
    "relationship" : false
}
{ 
    "_id" : ObjectId("5ae5d21b79f5af4ed87338db"), 
    "user_id_1" : "797454112354930688", 
    "user_id_2" : "457984599", 
    "relationship" : true
}
{ 
    "_id" : ObjectId("5ae5d21c79f5af4ed87338dc"), 
    "user_id_1" : "3795114614", 
    "user_id_2" : "457984599", 
    "relationship" : true
}
{ 
    "_id" : ObjectId("5ae5d21d79f5af4ed87338dd"), 
    "user_id_1" : "534667698", 
    "user_id_2" : "457984599", 
    "relationship" : true
}
{ 
    "_id" : ObjectId("5ae5d21d79f5af4ed87338de"), 
    "user_id_1" : "461234709", 
    "user_id_2" : "457984599", 
    "relationship" : false
}
{ 
    "_id" : ObjectId("5ae5d21f79f5af4ed87338df"), 
    "user_id_1" : "152054762", 
    "user_id_2" : "457984599", 
    "relationship" : true
}
{ 
    "_id" : ObjectId("5ae5d22079f5af4ed87338e0"), 
    "user_id_1" : "955420594237042688", 
    "user_id_2" : "457984599", 
    "relationship" : false
}
{ 
    "_id" : ObjectId("5ae5d22079f5af4ed87338e1"), 
    "user_id_1" : "2864812909", 
    "user_id_2" : "457984599", 
    "relationship" : true
}
{ 
    "_id" : ObjectId("5ae5d22179f5af4ed87338e2"), 
    "user_id_1" : "60805879", 
    "user_id_2" : "457984599", 
    "relationship" : true
}
{ 
    "_id" : ObjectId("5ae5d22279f5af4ed87338e3"), 
    "user_id_1" : "903643931187048449", 
    "user_id_2" : "457984599", 
    "relationship" : true
}
{ 
    "_id" : ObjectId("5ae5d22379f5af4ed87338e4"), 
    "user_id_1" : "3128771203", 
    "user_id_2" : "457984599", 
    "relationship" : true
}
{ 
    "_id" : ObjectId("5ae5d22479f5af4ed87338e5"), 
    "user_id_1" : "436025833", 
    "user_id_2" : "457984599", 
    "relationship" : true
}
{ 
    "_id" : ObjectId("5ae5d22479f5af4ed87338e6"), 
    "user_id_1" : "758117882198761472", 
    "user_id_2" : "457984599", 
    "relationship" : true
}
{ 
    "_id" : ObjectId("5ae5d22579f5af4ed87338e7"), 
    "user_id_1" : "29984087", 
    "user_id_2" : "457984599", 
    "relationship" : true
}
{ 
    "_id" : ObjectId("5ae5d22679f5af4ed87338e8"), 
    "user_id_1" : "834679266159702016", 
    "user_id_2" : "457984599", 
    "relationship" : false
}
{ 
    "_id" : ObjectId("5ae5d22779f5af4ed87338e9"), 
    "user_id_1" : "188215961", 
    "user_id_2" : "457984599", 
    "relationship" : false
}
{ 
    "_id" : ObjectId("5ae5d22879f5af4ed87338ea"), 
    "user_id_1" : "17056051", 
    "user_id_2" : "457984599", 
    "relationship" : false
}
{ 
    "_id" : ObjectId("5ae5d22979f5af4ed87338eb"), 
    "user_id_1" : "3364856609", 
    "user_id_2" : "457984599", 
    "relationship" : true
}
{ 
    "_id" : ObjectId("5ae5d22979f5af4ed87338ec"), 
    "user_id_1" : "53962838", 
    "user_id_2" : "457984599", 
    "relationship" : false
}
{ 
    "_id" : ObjectId("5ae5d22a79f5af4ed87338ed"), 
    "user_id_1" : "1110525402", 
    "user_id_2" : "457984599", 
    "relationship" : true
}
{ 
    "_id" : ObjectId("5ae5d22b79f5af4ed87338ee"), 
    "user_id_1" : "440214921", 
    "user_id_2" : "457984599", 
    "relationship" : false
}
{ 
    "_id" : ObjectId("5ae5d22c79f5af4ed87338ef"), 
    "user_id_1" : "294955075", 
    "user_id_2" : "457984599", 
    "relationship" : false
}
{ 
    "_id" : ObjectId("5ae5d22d79f5af4ed87338f0"), 
    "user_id_1" : "764859101838848000", 
    "user_id_2" : "457984599", 
    "relationship" : true
}
{ 
    "_id" : ObjectId("5ae5d22e79f5af4ed87338f1"), 
    "user_id_1" : "2350676532", 
    "user_id_2" : "457984599", 
    "relationship" : true
}
{ 
    "_id" : ObjectId("5ae5d22e79f5af4ed87338f2"), 
    "user_id_1" : "923716266434510848", 
    "user_id_2" : "457984599", 
    "relationship" : false
}
{ 
    "_id" : ObjectId("5ae5d22f79f5af4ed87338f3"), 
    "user_id_1" : "880257073795272706", 
    "user_id_2" : "457984599", 
    "relationship" : true
}
{ 
    "_id" : ObjectId("5ae5d22f79f5af4ed87338f4"), 
    "user_id_1" : "1325337348", 
    "user_id_2" : "457984599", 
    "relationship" : true
}
{ 
    "_id" : ObjectId("5ae5d23079f5af4ed87338f5"), 
    "user_id_1" : "1712386268", 
    "user_id_2" : "457984599", 
    "relationship" : true
}
{ 
    "_id" : ObjectId("5ae5d23179f5af4ed87338f6"), 
    "user_id_1" : "770144052037554176", 
    "user_id_2" : "457984599", 
    "relationship" : true
}
{ 
    "_id" : ObjectId("5ae5d23379f5af4ed87338f7"), 
    "user_id_1" : "709941101554106368", 
    "user_id_2" : "457984599", 
    "relationship" : false
}
{ 
    "_id" : ObjectId("5ae5d23379f5af4ed87338f8"), 
    "user_id_1" : "529763939", 
    "user_id_2" : "457984599", 
    "relationship" : true
}
{ 
    "_id" : ObjectId("5ae5d23f79f5af4ed87338f9"), 
    "user_id_1" : "295475335", 
    "user_id_2" : "457984599", 
    "relationship" : true
}
{ 
    "_id" : ObjectId("5ae5d24079f5af4ed87338fa"), 
    "user_id_1" : "870606980", 
    "user_id_2" : "457984599", 
    "relationship" : true
}
{ 
    "_id" : ObjectId("5ae5d24179f5af4ed87338fb"), 
    "user_id_1" : "888640067887124480", 
    "user_id_2" : "457984599", 
    "relationship" : true
}
{ 
    "_id" : ObjectId("5ae5d24279f5af4ed87338fc"), 
    "user_id_1" : "3407861673", 
    "user_id_2" : "457984599", 
    "relationship" : true
}
{ 
    "_id" : ObjectId("5ae5d24279f5af4ed87338fd"), 
    "user_id_1" : "1902806772", 
    "user_id_2" : "457984599", 
    "relationship" : true
}
{ 
    "_id" : ObjectId("5ae5d24379f5af4ed87338fe"), 
    "user_id_1" : "795054505180004352", 
    "user_id_2" : "457984599", 
    "relationship" : true
}
{ 
    "_id" : ObjectId("5ae5d24479f5af4ed87338ff"), 
    "user_id_1" : "2482564454", 
    "user_id_2" : "457984599", 
    "relationship" : false
}
{ 
    "_id" : ObjectId("5ae5d24479f5af4ed8733900"), 
    "user_id_1" : "56633566", 
    "user_id_2" : "457984599", 
    "relationship" : true
}
{ 
    "_id" : ObjectId("5ae5d24579f5af4ed8733901"), 
    "user_id_1" : "96691099", 
    "user_id_2" : "457984599", 
    "relationship" : true
}
{ 
    "_id" : ObjectId("5ae5d24679f5af4ed8733902"), 
    "user_id_1" : "4115954561", 
    "user_id_2" : "457984599", 
    "relationship" : true
}
{ 
    "_id" : ObjectId("5ae5d24779f5af4ed8733903"), 
    "user_id_1" : "877747105", 
    "user_id_2" : "457984599", 
    "relationship" : false
}
{ 
    "_id" : ObjectId("5ae5d24779f5af4ed8733904"), 
    "user_id_1" : "962124594680401920", 
    "user_id_2" : "457984599", 
    "relationship" : true
}
{ 
    "_id" : ObjectId("5ae5d24879f5af4ed8733905"), 
    "user_id_1" : "3168268775", 
    "user_id_2" : "457984599", 
    "relationship" : true
}
{ 
    "_id" : ObjectId("5ae5d24979f5af4ed8733906"), 
    "user_id_1" : "913539750149070849", 
    "user_id_2" : "457984599", 
    "relationship" : true
}
{ 
    "_id" : ObjectId("5ae5d24979f5af4ed8733907"), 
    "user_id_1" : "913242132005232640", 
    "user_id_2" : "457984599", 
    "relationship" : true
}
{ 
    "_id" : ObjectId("5ae5d24a79f5af4ed8733908"), 
    "user_id_1" : "1640796859", 
    "user_id_2" : "457984599", 
    "relationship" : true
}
{ 
    "_id" : ObjectId("5ae5d24b79f5af4ed8733909"), 
    "user_id_1" : "38689564", 
    "user_id_2" : "457984599", 
    "relationship" : true
}
{ 
    "_id" : ObjectId("5ae5d24b79f5af4ed873390a"), 
    "user_id_1" : "2949051936", 
    "user_id_2" : "457984599", 
    "relationship" : true
}
{ 
    "_id" : ObjectId("5ae5d24c79f5af4ed873390b"), 
    "user_id_1" : "2180792526", 
    "user_id_2" : "457984599", 
    "relationship" : true
}
{ 
    "_id" : ObjectId("5ae5d24c79f5af4ed873390c"), 
    "user_id_1" : "16300967", 
    "user_id_2" : "457984599", 
    "relationship" : true
}
{ 
    "_id" : ObjectId("5ae5d24d79f5af4ed873390d"), 
    "user_id_1" : "5366772", 
    "user_id_2" : "457984599", 
    "relationship" : true
}
{ 
    "_id" : ObjectId("5ae5d24e79f5af4ed873390e"), 
    "user_id_1" : "1689190476", 
    "user_id_2" : "457984599", 
    "relationship" : false
}
{ 
    "_id" : ObjectId("5ae5d24f79f5af4ed873390f"), 
    "user_id_1" : "958786398936535041", 
    "user_id_2" : "457984599", 
    "relationship" : false
}
{ 
    "_id" : ObjectId("5ae5d24f79f5af4ed8733910"), 
    "user_id_1" : "379302033", 
    "user_id_2" : "457984599", 
    "relationship" : true
}
{ 
    "_id" : ObjectId("5ae5d25079f5af4ed8733911"), 
    "user_id_1" : "820104633292947458", 
    "user_id_2" : "457984599", 
    "relationship" : false
}
{ 
    "_id" : ObjectId("5ae5d25579f5af4ed8733912"), 
    "user_id_1" : "1024906141", 
    "user_id_2" : "457984599", 
    "relationship" : true
}
{ 
    "_id" : ObjectId("5ae5d25679f5af4ed8733913"), 
    "user_id_1" : "877000639179509760", 
    "user_id_2" : "457984599", 
    "relationship" : true
}
{ 
    "_id" : ObjectId("5ae5d25879f5af4ed8733914"), 
    "user_id_1" : "30356993", 
    "user_id_2" : "457984599", 
    "relationship" : true
}
{ 
    "_id" : ObjectId("5ae5d25a79f5af4ed8733915"), 
    "user_id_1" : "3960051754", 
    "user_id_2" : "457984599", 
    "relationship" : true
}
{ 
    "_id" : ObjectId("5ae5d25b79f5af4ed8733916"), 
    "user_id_1" : "358892210", 
    "user_id_2" : "457984599", 
    "relationship" : true
}
{ 
    "_id" : ObjectId("5ae5d25d79f5af4ed8733917"), 
    "user_id_1" : "59141515", 
    "user_id_2" : "457984599", 
    "relationship" : true
}
{ 
    "_id" : ObjectId("5ae5d25f79f5af4ed8733918"), 
    "user_id_1" : "2788764678", 
    "user_id_2" : "457984599", 
    "relationship" : true
}
{ 
    "_id" : ObjectId("5ae5d26079f5af4ed8733919"), 
    "user_id_1" : "264886985", 
    "user_id_2" : "457984599", 
    "relationship" : false
}
{ 
    "_id" : ObjectId("5ae5d26179f5af4ed873391a"), 
    "user_id_1" : "188787764", 
    "user_id_2" : "457984599", 
    "relationship" : true
}
{ 
    "_id" : ObjectId("5ae5d26279f5af4ed873391b"), 
    "user_id_1" : "499964965", 
    "user_id_2" : "457984599", 
    "relationship" : true
}
{ 
    "_id" : ObjectId("5ae5d26279f5af4ed873391c"), 
    "user_id_1" : "948989465241907200", 
    "user_id_2" : "457984599", 
    "relationship" : false
}
{ 
    "_id" : ObjectId("5ae5d26379f5af4ed873391d"), 
    "user_id_1" : "3232186924", 
    "user_id_2" : "457984599", 
    "relationship" : true
}
{ 
    "_id" : ObjectId("5ae5d26479f5af4ed873391e"), 
    "user_id_1" : "2406608614", 
    "user_id_2" : "457984599", 
    "relationship" : false
}
{ 
    "_id" : ObjectId("5ae5d26579f5af4ed873391f"), 
    "user_id_1" : "218276257", 
    "user_id_2" : "457984599", 
    "relationship" : false
}
{ 
    "_id" : ObjectId("5ae5d26579f5af4ed8733920"), 
    "user_id_1" : "819253072207745027", 
    "user_id_2" : "457984599", 
    "relationship" : true
}
{ 
    "_id" : ObjectId("5ae5d26679f5af4ed8733921"), 
    "user_id_1" : "830456063774199809", 
    "user_id_2" : "457984599", 
    "relationship" : true
}
{ 
    "_id" : ObjectId("5ae5d26979f5af4ed8733922"), 
    "user_id_1" : "742405794822533120", 
    "user_id_2" : "457984599", 
    "relationship" : true
}
{ 
    "_id" : ObjectId("5ae5d26b79f5af4ed8733923"), 
    "user_id_1" : "736750781093707776", 
    "user_id_2" : "457984599", 
    "relationship" : true
}
{ 
    "_id" : ObjectId("5ae5d26c79f5af4ed8733924"), 
    "user_id_1" : "3375013047", 
    "user_id_2" : "457984599", 
    "relationship" : true
}
{ 
    "_id" : ObjectId("5ae5d26d79f5af4ed8733925"), 
    "user_id_1" : "48036592", 
    "user_id_2" : "457984599", 
    "relationship" : true
}
{ 
    "_id" : ObjectId("5ae5d26e79f5af4ed8733926"), 
    "user_id_1" : "4659221183", 
    "user_id_2" : "457984599", 
    "relationship" : true
}
{ 
    "_id" : ObjectId("5ae5d26f79f5af4ed8733927"), 
    "user_id_1" : "118168962", 
    "user_id_2" : "457984599", 
    "relationship" : false
}
{ 
    "_id" : ObjectId("5ae5d27079f5af4ed8733928"), 
    "user_id_1" : "739325413", 
    "user_id_2" : "457984599", 
    "relationship" : true
}
{ 
    "_id" : ObjectId("5ae5d27079f5af4ed8733929"), 
    "user_id_1" : "858470205755928576", 
    "user_id_2" : "457984599", 
    "relationship" : true
}
{ 
    "_id" : ObjectId("5ae5d27179f5af4ed873392a"), 
    "user_id_1" : "4876643140", 
    "user_id_2" : "457984599", 
    "relationship" : false
}
{ 
    "_id" : ObjectId("5ae5d27779f5af4ed873392b"), 
    "user_id_1" : "1048722518", 
    "user_id_2" : "457984599", 
    "relationship" : true
}
{ 
    "_id" : ObjectId("5ae5d27779f5af4ed873392c"), 
    "user_id_1" : "1164199105", 
    "user_id_2" : "457984599", 
    "relationship" : true
}
{ 
    "_id" : ObjectId("5ae5d27879f5af4ed873392d"), 
    "user_id_1" : "74644440", 
    "user_id_2" : "457984599", 
    "relationship" : false
}
{ 
    "_id" : ObjectId("5ae5d27979f5af4ed873392e"), 
    "user_id_1" : "73158681", 
    "user_id_2" : "457984599", 
    "relationship" : false
}
{ 
    "_id" : ObjectId("5ae5d27979f5af4ed873392f"), 
    "user_id_1" : "870535898", 
    "user_id_2" : "457984599", 
    "relationship" : false
}
{ 
    "_id" : ObjectId("5ae5d27a79f5af4ed8733930"), 
    "user_id_1" : "3957201857", 
    "user_id_2" : "457984599", 
    "relationship" : true
}
{ 
    "_id" : ObjectId("5ae5d27b79f5af4ed8733931"), 
    "user_id_1" : "757190472", 
    "user_id_2" : "457984599", 
    "relationship" : true
}
{ 
    "_id" : ObjectId("5ae5d27b79f5af4ed8733932"), 
    "user_id_1" : "66524409", 
    "user_id_2" : "457984599", 
    "relationship" : true
}
{ 
    "_id" : ObjectId("5ae5d27c79f5af4ed8733933"), 
    "user_id_1" : "943469303587852288", 
    "user_id_2" : "457984599", 
    "relationship" : false
}
