{ 
    "_id" : ObjectId("5ae6c59279f5af612ac070cd"), 
    "user_id_1" : "817081293737369600", 
    "user_id_2" : "45637919", 
    "relationship" : false
}
{ 
    "_id" : ObjectId("5ae6c59379f5af612ac070ce"), 
    "user_id_1" : "817081293737369600", 
    "user_id_2" : "3068881296", 
    "relationship" : false
}
{ 
    "_id" : ObjectId("5ae6c59379f5af612ac070cf"), 
    "user_id_1" : "817081293737369600", 
    "user_id_2" : "251668274", 
    "relationship" : false
}
{ 
    "_id" : ObjectId("5ae6c59479f5af612ac070d0"), 
    "user_id_1" : "817081293737369600", 
    "user_id_2" : "826215680974401540", 
    "relationship" : false
}
{ 
    "_id" : ObjectId("5ae6c59579f5af612ac070d1"), 
    "user_id_1" : "817081293737369600", 
    "user_id_2" : "36622802", 
    "relationship" : false
}
{ 
    "_id" : ObjectId("5ae6c59579f5af612ac070d2"), 
    "user_id_1" : "817081293737369600", 
    "user_id_2" : "777513698814488577", 
    "relationship" : false
}
{ 
    "_id" : ObjectId("5ae6c59679f5af612ac070d3"), 
    "user_id_1" : "817081293737369600", 
    "user_id_2" : "4425679222", 
    "relationship" : false
}
{ 
    "_id" : ObjectId("5ae6c59679f5af612ac070d4"), 
    "user_id_1" : "817081293737369600", 
    "user_id_2" : "3067668504", 
    "relationship" : false
}
{ 
    "_id" : ObjectId("5ae6c59779f5af612ac070d5"), 
    "user_id_1" : "817081293737369600", 
    "user_id_2" : "2200851425", 
    "relationship" : false
}
{ 
    "_id" : ObjectId("5ae6c59879f5af612ac070d6"), 
    "user_id_1" : "817081293737369600", 
    "user_id_2" : "880240581255077888", 
    "relationship" : false
}
{ 
    "_id" : ObjectId("5ae6c59879f5af612ac070d7"), 
    "user_id_1" : "817081293737369600", 
    "user_id_2" : "461234709", 
    "relationship" : false
}
{ 
    "_id" : ObjectId("5ae6c59979f5af612ac070d8"), 
    "user_id_1" : "817081293737369600", 
    "user_id_2" : "955420594237042688", 
    "relationship" : false
}
{ 
    "_id" : ObjectId("5ae6c59a79f5af612ac070d9"), 
    "user_id_1" : "817081293737369600", 
    "user_id_2" : "440214921", 
    "relationship" : false
}
{ 
    "_id" : ObjectId("5ae6c59a79f5af612ac070da"), 
    "user_id_1" : "817081293737369600", 
    "user_id_2" : "923716266434510848", 
    "relationship" : false
}
{ 
    "_id" : ObjectId("5ae6c59b79f5af612ac070db"), 
    "user_id_1" : "817081293737369600", 
    "user_id_2" : "709941101554106368", 
    "relationship" : false
}
{ 
    "_id" : ObjectId("5ae6c59b79f5af612ac070dc"), 
    "user_id_1" : "817081293737369600", 
    "user_id_2" : "877747105", 
    "relationship" : false
}
{ 
    "_id" : ObjectId("5ae6c59c79f5af612ac070dd"), 
    "user_id_1" : "817081293737369600", 
    "user_id_2" : "820104633292947458", 
    "relationship" : false
}
{ 
    "_id" : ObjectId("5ae6c59d79f5af612ac070de"), 
    "user_id_1" : "817081293737369600", 
    "user_id_2" : "74644440", 
    "relationship" : false
}
{ 
    "_id" : ObjectId("5ae6c59d79f5af612ac070df"), 
    "user_id_1" : "817081293737369600", 
    "user_id_2" : "73158681", 
    "relationship" : false
}
{ 
    "_id" : ObjectId("5ae6c59e79f5af612ac070e0"), 
    "user_id_1" : "707442116", 
    "user_id_2" : "45637919", 
    "relationship" : false
}
{ 
    "_id" : ObjectId("5ae6c59f79f5af612ac070e1"), 
    "user_id_1" : "707442116", 
    "user_id_2" : "3068881296", 
    "relationship" : false
}
{ 
    "_id" : ObjectId("5ae6c59f79f5af612ac070e2"), 
    "user_id_1" : "707442116", 
    "user_id_2" : "251668274", 
    "relationship" : false
}
{ 
    "_id" : ObjectId("5ae6c5a079f5af612ac070e3"), 
    "user_id_1" : "707442116", 
    "user_id_2" : "826215680974401540", 
    "relationship" : false
}
{ 
    "_id" : ObjectId("5ae6c5a079f5af612ac070e4"), 
    "user_id_1" : "707442116", 
    "user_id_2" : "36622802", 
    "relationship" : false
}
{ 
    "_id" : ObjectId("5ae6c5a179f5af612ac070e5"), 
    "user_id_1" : "707442116", 
    "user_id_2" : "777513698814488577", 
    "relationship" : false
}
{ 
    "_id" : ObjectId("5ae6c5a279f5af612ac070e6"), 
    "user_id_1" : "707442116", 
    "user_id_2" : "4425679222", 
    "relationship" : false
}
{ 
    "_id" : ObjectId("5ae6c5a279f5af612ac070e7"), 
    "user_id_1" : "707442116", 
    "user_id_2" : "3067668504", 
    "relationship" : false
}
{ 
    "_id" : ObjectId("5ae6c5a379f5af612ac070e8"), 
    "user_id_1" : "707442116", 
    "user_id_2" : "2200851425", 
    "relationship" : false
}
{ 
    "_id" : ObjectId("5ae6c5a479f5af612ac070e9"), 
    "user_id_1" : "707442116", 
    "user_id_2" : "880240581255077888", 
    "relationship" : false
}
{ 
    "_id" : ObjectId("5ae6c5a479f5af612ac070ea"), 
    "user_id_1" : "707442116", 
    "user_id_2" : "461234709", 
    "relationship" : false
}
{ 
    "_id" : ObjectId("5ae6c5a579f5af612ac070eb"), 
    "user_id_1" : "707442116", 
    "user_id_2" : "955420594237042688", 
    "relationship" : false
}
{ 
    "_id" : ObjectId("5ae6c5a679f5af612ac070ec"), 
    "user_id_1" : "707442116", 
    "user_id_2" : "440214921", 
    "relationship" : false
}
{ 
    "_id" : ObjectId("5ae6c5a679f5af612ac070ed"), 
    "user_id_1" : "707442116", 
    "user_id_2" : "923716266434510848", 
    "relationship" : false
}
{ 
    "_id" : ObjectId("5ae6c5a779f5af612ac070ee"), 
    "user_id_1" : "707442116", 
    "user_id_2" : "709941101554106368", 
    "relationship" : false
}
{ 
    "_id" : ObjectId("5ae6c5a779f5af612ac070ef"), 
    "user_id_1" : "707442116", 
    "user_id_2" : "877747105", 
    "relationship" : false
}
{ 
    "_id" : ObjectId("5ae6c5a879f5af612ac070f0"), 
    "user_id_1" : "707442116", 
    "user_id_2" : "820104633292947458", 
    "relationship" : false
}
{ 
    "_id" : ObjectId("5ae6c5a979f5af612ac070f1"), 
    "user_id_1" : "707442116", 
    "user_id_2" : "74644440", 
    "relationship" : false
}
{ 
    "_id" : ObjectId("5ae6c5a979f5af612ac070f2"), 
    "user_id_1" : "707442116", 
    "user_id_2" : "73158681", 
    "relationship" : false
}
{ 
    "_id" : ObjectId("5ae6c5aa79f5af612ac070f3"), 
    "user_id_1" : "630423699", 
    "user_id_2" : "45637919", 
    "relationship" : false
}
{ 
    "_id" : ObjectId("5ae6c5ab79f5af612ac070f4"), 
    "user_id_1" : "630423699", 
    "user_id_2" : "3068881296", 
    "relationship" : false
}
{ 
    "_id" : ObjectId("5ae6c5ab79f5af612ac070f5"), 
    "user_id_1" : "630423699", 
    "user_id_2" : "251668274", 
    "relationship" : false
}
{ 
    "_id" : ObjectId("5ae6c5ac79f5af612ac070f6"), 
    "user_id_1" : "630423699", 
    "user_id_2" : "826215680974401540", 
    "relationship" : false
}
{ 
    "_id" : ObjectId("5ae6c5ad79f5af612ac070f7"), 
    "user_id_1" : "630423699", 
    "user_id_2" : "36622802", 
    "relationship" : false
}
{ 
    "_id" : ObjectId("5ae6c5ad79f5af612ac070f8"), 
    "user_id_1" : "630423699", 
    "user_id_2" : "777513698814488577", 
    "relationship" : false
}
{ 
    "_id" : ObjectId("5ae6c5ae79f5af612ac070f9"), 
    "user_id_1" : "630423699", 
    "user_id_2" : "4425679222", 
    "relationship" : false
}
{ 
    "_id" : ObjectId("5ae6c5ae79f5af612ac070fa"), 
    "user_id_1" : "630423699", 
    "user_id_2" : "3067668504", 
    "relationship" : false
}
{ 
    "_id" : ObjectId("5ae6c5af79f5af612ac070fb"), 
    "user_id_1" : "630423699", 
    "user_id_2" : "2200851425", 
    "relationship" : false
}
{ 
    "_id" : ObjectId("5ae6c5b079f5af612ac070fc"), 
    "user_id_1" : "630423699", 
    "user_id_2" : "880240581255077888", 
    "relationship" : false
}
{ 
    "_id" : ObjectId("5ae6c5b079f5af612ac070fd"), 
    "user_id_1" : "630423699", 
    "user_id_2" : "461234709", 
    "relationship" : false
}
{ 
    "_id" : ObjectId("5ae6c5b179f5af612ac070fe"), 
    "user_id_1" : "630423699", 
    "user_id_2" : "955420594237042688", 
    "relationship" : false
}
{ 
    "_id" : ObjectId("5ae6c5b279f5af612ac070ff"), 
    "user_id_1" : "630423699", 
    "user_id_2" : "440214921", 
    "relationship" : false
}
{ 
    "_id" : ObjectId("5ae6c5b279f5af612ac07100"), 
    "user_id_1" : "630423699", 
    "user_id_2" : "923716266434510848", 
    "relationship" : false
}
{ 
    "_id" : ObjectId("5ae6c5b379f5af612ac07101"), 
    "user_id_1" : "630423699", 
    "user_id_2" : "709941101554106368", 
    "relationship" : false
}
{ 
    "_id" : ObjectId("5ae6c5b379f5af612ac07102"), 
    "user_id_1" : "630423699", 
    "user_id_2" : "877747105", 
    "relationship" : false
}
{ 
    "_id" : ObjectId("5ae6c5b479f5af612ac07103"), 
    "user_id_1" : "630423699", 
    "user_id_2" : "820104633292947458", 
    "relationship" : false
}
{ 
    "_id" : ObjectId("5ae6c5b579f5af612ac07104"), 
    "user_id_1" : "630423699", 
    "user_id_2" : "74644440", 
    "relationship" : false
}
{ 
    "_id" : ObjectId("5ae6c5b679f5af612ac07105"), 
    "user_id_1" : "630423699", 
    "user_id_2" : "73158681", 
    "relationship" : false
}
{ 
    "_id" : ObjectId("5ae6c5b779f5af612ac07106"), 
    "user_id_1" : "938794615712382976", 
    "user_id_2" : "45637919", 
    "relationship" : false
}
{ 
    "_id" : ObjectId("5ae6c5b779f5af612ac07107"), 
    "user_id_1" : "938794615712382976", 
    "user_id_2" : "3068881296", 
    "relationship" : false
}
{ 
    "_id" : ObjectId("5ae6c5b879f5af612ac07108"), 
    "user_id_1" : "938794615712382976", 
    "user_id_2" : "251668274", 
    "relationship" : false
}
{ 
    "_id" : ObjectId("5ae6c5b879f5af612ac07109"), 
    "user_id_1" : "938794615712382976", 
    "user_id_2" : "826215680974401540", 
    "relationship" : false
}
{ 
    "_id" : ObjectId("5ae6c5b979f5af612ac0710a"), 
    "user_id_1" : "938794615712382976", 
    "user_id_2" : "36622802", 
    "relationship" : false
}
{ 
    "_id" : ObjectId("5ae6c5ba79f5af612ac0710b"), 
    "user_id_1" : "938794615712382976", 
    "user_id_2" : "777513698814488577", 
    "relationship" : false
}
{ 
    "_id" : ObjectId("5ae6c5ba79f5af612ac0710c"), 
    "user_id_1" : "938794615712382976", 
    "user_id_2" : "4425679222", 
    "relationship" : false
}
{ 
    "_id" : ObjectId("5ae6c5bb79f5af612ac0710d"), 
    "user_id_1" : "938794615712382976", 
    "user_id_2" : "3067668504", 
    "relationship" : false
}
{ 
    "_id" : ObjectId("5ae6c5bc79f5af612ac0710e"), 
    "user_id_1" : "938794615712382976", 
    "user_id_2" : "2200851425", 
    "relationship" : false
}
{ 
    "_id" : ObjectId("5ae6c5bc79f5af612ac0710f"), 
    "user_id_1" : "938794615712382976", 
    "user_id_2" : "880240581255077888", 
    "relationship" : false
}
{ 
    "_id" : ObjectId("5ae6c5bd79f5af612ac07110"), 
    "user_id_1" : "938794615712382976", 
    "user_id_2" : "461234709", 
    "relationship" : false
}
{ 
    "_id" : ObjectId("5ae6c5be79f5af612ac07111"), 
    "user_id_1" : "938794615712382976", 
    "user_id_2" : "955420594237042688", 
    "relationship" : false
}
{ 
    "_id" : ObjectId("5ae6c5be79f5af612ac07112"), 
    "user_id_1" : "938794615712382976", 
    "user_id_2" : "440214921", 
    "relationship" : false
}
{ 
    "_id" : ObjectId("5ae6c5bf79f5af612ac07113"), 
    "user_id_1" : "938794615712382976", 
    "user_id_2" : "923716266434510848", 
    "relationship" : false
}
{ 
    "_id" : ObjectId("5ae6c5bf79f5af612ac07114"), 
    "user_id_1" : "938794615712382976", 
    "user_id_2" : "709941101554106368", 
    "relationship" : false
}
{ 
    "_id" : ObjectId("5ae6c5c079f5af612ac07115"), 
    "user_id_1" : "938794615712382976", 
    "user_id_2" : "877747105", 
    "relationship" : false
}
{ 
    "_id" : ObjectId("5ae6c5c679f5af612ac07116"), 
    "user_id_1" : "938794615712382976", 
    "user_id_2" : "820104633292947458", 
    "relationship" : false
}
{ 
    "_id" : ObjectId("5ae6c5c679f5af612ac07117"), 
    "user_id_1" : "938794615712382976", 
    "user_id_2" : "74644440", 
    "relationship" : false
}
{ 
    "_id" : ObjectId("5ae6c5c779f5af612ac07118"), 
    "user_id_1" : "938794615712382976", 
    "user_id_2" : "73158681", 
    "relationship" : false
}
{ 
    "_id" : ObjectId("5ae6c5c879f5af612ac07119"), 
    "user_id_1" : "58971087", 
    "user_id_2" : "45637919", 
    "relationship" : false
}
{ 
    "_id" : ObjectId("5ae6c5c879f5af612ac0711a"), 
    "user_id_1" : "58971087", 
    "user_id_2" : "3068881296", 
    "relationship" : false
}
{ 
    "_id" : ObjectId("5ae6c5c979f5af612ac0711b"), 
    "user_id_1" : "58971087", 
    "user_id_2" : "251668274", 
    "relationship" : false
}
{ 
    "_id" : ObjectId("5ae6c5c979f5af612ac0711c"), 
    "user_id_1" : "58971087", 
    "user_id_2" : "826215680974401540", 
    "relationship" : false
}
{ 
    "_id" : ObjectId("5ae6c5ca79f5af612ac0711d"), 
    "user_id_1" : "58971087", 
    "user_id_2" : "36622802", 
    "relationship" : false
}
{ 
    "_id" : ObjectId("5ae6c5cb79f5af612ac0711e"), 
    "user_id_1" : "58971087", 
    "user_id_2" : "777513698814488577", 
    "relationship" : false
}
{ 
    "_id" : ObjectId("5ae6c5cb79f5af612ac0711f"), 
    "user_id_1" : "58971087", 
    "user_id_2" : "4425679222", 
    "relationship" : false
}
{ 
    "_id" : ObjectId("5ae6c5cc79f5af612ac07120"), 
    "user_id_1" : "58971087", 
    "user_id_2" : "3067668504", 
    "relationship" : false
}
{ 
    "_id" : ObjectId("5ae6c5d179f5af612ac07121"), 
    "user_id_1" : "58971087", 
    "user_id_2" : "2200851425", 
    "relationship" : false
}
{ 
    "_id" : ObjectId("5ae6c5d279f5af612ac07122"), 
    "user_id_1" : "58971087", 
    "user_id_2" : "880240581255077888", 
    "relationship" : false
}
{ 
    "_id" : ObjectId("5ae6c5d379f5af612ac07123"), 
    "user_id_1" : "58971087", 
    "user_id_2" : "461234709", 
    "relationship" : false
}
{ 
    "_id" : ObjectId("5ae6c5d379f5af612ac07124"), 
    "user_id_1" : "58971087", 
    "user_id_2" : "955420594237042688", 
    "relationship" : false
}
{ 
    "_id" : ObjectId("5ae6c5d479f5af612ac07125"), 
    "user_id_1" : "58971087", 
    "user_id_2" : "440214921", 
    "relationship" : false
}
{ 
    "_id" : ObjectId("5ae6c5d479f5af612ac07126"), 
    "user_id_1" : "58971087", 
    "user_id_2" : "923716266434510848", 
    "relationship" : false
}
{ 
    "_id" : ObjectId("5ae6c5d579f5af612ac07127"), 
    "user_id_1" : "58971087", 
    "user_id_2" : "709941101554106368", 
    "relationship" : false
}
{ 
    "_id" : ObjectId("5ae6c5d679f5af612ac07128"), 
    "user_id_1" : "58971087", 
    "user_id_2" : "877747105", 
    "relationship" : false
}
{ 
    "_id" : ObjectId("5ae6c5d679f5af612ac07129"), 
    "user_id_1" : "58971087", 
    "user_id_2" : "820104633292947458", 
    "relationship" : false
}
{ 
    "_id" : ObjectId("5ae6c5d779f5af612ac0712a"), 
    "user_id_1" : "58971087", 
    "user_id_2" : "74644440", 
    "relationship" : false
}
{ 
    "_id" : ObjectId("5ae6c8e579f5af612ac0712b"), 
    "user_id_1" : "58971087", 
    "user_id_2" : "73158681", 
    "relationship" : false
}
{ 
    "_id" : ObjectId("5ae6c8e579f5af612ac0712c"), 
    "user_id_1" : "822543770054959106", 
    "user_id_2" : "45637919", 
    "relationship" : false
}
{ 
    "_id" : ObjectId("5ae6c8e679f5af612ac0712d"), 
    "user_id_1" : "822543770054959106", 
    "user_id_2" : "3068881296", 
    "relationship" : false
}
{ 
    "_id" : ObjectId("5ae6c8e779f5af612ac0712e"), 
    "user_id_1" : "822543770054959106", 
    "user_id_2" : "251668274", 
    "relationship" : false
}
{ 
    "_id" : ObjectId("5ae6c8e779f5af612ac0712f"), 
    "user_id_1" : "822543770054959106", 
    "user_id_2" : "826215680974401540", 
    "relationship" : false
}
{ 
    "_id" : ObjectId("5ae6c8e879f5af612ac07130"), 
    "user_id_1" : "822543770054959106", 
    "user_id_2" : "36622802", 
    "relationship" : false
}
{ 
    "_id" : ObjectId("5ae6c8e879f5af612ac07131"), 
    "user_id_1" : "822543770054959106", 
    "user_id_2" : "777513698814488577", 
    "relationship" : false
}
{ 
    "_id" : ObjectId("5ae6c8e979f5af612ac07132"), 
    "user_id_1" : "822543770054959106", 
    "user_id_2" : "4425679222", 
    "relationship" : false
}
{ 
    "_id" : ObjectId("5ae6c8ea79f5af612ac07133"), 
    "user_id_1" : "822543770054959106", 
    "user_id_2" : "3067668504", 
    "relationship" : false
}
{ 
    "_id" : ObjectId("5ae6c8ea79f5af612ac07134"), 
    "user_id_1" : "822543770054959106", 
    "user_id_2" : "2200851425", 
    "relationship" : false
}
{ 
    "_id" : ObjectId("5ae6c8eb79f5af612ac07135"), 
    "user_id_1" : "822543770054959106", 
    "user_id_2" : "880240581255077888", 
    "relationship" : false
}
{ 
    "_id" : ObjectId("5ae6c8ec79f5af612ac07136"), 
    "user_id_1" : "822543770054959106", 
    "user_id_2" : "461234709", 
    "relationship" : false
}
{ 
    "_id" : ObjectId("5ae6c8ec79f5af612ac07137"), 
    "user_id_1" : "822543770054959106", 
    "user_id_2" : "955420594237042688", 
    "relationship" : false
}
{ 
    "_id" : ObjectId("5ae6c8ed79f5af612ac07138"), 
    "user_id_1" : "822543770054959106", 
    "user_id_2" : "440214921", 
    "relationship" : false
}
{ 
    "_id" : ObjectId("5ae6c8ee79f5af612ac07139"), 
    "user_id_1" : "822543770054959106", 
    "user_id_2" : "923716266434510848", 
    "relationship" : false
}
{ 
    "_id" : ObjectId("5ae6c8ee79f5af612ac0713a"), 
    "user_id_1" : "822543770054959106", 
    "user_id_2" : "709941101554106368", 
    "relationship" : false
}
{ 
    "_id" : ObjectId("5ae6c8ef79f5af612ac0713b"), 
    "user_id_1" : "822543770054959106", 
    "user_id_2" : "877747105", 
    "relationship" : false
}
{ 
    "_id" : ObjectId("5ae6c8f079f5af612ac0713c"), 
    "user_id_1" : "822543770054959106", 
    "user_id_2" : "820104633292947458", 
    "relationship" : false
}
{ 
    "_id" : ObjectId("5ae6c8f079f5af612ac0713d"), 
    "user_id_1" : "822543770054959106", 
    "user_id_2" : "74644440", 
    "relationship" : false
}
{ 
    "_id" : ObjectId("5ae6c8f179f5af612ac0713e"), 
    "user_id_1" : "822543770054959106", 
    "user_id_2" : "73158681", 
    "relationship" : false
}
{ 
    "_id" : ObjectId("5ae6c8f279f5af612ac0713f"), 
    "user_id_1" : "937312128779935744", 
    "user_id_2" : "45637919", 
    "relationship" : false
}
{ 
    "_id" : ObjectId("5ae6c8f279f5af612ac07140"), 
    "user_id_1" : "937312128779935744", 
    "user_id_2" : "3068881296", 
    "relationship" : false
}
{ 
    "_id" : ObjectId("5ae6c8f379f5af612ac07141"), 
    "user_id_1" : "937312128779935744", 
    "user_id_2" : "251668274", 
    "relationship" : false
}
{ 
    "_id" : ObjectId("5ae6c8f479f5af612ac07142"), 
    "user_id_1" : "937312128779935744", 
    "user_id_2" : "826215680974401540", 
    "relationship" : false
}
{ 
    "_id" : ObjectId("5ae6c8f479f5af612ac07143"), 
    "user_id_1" : "937312128779935744", 
    "user_id_2" : "36622802", 
    "relationship" : false
}
{ 
    "_id" : ObjectId("5ae6c8f579f5af612ac07144"), 
    "user_id_1" : "937312128779935744", 
    "user_id_2" : "777513698814488577", 
    "relationship" : false
}
{ 
    "_id" : ObjectId("5ae6c8f679f5af612ac07145"), 
    "user_id_1" : "937312128779935744", 
    "user_id_2" : "4425679222", 
    "relationship" : false
}
{ 
    "_id" : ObjectId("5ae6c8f679f5af612ac07146"), 
    "user_id_1" : "937312128779935744", 
    "user_id_2" : "3067668504", 
    "relationship" : false
}
{ 
    "_id" : ObjectId("5ae6c8f779f5af612ac07147"), 
    "user_id_1" : "937312128779935744", 
    "user_id_2" : "2200851425", 
    "relationship" : false
}
{ 
    "_id" : ObjectId("5ae6c8f879f5af612ac07148"), 
    "user_id_1" : "937312128779935744", 
    "user_id_2" : "880240581255077888", 
    "relationship" : false
}
{ 
    "_id" : ObjectId("5ae6c8f879f5af612ac07149"), 
    "user_id_1" : "937312128779935744", 
    "user_id_2" : "461234709", 
    "relationship" : false
}
{ 
    "_id" : ObjectId("5ae6c8f979f5af612ac0714a"), 
    "user_id_1" : "937312128779935744", 
    "user_id_2" : "955420594237042688", 
    "relationship" : false
}
{ 
    "_id" : ObjectId("5ae6c8f979f5af612ac0714b"), 
    "user_id_1" : "937312128779935744", 
    "user_id_2" : "440214921", 
    "relationship" : false
}
{ 
    "_id" : ObjectId("5ae6c8fa79f5af612ac0714c"), 
    "user_id_1" : "937312128779935744", 
    "user_id_2" : "923716266434510848", 
    "relationship" : false
}
{ 
    "_id" : ObjectId("5ae6c8fb79f5af612ac0714d"), 
    "user_id_1" : "937312128779935744", 
    "user_id_2" : "709941101554106368", 
    "relationship" : false
}
{ 
    "_id" : ObjectId("5ae6c8fc79f5af612ac0714e"), 
    "user_id_1" : "937312128779935744", 
    "user_id_2" : "877747105", 
    "relationship" : false
}
{ 
    "_id" : ObjectId("5ae6c8fc79f5af612ac0714f"), 
    "user_id_1" : "937312128779935744", 
    "user_id_2" : "820104633292947458", 
    "relationship" : false
}
{ 
    "_id" : ObjectId("5ae6c8fd79f5af612ac07150"), 
    "user_id_1" : "937312128779935744", 
    "user_id_2" : "74644440", 
    "relationship" : false
}
{ 
    "_id" : ObjectId("5ae6c8fd79f5af612ac07151"), 
    "user_id_1" : "937312128779935744", 
    "user_id_2" : "73158681", 
    "relationship" : false
}
{ 
    "_id" : ObjectId("5ae6c8fe79f5af612ac07152"), 
    "user_id_1" : "4819787669", 
    "user_id_2" : "45637919", 
    "relationship" : false
}
{ 
    "_id" : ObjectId("5ae6c8ff79f5af612ac07153"), 
    "user_id_1" : "4819787669", 
    "user_id_2" : "3068881296", 
    "relationship" : false
}
{ 
    "_id" : ObjectId("5ae6c8ff79f5af612ac07154"), 
    "user_id_1" : "4819787669", 
    "user_id_2" : "251668274", 
    "relationship" : false
}
{ 
    "_id" : ObjectId("5ae6c90079f5af612ac07155"), 
    "user_id_1" : "4819787669", 
    "user_id_2" : "826215680974401540", 
    "relationship" : false
}
{ 
    "_id" : ObjectId("5ae6c90079f5af612ac07156"), 
    "user_id_1" : "4819787669", 
    "user_id_2" : "36622802", 
    "relationship" : false
}
{ 
    "_id" : ObjectId("5ae6c90179f5af612ac07157"), 
    "user_id_1" : "4819787669", 
    "user_id_2" : "777513698814488577", 
    "relationship" : false
}
{ 
    "_id" : ObjectId("5ae6c90279f5af612ac07158"), 
    "user_id_1" : "4819787669", 
    "user_id_2" : "4425679222", 
    "relationship" : false
}
{ 
    "_id" : ObjectId("5ae6c90379f5af612ac07159"), 
    "user_id_1" : "4819787669", 
    "user_id_2" : "3067668504", 
    "relationship" : false
}
{ 
    "_id" : ObjectId("5ae6c90379f5af612ac0715a"), 
    "user_id_1" : "4819787669", 
    "user_id_2" : "2200851425", 
    "relationship" : false
}
{ 
    "_id" : ObjectId("5ae6c90479f5af612ac0715b"), 
    "user_id_1" : "4819787669", 
    "user_id_2" : "880240581255077888", 
    "relationship" : false
}
{ 
    "_id" : ObjectId("5ae6c90479f5af612ac0715c"), 
    "user_id_1" : "4819787669", 
    "user_id_2" : "461234709", 
    "relationship" : false
}
{ 
    "_id" : ObjectId("5ae6c90579f5af612ac0715d"), 
    "user_id_1" : "4819787669", 
    "user_id_2" : "955420594237042688", 
    "relationship" : false
}
{ 
    "_id" : ObjectId("5ae6c90679f5af612ac0715e"), 
    "user_id_1" : "4819787669", 
    "user_id_2" : "440214921", 
    "relationship" : false
}
{ 
    "_id" : ObjectId("5ae6c90679f5af612ac0715f"), 
    "user_id_1" : "4819787669", 
    "user_id_2" : "923716266434510848", 
    "relationship" : false
}
{ 
    "_id" : ObjectId("5ae6c90779f5af612ac07160"), 
    "user_id_1" : "4819787669", 
    "user_id_2" : "709941101554106368", 
    "relationship" : false
}
{ 
    "_id" : ObjectId("5ae6c90879f5af612ac07161"), 
    "user_id_1" : "4819787669", 
    "user_id_2" : "877747105", 
    "relationship" : false
}
{ 
    "_id" : ObjectId("5ae6c90979f5af612ac07162"), 
    "user_id_1" : "4819787669", 
    "user_id_2" : "820104633292947458", 
    "relationship" : false
}
{ 
    "_id" : ObjectId("5ae6c90979f5af612ac07163"), 
    "user_id_1" : "4819787669", 
    "user_id_2" : "74644440", 
    "relationship" : false
}
{ 
    "_id" : ObjectId("5ae6c90a79f5af612ac07164"), 
    "user_id_1" : "4819787669", 
    "user_id_2" : "73158681", 
    "relationship" : false
}
{ 
    "_id" : ObjectId("5ae6c90b79f5af612ac07165"), 
    "user_id_1" : "34699954", 
    "user_id_2" : "45637919", 
    "relationship" : false
}
{ 
    "_id" : ObjectId("5ae6c90b79f5af612ac07166"), 
    "user_id_1" : "34699954", 
    "user_id_2" : "3068881296", 
    "relationship" : false
}
{ 
    "_id" : ObjectId("5ae6c90c79f5af612ac07167"), 
    "user_id_1" : "34699954", 
    "user_id_2" : "251668274", 
    "relationship" : false
}
{ 
    "_id" : ObjectId("5ae6c90d79f5af612ac07168"), 
    "user_id_1" : "34699954", 
    "user_id_2" : "826215680974401540", 
    "relationship" : false
}
{ 
    "_id" : ObjectId("5ae6c90d79f5af612ac07169"), 
    "user_id_1" : "34699954", 
    "user_id_2" : "36622802", 
    "relationship" : false
}
{ 
    "_id" : ObjectId("5ae6c90e79f5af612ac0716a"), 
    "user_id_1" : "34699954", 
    "user_id_2" : "777513698814488577", 
    "relationship" : false
}
{ 
    "_id" : ObjectId("5ae6c90e79f5af612ac0716b"), 
    "user_id_1" : "34699954", 
    "user_id_2" : "4425679222", 
    "relationship" : false
}
{ 
    "_id" : ObjectId("5ae6c90f79f5af612ac0716c"), 
    "user_id_1" : "34699954", 
    "user_id_2" : "3067668504", 
    "relationship" : false
}
{ 
    "_id" : ObjectId("5ae6c91079f5af612ac0716d"), 
    "user_id_1" : "34699954", 
    "user_id_2" : "2200851425", 
    "relationship" : false
}
{ 
    "_id" : ObjectId("5ae6c91079f5af612ac0716e"), 
    "user_id_1" : "34699954", 
    "user_id_2" : "880240581255077888", 
    "relationship" : false
}
{ 
    "_id" : ObjectId("5ae6c91179f5af612ac0716f"), 
    "user_id_1" : "34699954", 
    "user_id_2" : "461234709", 
    "relationship" : false
}
{ 
    "_id" : ObjectId("5ae6c91179f5af612ac07170"), 
    "user_id_1" : "34699954", 
    "user_id_2" : "955420594237042688", 
    "relationship" : false
}
{ 
    "_id" : ObjectId("5ae6c91279f5af612ac07171"), 
    "user_id_1" : "34699954", 
    "user_id_2" : "440214921", 
    "relationship" : false
}
{ 
    "_id" : ObjectId("5ae6c91379f5af612ac07172"), 
    "user_id_1" : "34699954", 
    "user_id_2" : "923716266434510848", 
    "relationship" : false
}
{ 
    "_id" : ObjectId("5ae6c91379f5af612ac07173"), 
    "user_id_1" : "34699954", 
    "user_id_2" : "709941101554106368", 
    "relationship" : false
}
{ 
    "_id" : ObjectId("5ae6c91479f5af612ac07174"), 
    "user_id_1" : "34699954", 
    "user_id_2" : "877747105", 
    "relationship" : false
}
{ 
    "_id" : ObjectId("5ae6c91579f5af612ac07175"), 
    "user_id_1" : "34699954", 
    "user_id_2" : "820104633292947458", 
    "relationship" : false
}
{ 
    "_id" : ObjectId("5ae6c91579f5af612ac07176"), 
    "user_id_1" : "34699954", 
    "user_id_2" : "74644440", 
    "relationship" : false
}
{ 
    "_id" : ObjectId("5ae6c91679f5af612ac07177"), 
    "user_id_1" : "34699954", 
    "user_id_2" : "73158681", 
    "relationship" : false
}
{ 
    "_id" : ObjectId("5ae6c91679f5af612ac07178"), 
    "user_id_1" : "2180484278", 
    "user_id_2" : "45637919", 
    "relationship" : false
}
{ 
    "_id" : ObjectId("5ae6c91779f5af612ac07179"), 
    "user_id_1" : "2180484278", 
    "user_id_2" : "3068881296", 
    "relationship" : false
}
{ 
    "_id" : ObjectId("5ae6c91879f5af612ac0717a"), 
    "user_id_1" : "2180484278", 
    "user_id_2" : "251668274", 
    "relationship" : false
}
{ 
    "_id" : ObjectId("5ae6c91879f5af612ac0717b"), 
    "user_id_1" : "2180484278", 
    "user_id_2" : "826215680974401540", 
    "relationship" : false
}
{ 
    "_id" : ObjectId("5ae6c91979f5af612ac0717c"), 
    "user_id_1" : "2180484278", 
    "user_id_2" : "36622802", 
    "relationship" : false
}
{ 
    "_id" : ObjectId("5ae6c91a79f5af612ac0717d"), 
    "user_id_1" : "2180484278", 
    "user_id_2" : "777513698814488577", 
    "relationship" : false
}
{ 
    "_id" : ObjectId("5ae6c91a79f5af612ac0717e"), 
    "user_id_1" : "2180484278", 
    "user_id_2" : "4425679222", 
    "relationship" : false
}
{ 
    "_id" : ObjectId("5ae6c91b79f5af612ac0717f"), 
    "user_id_1" : "2180484278", 
    "user_id_2" : "3067668504", 
    "relationship" : false
}
{ 
    "_id" : ObjectId("5ae6c91c79f5af612ac07180"), 
    "user_id_1" : "2180484278", 
    "user_id_2" : "2200851425", 
    "relationship" : false
}
{ 
    "_id" : ObjectId("5ae6c91c79f5af612ac07181"), 
    "user_id_1" : "2180484278", 
    "user_id_2" : "880240581255077888", 
    "relationship" : false
}
{ 
    "_id" : ObjectId("5ae6c91d79f5af612ac07182"), 
    "user_id_1" : "2180484278", 
    "user_id_2" : "461234709", 
    "relationship" : false
}
{ 
    "_id" : ObjectId("5ae6c91e79f5af612ac07183"), 
    "user_id_1" : "2180484278", 
    "user_id_2" : "955420594237042688", 
    "relationship" : false
}
{ 
    "_id" : ObjectId("5ae6c91e79f5af612ac07184"), 
    "user_id_1" : "2180484278", 
    "user_id_2" : "440214921", 
    "relationship" : false
}
{ 
    "_id" : ObjectId("5ae6c91f79f5af612ac07185"), 
    "user_id_1" : "2180484278", 
    "user_id_2" : "923716266434510848", 
    "relationship" : false
}
{ 
    "_id" : ObjectId("5ae6c92079f5af612ac07186"), 
    "user_id_1" : "2180484278", 
    "user_id_2" : "709941101554106368", 
    "relationship" : false
}
{ 
    "_id" : ObjectId("5ae6c92079f5af612ac07187"), 
    "user_id_1" : "2180484278", 
    "user_id_2" : "877747105", 
    "relationship" : false
}
{ 
    "_id" : ObjectId("5ae6c92179f5af612ac07188"), 
    "user_id_1" : "2180484278", 
    "user_id_2" : "820104633292947458", 
    "relationship" : false
}
{ 
    "_id" : ObjectId("5ae6c92179f5af612ac07189"), 
    "user_id_1" : "2180484278", 
    "user_id_2" : "74644440", 
    "relationship" : false
}
{ 
    "_id" : ObjectId("5ae6c92279f5af612ac0718a"), 
    "user_id_1" : "2180484278", 
    "user_id_2" : "73158681", 
    "relationship" : false
}
{ 
    "_id" : ObjectId("5ae6c92379f5af612ac0718b"), 
    "user_id_1" : "3370969547", 
    "user_id_2" : "45637919", 
    "relationship" : false
}
{ 
    "_id" : ObjectId("5ae6c92379f5af612ac0718c"), 
    "user_id_1" : "3370969547", 
    "user_id_2" : "3068881296", 
    "relationship" : false
}
{ 
    "_id" : ObjectId("5ae6c92479f5af612ac0718d"), 
    "user_id_1" : "3370969547", 
    "user_id_2" : "251668274", 
    "relationship" : false
}
{ 
    "_id" : ObjectId("5ae6c92479f5af612ac0718e"), 
    "user_id_1" : "3370969547", 
    "user_id_2" : "826215680974401540", 
    "relationship" : false
}
{ 
    "_id" : ObjectId("5ae6c92579f5af612ac0718f"), 
    "user_id_1" : "3370969547", 
    "user_id_2" : "36622802", 
    "relationship" : false
}
{ 
    "_id" : ObjectId("5ae6c92679f5af612ac07190"), 
    "user_id_1" : "3370969547", 
    "user_id_2" : "777513698814488577", 
    "relationship" : false
}
{ 
    "_id" : ObjectId("5ae6c92679f5af612ac07191"), 
    "user_id_1" : "3370969547", 
    "user_id_2" : "4425679222", 
    "relationship" : false
}
{ 
    "_id" : ObjectId("5ae6c92779f5af612ac07192"), 
    "user_id_1" : "3370969547", 
    "user_id_2" : "3067668504", 
    "relationship" : false
}
{ 
    "_id" : ObjectId("5ae6c92779f5af612ac07193"), 
    "user_id_1" : "3370969547", 
    "user_id_2" : "2200851425", 
    "relationship" : false
}
{ 
    "_id" : ObjectId("5ae6c92879f5af612ac07194"), 
    "user_id_1" : "3370969547", 
    "user_id_2" : "880240581255077888", 
    "relationship" : false
}
{ 
    "_id" : ObjectId("5ae6c92979f5af612ac07195"), 
    "user_id_1" : "3370969547", 
    "user_id_2" : "461234709", 
    "relationship" : false
}
{ 
    "_id" : ObjectId("5ae6c92979f5af612ac07196"), 
    "user_id_1" : "3370969547", 
    "user_id_2" : "955420594237042688", 
    "relationship" : false
}
{ 
    "_id" : ObjectId("5ae6c92a79f5af612ac07197"), 
    "user_id_1" : "3370969547", 
    "user_id_2" : "440214921", 
    "relationship" : false
}
{ 
    "_id" : ObjectId("5ae6c92a79f5af612ac07198"), 
    "user_id_1" : "3370969547", 
    "user_id_2" : "923716266434510848", 
    "relationship" : false
}
{ 
    "_id" : ObjectId("5ae6c92b79f5af612ac07199"), 
    "user_id_1" : "3370969547", 
    "user_id_2" : "709941101554106368", 
    "relationship" : false
}
{ 
    "_id" : ObjectId("5ae6c92c79f5af612ac0719a"), 
    "user_id_1" : "3370969547", 
    "user_id_2" : "877747105", 
    "relationship" : false
}
{ 
    "_id" : ObjectId("5ae6c92c79f5af612ac0719b"), 
    "user_id_1" : "3370969547", 
    "user_id_2" : "820104633292947458", 
    "relationship" : false
}
{ 
    "_id" : ObjectId("5ae6c92d79f5af612ac0719c"), 
    "user_id_1" : "3370969547", 
    "user_id_2" : "74644440", 
    "relationship" : false
}
{ 
    "_id" : ObjectId("5ae6c92e79f5af612ac0719d"), 
    "user_id_1" : "3370969547", 
    "user_id_2" : "73158681", 
    "relationship" : false
}
{ 
    "_id" : ObjectId("5ae6c92e79f5af612ac0719e"), 
    "user_id_1" : "834679266159702016", 
    "user_id_2" : "45637919", 
    "relationship" : false
}
{ 
    "_id" : ObjectId("5ae6c92f79f5af612ac0719f"), 
    "user_id_1" : "834679266159702016", 
    "user_id_2" : "3068881296", 
    "relationship" : false
}
{ 
    "_id" : ObjectId("5ae6c92f79f5af612ac071a0"), 
    "user_id_1" : "834679266159702016", 
    "user_id_2" : "251668274", 
    "relationship" : false
}
{ 
    "_id" : ObjectId("5ae6c93079f5af612ac071a1"), 
    "user_id_1" : "834679266159702016", 
    "user_id_2" : "826215680974401540", 
    "relationship" : false
}
{ 
    "_id" : ObjectId("5ae6c93179f5af612ac071a2"), 
    "user_id_1" : "834679266159702016", 
    "user_id_2" : "36622802", 
    "relationship" : false
}
{ 
    "_id" : ObjectId("5ae6c93179f5af612ac071a3"), 
    "user_id_1" : "834679266159702016", 
    "user_id_2" : "777513698814488577", 
    "relationship" : false
}
{ 
    "_id" : ObjectId("5ae6c93279f5af612ac071a4"), 
    "user_id_1" : "834679266159702016", 
    "user_id_2" : "4425679222", 
    "relationship" : false
}
{ 
    "_id" : ObjectId("5ae6c93379f5af612ac071a5"), 
    "user_id_1" : "834679266159702016", 
    "user_id_2" : "3067668504", 
    "relationship" : false
}
{ 
    "_id" : ObjectId("5ae6c93379f5af612ac071a6"), 
    "user_id_1" : "834679266159702016", 
    "user_id_2" : "2200851425", 
    "relationship" : false
}
{ 
    "_id" : ObjectId("5ae6c93479f5af612ac071a7"), 
    "user_id_1" : "834679266159702016", 
    "user_id_2" : "880240581255077888", 
    "relationship" : false
}
{ 
    "_id" : ObjectId("5ae6c93579f5af612ac071a8"), 
    "user_id_1" : "834679266159702016", 
    "user_id_2" : "461234709", 
    "relationship" : false
}
{ 
    "_id" : ObjectId("5ae6c93579f5af612ac071a9"), 
    "user_id_1" : "834679266159702016", 
    "user_id_2" : "955420594237042688", 
    "relationship" : false
}
{ 
    "_id" : ObjectId("5ae6c93679f5af612ac071aa"), 
    "user_id_1" : "834679266159702016", 
    "user_id_2" : "440214921", 
    "relationship" : false
}
{ 
    "_id" : ObjectId("5ae6c93779f5af612ac071ab"), 
    "user_id_1" : "834679266159702016", 
    "user_id_2" : "923716266434510848", 
    "relationship" : false
}
{ 
    "_id" : ObjectId("5ae6c93779f5af612ac071ac"), 
    "user_id_1" : "834679266159702016", 
    "user_id_2" : "709941101554106368", 
    "relationship" : false
}
{ 
    "_id" : ObjectId("5ae6c93879f5af612ac071ad"), 
    "user_id_1" : "834679266159702016", 
    "user_id_2" : "877747105", 
    "relationship" : false
}
{ 
    "_id" : ObjectId("5ae6c93879f5af612ac071ae"), 
    "user_id_1" : "834679266159702016", 
    "user_id_2" : "820104633292947458", 
    "relationship" : false
}
{ 
    "_id" : ObjectId("5ae6c93979f5af612ac071af"), 
    "user_id_1" : "834679266159702016", 
    "user_id_2" : "74644440", 
    "relationship" : false
}
{ 
    "_id" : ObjectId("5ae6c93a79f5af612ac071b0"), 
    "user_id_1" : "834679266159702016", 
    "user_id_2" : "73158681", 
    "relationship" : false
}
{ 
    "_id" : ObjectId("5ae6c93a79f5af612ac071b1"), 
    "user_id_1" : "188215961", 
    "user_id_2" : "45637919", 
    "relationship" : false
}
{ 
    "_id" : ObjectId("5ae6c93b79f5af612ac071b2"), 
    "user_id_1" : "188215961", 
    "user_id_2" : "3068881296", 
    "relationship" : false
}
{ 
    "_id" : ObjectId("5ae6c93c79f5af612ac071b3"), 
    "user_id_1" : "188215961", 
    "user_id_2" : "251668274", 
    "relationship" : false
}
{ 
    "_id" : ObjectId("5ae6c93c79f5af612ac071b4"), 
    "user_id_1" : "188215961", 
    "user_id_2" : "826215680974401540", 
    "relationship" : false
}
{ 
    "_id" : ObjectId("5ae6c93d79f5af612ac071b5"), 
    "user_id_1" : "188215961", 
    "user_id_2" : "36622802", 
    "relationship" : false
}
{ 
    "_id" : ObjectId("5ae6c93d79f5af612ac071b6"), 
    "user_id_1" : "188215961", 
    "user_id_2" : "777513698814488577", 
    "relationship" : false
}
{ 
    "_id" : ObjectId("5ae6c93e79f5af612ac071b7"), 
    "user_id_1" : "188215961", 
    "user_id_2" : "4425679222", 
    "relationship" : false
}
{ 
    "_id" : ObjectId("5ae6c93f79f5af612ac071b8"), 
    "user_id_1" : "188215961", 
    "user_id_2" : "3067668504", 
    "relationship" : false
}
{ 
    "_id" : ObjectId("5ae6c93f79f5af612ac071b9"), 
    "user_id_1" : "188215961", 
    "user_id_2" : "2200851425", 
    "relationship" : false
}
{ 
    "_id" : ObjectId("5ae6c94079f5af612ac071ba"), 
    "user_id_1" : "188215961", 
    "user_id_2" : "880240581255077888", 
    "relationship" : false
}
{ 
    "_id" : ObjectId("5ae6c94179f5af612ac071bb"), 
    "user_id_1" : "188215961", 
    "user_id_2" : "461234709", 
    "relationship" : false
}
{ 
    "_id" : ObjectId("5ae6c94179f5af612ac071bc"), 
    "user_id_1" : "188215961", 
    "user_id_2" : "955420594237042688", 
    "relationship" : false
}
{ 
    "_id" : ObjectId("5ae6c94279f5af612ac071bd"), 
    "user_id_1" : "188215961", 
    "user_id_2" : "440214921", 
    "relationship" : false
}
{ 
    "_id" : ObjectId("5ae6c94379f5af612ac071be"), 
    "user_id_1" : "188215961", 
    "user_id_2" : "923716266434510848", 
    "relationship" : false
}
{ 
    "_id" : ObjectId("5ae6c94379f5af612ac071bf"), 
    "user_id_1" : "188215961", 
    "user_id_2" : "709941101554106368", 
    "relationship" : false
}
{ 
    "_id" : ObjectId("5ae6c94479f5af612ac071c0"), 
    "user_id_1" : "188215961", 
    "user_id_2" : "877747105", 
    "relationship" : false
}
{ 
    "_id" : ObjectId("5ae6c94579f5af612ac071c1"), 
    "user_id_1" : "188215961", 
    "user_id_2" : "820104633292947458", 
    "relationship" : false
}
{ 
    "_id" : ObjectId("5ae6c94579f5af612ac071c2"), 
    "user_id_1" : "188215961", 
    "user_id_2" : "74644440", 
    "relationship" : false
}
{ 
    "_id" : ObjectId("5ae6c94679f5af612ac071c3"), 
    "user_id_1" : "188215961", 
    "user_id_2" : "73158681", 
    "relationship" : false
}
{ 
    "_id" : ObjectId("5ae6c94679f5af612ac071c4"), 
    "user_id_1" : "17056051", 
    "user_id_2" : "45637919", 
    "relationship" : false
}
{ 
    "_id" : ObjectId("5ae6c94779f5af612ac071c5"), 
    "user_id_1" : "17056051", 
    "user_id_2" : "3068881296", 
    "relationship" : false
}
{ 
    "_id" : ObjectId("5ae6c94879f5af612ac071c6"), 
    "user_id_1" : "17056051", 
    "user_id_2" : "251668274", 
    "relationship" : false
}
{ 
    "_id" : ObjectId("5ae6c94879f5af612ac071c7"), 
    "user_id_1" : "17056051", 
    "user_id_2" : "826215680974401540", 
    "relationship" : false
}
{ 
    "_id" : ObjectId("5ae6c94979f5af612ac071c8"), 
    "user_id_1" : "17056051", 
    "user_id_2" : "36622802", 
    "relationship" : false
}
{ 
    "_id" : ObjectId("5ae6c94a79f5af612ac071c9"), 
    "user_id_1" : "17056051", 
    "user_id_2" : "777513698814488577", 
    "relationship" : false
}
{ 
    "_id" : ObjectId("5ae6c94b79f5af612ac071ca"), 
    "user_id_1" : "17056051", 
    "user_id_2" : "4425679222", 
    "relationship" : false
}
{ 
    "_id" : ObjectId("5ae6c94b79f5af612ac071cb"), 
    "user_id_1" : "17056051", 
    "user_id_2" : "3067668504", 
    "relationship" : false
}
{ 
    "_id" : ObjectId("5ae6c94c79f5af612ac071cc"), 
    "user_id_1" : "17056051", 
    "user_id_2" : "2200851425", 
    "relationship" : false
}
{ 
    "_id" : ObjectId("5ae6c94d79f5af612ac071cd"), 
    "user_id_1" : "17056051", 
    "user_id_2" : "880240581255077888", 
    "relationship" : false
}
{ 
    "_id" : ObjectId("5ae6c94d79f5af612ac071ce"), 
    "user_id_1" : "17056051", 
    "user_id_2" : "461234709", 
    "relationship" : false
}
{ 
    "_id" : ObjectId("5ae6c94e79f5af612ac071cf"), 
    "user_id_1" : "17056051", 
    "user_id_2" : "955420594237042688", 
    "relationship" : false
}
{ 
    "_id" : ObjectId("5ae6c94e79f5af612ac071d0"), 
    "user_id_1" : "17056051", 
    "user_id_2" : "440214921", 
    "relationship" : false
}
{ 
    "_id" : ObjectId("5ae6c94f79f5af612ac071d1"), 
    "user_id_1" : "17056051", 
    "user_id_2" : "923716266434510848", 
    "relationship" : false
}
{ 
    "_id" : ObjectId("5ae6c95079f5af612ac071d2"), 
    "user_id_1" : "17056051", 
    "user_id_2" : "709941101554106368", 
    "relationship" : false
}
{ 
    "_id" : ObjectId("5ae6c95079f5af612ac071d3"), 
    "user_id_1" : "17056051", 
    "user_id_2" : "877747105", 
    "relationship" : false
}
{ 
    "_id" : ObjectId("5ae6c95179f5af612ac071d4"), 
    "user_id_1" : "17056051", 
    "user_id_2" : "820104633292947458", 
    "relationship" : false
}
{ 
    "_id" : ObjectId("5ae6c95279f5af612ac071d5"), 
    "user_id_1" : "17056051", 
    "user_id_2" : "74644440", 
    "relationship" : false
}
{ 
    "_id" : ObjectId("5ae6c95279f5af612ac071d6"), 
    "user_id_1" : "17056051", 
    "user_id_2" : "73158681", 
    "relationship" : false
}
{ 
    "_id" : ObjectId("5ae6c95379f5af612ac071d7"), 
    "user_id_1" : "53962838", 
    "user_id_2" : "45637919", 
    "relationship" : false
}
{ 
    "_id" : ObjectId("5ae6c95379f5af612ac071d8"), 
    "user_id_1" : "53962838", 
    "user_id_2" : "3068881296", 
    "relationship" : false
}
{ 
    "_id" : ObjectId("5ae6c95479f5af612ac071d9"), 
    "user_id_1" : "53962838", 
    "user_id_2" : "251668274", 
    "relationship" : false
}
{ 
    "_id" : ObjectId("5ae6c95579f5af612ac071da"), 
    "user_id_1" : "53962838", 
    "user_id_2" : "826215680974401540", 
    "relationship" : false
}
{ 
    "_id" : ObjectId("5ae6c95579f5af612ac071db"), 
    "user_id_1" : "53962838", 
    "user_id_2" : "36622802", 
    "relationship" : false
}
{ 
    "_id" : ObjectId("5ae6c95679f5af612ac071dc"), 
    "user_id_1" : "53962838", 
    "user_id_2" : "777513698814488577", 
    "relationship" : false
}
{ 
    "_id" : ObjectId("5ae6c95779f5af612ac071dd"), 
    "user_id_1" : "53962838", 
    "user_id_2" : "4425679222", 
    "relationship" : false
}
{ 
    "_id" : ObjectId("5ae6c95779f5af612ac071de"), 
    "user_id_1" : "53962838", 
    "user_id_2" : "3067668504", 
    "relationship" : false
}
{ 
    "_id" : ObjectId("5ae6cc6e79f5af612ac071df"), 
    "user_id_1" : "53962838", 
    "user_id_2" : "2200851425", 
    "relationship" : false
}
{ 
    "_id" : ObjectId("5ae6cc6f79f5af612ac071e0"), 
    "user_id_1" : "53962838", 
    "user_id_2" : "880240581255077888", 
    "relationship" : false
}
{ 
    "_id" : ObjectId("5ae6cc7079f5af612ac071e1"), 
    "user_id_1" : "53962838", 
    "user_id_2" : "461234709", 
    "relationship" : false
}
{ 
    "_id" : ObjectId("5ae6cc7079f5af612ac071e2"), 
    "user_id_1" : "53962838", 
    "user_id_2" : "955420594237042688", 
    "relationship" : false
}
{ 
    "_id" : ObjectId("5ae6cc7179f5af612ac071e3"), 
    "user_id_1" : "53962838", 
    "user_id_2" : "440214921", 
    "relationship" : false
}
{ 
    "_id" : ObjectId("5ae6cc7279f5af612ac071e4"), 
    "user_id_1" : "53962838", 
    "user_id_2" : "923716266434510848", 
    "relationship" : false
}
{ 
    "_id" : ObjectId("5ae6cc7279f5af612ac071e5"), 
    "user_id_1" : "53962838", 
    "user_id_2" : "709941101554106368", 
    "relationship" : false
}
{ 
    "_id" : ObjectId("5ae6cc7379f5af612ac071e6"), 
    "user_id_1" : "53962838", 
    "user_id_2" : "877747105", 
    "relationship" : false
}
{ 
    "_id" : ObjectId("5ae6cc7379f5af612ac071e7"), 
    "user_id_1" : "53962838", 
    "user_id_2" : "820104633292947458", 
    "relationship" : false
}
{ 
    "_id" : ObjectId("5ae6cc7479f5af612ac071e8"), 
    "user_id_1" : "53962838", 
    "user_id_2" : "74644440", 
    "relationship" : false
}
{ 
    "_id" : ObjectId("5ae6cc7579f5af612ac071e9"), 
    "user_id_1" : "53962838", 
    "user_id_2" : "73158681", 
    "relationship" : false
}
{ 
    "_id" : ObjectId("5ae6cc7579f5af612ac071ea"), 
    "user_id_1" : "294955075", 
    "user_id_2" : "45637919", 
    "relationship" : false
}
{ 
    "_id" : ObjectId("5ae6cc7679f5af612ac071eb"), 
    "user_id_1" : "294955075", 
    "user_id_2" : "3068881296", 
    "relationship" : false
}
{ 
    "_id" : ObjectId("5ae6cc7779f5af612ac071ec"), 
    "user_id_1" : "294955075", 
    "user_id_2" : "251668274", 
    "relationship" : false
}
{ 
    "_id" : ObjectId("5ae6cc7779f5af612ac071ed"), 
    "user_id_1" : "294955075", 
    "user_id_2" : "826215680974401540", 
    "relationship" : false
}
{ 
    "_id" : ObjectId("5ae6cc7879f5af612ac071ee"), 
    "user_id_1" : "294955075", 
    "user_id_2" : "36622802", 
    "relationship" : false
}
{ 
    "_id" : ObjectId("5ae6cc7979f5af612ac071ef"), 
    "user_id_1" : "294955075", 
    "user_id_2" : "777513698814488577", 
    "relationship" : false
}
{ 
    "_id" : ObjectId("5ae6cc7979f5af612ac071f0"), 
    "user_id_1" : "294955075", 
    "user_id_2" : "4425679222", 
    "relationship" : false
}
{ 
    "_id" : ObjectId("5ae6cc7a79f5af612ac071f1"), 
    "user_id_1" : "294955075", 
    "user_id_2" : "3067668504", 
    "relationship" : false
}
{ 
    "_id" : ObjectId("5ae6cc7a79f5af612ac071f2"), 
    "user_id_1" : "294955075", 
    "user_id_2" : "2200851425", 
    "relationship" : false
}
{ 
    "_id" : ObjectId("5ae6cc7b79f5af612ac071f3"), 
    "user_id_1" : "294955075", 
    "user_id_2" : "880240581255077888", 
    "relationship" : false
}
{ 
    "_id" : ObjectId("5ae6cc7c79f5af612ac071f4"), 
    "user_id_1" : "294955075", 
    "user_id_2" : "461234709", 
    "relationship" : false
}
{ 
    "_id" : ObjectId("5ae6cc7c79f5af612ac071f5"), 
    "user_id_1" : "294955075", 
    "user_id_2" : "955420594237042688", 
    "relationship" : false
}
{ 
    "_id" : ObjectId("5ae6cc7d79f5af612ac071f6"), 
    "user_id_1" : "294955075", 
    "user_id_2" : "440214921", 
    "relationship" : false
}
{ 
    "_id" : ObjectId("5ae6cc7e79f5af612ac071f7"), 
    "user_id_1" : "294955075", 
    "user_id_2" : "923716266434510848", 
    "relationship" : false
}
{ 
    "_id" : ObjectId("5ae6cc7e79f5af612ac071f8"), 
    "user_id_1" : "294955075", 
    "user_id_2" : "709941101554106368", 
    "relationship" : false
}
{ 
    "_id" : ObjectId("5ae6cc7f79f5af612ac071f9"), 
    "user_id_1" : "294955075", 
    "user_id_2" : "877747105", 
    "relationship" : false
}
{ 
    "_id" : ObjectId("5ae6cc8079f5af612ac071fa"), 
    "user_id_1" : "294955075", 
    "user_id_2" : "820104633292947458", 
    "relationship" : false
}
{ 
    "_id" : ObjectId("5ae6cc8079f5af612ac071fb"), 
    "user_id_1" : "294955075", 
    "user_id_2" : "74644440", 
    "relationship" : false
}
{ 
    "_id" : ObjectId("5ae6cc8179f5af612ac071fc"), 
    "user_id_1" : "294955075", 
    "user_id_2" : "73158681", 
    "relationship" : false
}
{ 
    "_id" : ObjectId("5ae6cc8179f5af612ac071fd"), 
    "user_id_1" : "2482564454", 
    "user_id_2" : "45637919", 
    "relationship" : false
}
{ 
    "_id" : ObjectId("5ae6cc8279f5af612ac071fe"), 
    "user_id_1" : "2482564454", 
    "user_id_2" : "3068881296", 
    "relationship" : false
}
{ 
    "_id" : ObjectId("5ae6cc8379f5af612ac071ff"), 
    "user_id_1" : "2482564454", 
    "user_id_2" : "251668274", 
    "relationship" : false
}
{ 
    "_id" : ObjectId("5ae6cc8479f5af612ac07200"), 
    "user_id_1" : "2482564454", 
    "user_id_2" : "826215680974401540", 
    "relationship" : false
}
{ 
    "_id" : ObjectId("5ae6cc8479f5af612ac07201"), 
    "user_id_1" : "2482564454", 
    "user_id_2" : "36622802", 
    "relationship" : false
}
{ 
    "_id" : ObjectId("5ae6cc8579f5af612ac07202"), 
    "user_id_1" : "2482564454", 
    "user_id_2" : "777513698814488577", 
    "relationship" : false
}
{ 
    "_id" : ObjectId("5ae6cc8679f5af612ac07203"), 
    "user_id_1" : "2482564454", 
    "user_id_2" : "4425679222", 
    "relationship" : false
}
{ 
    "_id" : ObjectId("5ae6cc8679f5af612ac07204"), 
    "user_id_1" : "2482564454", 
    "user_id_2" : "3067668504", 
    "relationship" : false
}
{ 
    "_id" : ObjectId("5ae6cc8779f5af612ac07205"), 
    "user_id_1" : "2482564454", 
    "user_id_2" : "2200851425", 
    "relationship" : false
}
{ 
    "_id" : ObjectId("5ae6cc8779f5af612ac07206"), 
    "user_id_1" : "2482564454", 
    "user_id_2" : "880240581255077888", 
    "relationship" : false
}
{ 
    "_id" : ObjectId("5ae6cc8879f5af612ac07207"), 
    "user_id_1" : "2482564454", 
    "user_id_2" : "461234709", 
    "relationship" : false
}
{ 
    "_id" : ObjectId("5ae6cc8979f5af612ac07208"), 
    "user_id_1" : "2482564454", 
    "user_id_2" : "955420594237042688", 
    "relationship" : false
}
{ 
    "_id" : ObjectId("5ae6cc8979f5af612ac07209"), 
    "user_id_1" : "2482564454", 
    "user_id_2" : "440214921", 
    "relationship" : false
}
{ 
    "_id" : ObjectId("5ae6cc8a79f5af612ac0720a"), 
    "user_id_1" : "2482564454", 
    "user_id_2" : "923716266434510848", 
    "relationship" : false
}
{ 
    "_id" : ObjectId("5ae6cc8b79f5af612ac0720b"), 
    "user_id_1" : "2482564454", 
    "user_id_2" : "709941101554106368", 
    "relationship" : false
}
{ 
    "_id" : ObjectId("5ae6cc8b79f5af612ac0720c"), 
    "user_id_1" : "2482564454", 
    "user_id_2" : "877747105", 
    "relationship" : false
}
{ 
    "_id" : ObjectId("5ae6cc8c79f5af612ac0720d"), 
    "user_id_1" : "2482564454", 
    "user_id_2" : "820104633292947458", 
    "relationship" : false
}
{ 
    "_id" : ObjectId("5ae6cc8c79f5af612ac0720e"), 
    "user_id_1" : "2482564454", 
    "user_id_2" : "74644440", 
    "relationship" : false
}
{ 
    "_id" : ObjectId("5ae6cc8d79f5af612ac0720f"), 
    "user_id_1" : "2482564454", 
    "user_id_2" : "73158681", 
    "relationship" : false
}
{ 
    "_id" : ObjectId("5ae6cc8e79f5af612ac07210"), 
    "user_id_1" : "1689190476", 
    "user_id_2" : "45637919", 
    "relationship" : false
}
{ 
    "_id" : ObjectId("5ae6cc8e79f5af612ac07211"), 
    "user_id_1" : "1689190476", 
    "user_id_2" : "3068881296", 
    "relationship" : false
}
{ 
    "_id" : ObjectId("5ae6cc8f79f5af612ac07212"), 
    "user_id_1" : "1689190476", 
    "user_id_2" : "251668274", 
    "relationship" : false
}
{ 
    "_id" : ObjectId("5ae6cc9079f5af612ac07213"), 
    "user_id_1" : "1689190476", 
    "user_id_2" : "826215680974401540", 
    "relationship" : false
}
{ 
    "_id" : ObjectId("5ae6cc9079f5af612ac07214"), 
    "user_id_1" : "1689190476", 
    "user_id_2" : "36622802", 
    "relationship" : false
}
{ 
    "_id" : ObjectId("5ae6cc9179f5af612ac07215"), 
    "user_id_1" : "1689190476", 
    "user_id_2" : "777513698814488577", 
    "relationship" : false
}
{ 
    "_id" : ObjectId("5ae6cc9279f5af612ac07216"), 
    "user_id_1" : "1689190476", 
    "user_id_2" : "4425679222", 
    "relationship" : false
}
{ 
    "_id" : ObjectId("5ae6cc9379f5af612ac07217"), 
    "user_id_1" : "1689190476", 
    "user_id_2" : "3067668504", 
    "relationship" : false
}
{ 
    "_id" : ObjectId("5ae6cc9479f5af612ac07218"), 
    "user_id_1" : "1689190476", 
    "user_id_2" : "2200851425", 
    "relationship" : false
}
{ 
    "_id" : ObjectId("5ae6cc9479f5af612ac07219"), 
    "user_id_1" : "1689190476", 
    "user_id_2" : "880240581255077888", 
    "relationship" : false
}
{ 
    "_id" : ObjectId("5ae6cc9579f5af612ac0721a"), 
    "user_id_1" : "1689190476", 
    "user_id_2" : "461234709", 
    "relationship" : false
}
{ 
    "_id" : ObjectId("5ae6cc9579f5af612ac0721b"), 
    "user_id_1" : "1689190476", 
    "user_id_2" : "955420594237042688", 
    "relationship" : false
}
{ 
    "_id" : ObjectId("5ae6cc9679f5af612ac0721c"), 
    "user_id_1" : "1689190476", 
    "user_id_2" : "440214921", 
    "relationship" : false
}
{ 
    "_id" : ObjectId("5ae6cc9779f5af612ac0721d"), 
    "user_id_1" : "1689190476", 
    "user_id_2" : "923716266434510848", 
    "relationship" : false
}
{ 
    "_id" : ObjectId("5ae6cc9779f5af612ac0721e"), 
    "user_id_1" : "1689190476", 
    "user_id_2" : "709941101554106368", 
    "relationship" : false
}
{ 
    "_id" : ObjectId("5ae6cc9879f5af612ac0721f"), 
    "user_id_1" : "1689190476", 
    "user_id_2" : "877747105", 
    "relationship" : false
}
{ 
    "_id" : ObjectId("5ae6cc9979f5af612ac07220"), 
    "user_id_1" : "1689190476", 
    "user_id_2" : "820104633292947458", 
    "relationship" : false
}
{ 
    "_id" : ObjectId("5ae6cc9979f5af612ac07221"), 
    "user_id_1" : "1689190476", 
    "user_id_2" : "74644440", 
    "relationship" : false
}
{ 
    "_id" : ObjectId("5ae6cc9a79f5af612ac07222"), 
    "user_id_1" : "1689190476", 
    "user_id_2" : "73158681", 
    "relationship" : false
}
{ 
    "_id" : ObjectId("5ae6cc9a79f5af612ac07223"), 
    "user_id_1" : "958786398936535041", 
    "user_id_2" : "45637919", 
    "relationship" : false
}
{ 
    "_id" : ObjectId("5ae6cc9b79f5af612ac07224"), 
    "user_id_1" : "958786398936535041", 
    "user_id_2" : "3068881296", 
    "relationship" : false
}
{ 
    "_id" : ObjectId("5ae6cc9c79f5af612ac07225"), 
    "user_id_1" : "958786398936535041", 
    "user_id_2" : "251668274", 
    "relationship" : false
}
{ 
    "_id" : ObjectId("5ae6cc9c79f5af612ac07226"), 
    "user_id_1" : "958786398936535041", 
    "user_id_2" : "826215680974401540", 
    "relationship" : false
}
{ 
    "_id" : ObjectId("5ae6cc9d79f5af612ac07227"), 
    "user_id_1" : "958786398936535041", 
    "user_id_2" : "36622802", 
    "relationship" : false
}
{ 
    "_id" : ObjectId("5ae6cc9e79f5af612ac07228"), 
    "user_id_1" : "958786398936535041", 
    "user_id_2" : "777513698814488577", 
    "relationship" : false
}
{ 
    "_id" : ObjectId("5ae6cc9f79f5af612ac07229"), 
    "user_id_1" : "958786398936535041", 
    "user_id_2" : "4425679222", 
    "relationship" : false
}
{ 
    "_id" : ObjectId("5ae6cc9f79f5af612ac0722a"), 
    "user_id_1" : "958786398936535041", 
    "user_id_2" : "3067668504", 
    "relationship" : false
}
{ 
    "_id" : ObjectId("5ae6cca079f5af612ac0722b"), 
    "user_id_1" : "958786398936535041", 
    "user_id_2" : "2200851425", 
    "relationship" : false
}
{ 
    "_id" : ObjectId("5ae6cca079f5af612ac0722c"), 
    "user_id_1" : "958786398936535041", 
    "user_id_2" : "880240581255077888", 
    "relationship" : false
}
{ 
    "_id" : ObjectId("5ae6cca179f5af612ac0722d"), 
    "user_id_1" : "958786398936535041", 
    "user_id_2" : "461234709", 
    "relationship" : false
}
{ 
    "_id" : ObjectId("5ae6cca279f5af612ac0722e"), 
    "user_id_1" : "958786398936535041", 
    "user_id_2" : "955420594237042688", 
    "relationship" : false
}
{ 
    "_id" : ObjectId("5ae6cca279f5af612ac0722f"), 
    "user_id_1" : "958786398936535041", 
    "user_id_2" : "440214921", 
    "relationship" : false
}
{ 
    "_id" : ObjectId("5ae6cca379f5af612ac07230"), 
    "user_id_1" : "958786398936535041", 
    "user_id_2" : "923716266434510848", 
    "relationship" : false
}
{ 
    "_id" : ObjectId("5ae6cca479f5af612ac07231"), 
    "user_id_1" : "958786398936535041", 
    "user_id_2" : "709941101554106368", 
    "relationship" : false
}
{ 
    "_id" : ObjectId("5ae6cca479f5af612ac07232"), 
    "user_id_1" : "958786398936535041", 
    "user_id_2" : "877747105", 
    "relationship" : false
}
{ 
    "_id" : ObjectId("5ae6cca579f5af612ac07233"), 
    "user_id_1" : "958786398936535041", 
    "user_id_2" : "820104633292947458", 
    "relationship" : false
}
{ 
    "_id" : ObjectId("5ae6cca679f5af612ac07234"), 
    "user_id_1" : "958786398936535041", 
    "user_id_2" : "74644440", 
    "relationship" : false
}
{ 
    "_id" : ObjectId("5ae6cca679f5af612ac07235"), 
    "user_id_1" : "958786398936535041", 
    "user_id_2" : "73158681", 
    "relationship" : false
}
{ 
    "_id" : ObjectId("5ae6cca779f5af612ac07236"), 
    "user_id_1" : "264886985", 
    "user_id_2" : "45637919", 
    "relationship" : false
}
{ 
    "_id" : ObjectId("5ae6cca879f5af612ac07237"), 
    "user_id_1" : "264886985", 
    "user_id_2" : "3068881296", 
    "relationship" : false
}
{ 
    "_id" : ObjectId("5ae6cca879f5af612ac07238"), 
    "user_id_1" : "264886985", 
    "user_id_2" : "251668274", 
    "relationship" : false
}
{ 
    "_id" : ObjectId("5ae6cca979f5af612ac07239"), 
    "user_id_1" : "264886985", 
    "user_id_2" : "826215680974401540", 
    "relationship" : false
}
{ 
    "_id" : ObjectId("5ae6cca979f5af612ac0723a"), 
    "user_id_1" : "264886985", 
    "user_id_2" : "36622802", 
    "relationship" : false
}
{ 
    "_id" : ObjectId("5ae6ccaa79f5af612ac0723b"), 
    "user_id_1" : "264886985", 
    "user_id_2" : "777513698814488577", 
    "relationship" : false
}
{ 
    "_id" : ObjectId("5ae6ccab79f5af612ac0723c"), 
    "user_id_1" : "264886985", 
    "user_id_2" : "4425679222", 
    "relationship" : false
}
{ 
    "_id" : ObjectId("5ae6ccab79f5af612ac0723d"), 
    "user_id_1" : "264886985", 
    "user_id_2" : "3067668504", 
    "relationship" : false
}
{ 
    "_id" : ObjectId("5ae6ccac79f5af612ac0723e"), 
    "user_id_1" : "264886985", 
    "user_id_2" : "2200851425", 
    "relationship" : false
}
{ 
    "_id" : ObjectId("5ae6ccad79f5af612ac0723f"), 
    "user_id_1" : "264886985", 
    "user_id_2" : "880240581255077888", 
    "relationship" : false
}
{ 
    "_id" : ObjectId("5ae6ccad79f5af612ac07240"), 
    "user_id_1" : "264886985", 
    "user_id_2" : "461234709", 
    "relationship" : false
}
{ 
    "_id" : ObjectId("5ae6ccae79f5af612ac07241"), 
    "user_id_1" : "264886985", 
    "user_id_2" : "955420594237042688", 
    "relationship" : false
}
{ 
    "_id" : ObjectId("5ae6ccaf79f5af612ac07242"), 
    "user_id_1" : "264886985", 
    "user_id_2" : "440214921", 
    "relationship" : false
}
{ 
    "_id" : ObjectId("5ae6ccaf79f5af612ac07243"), 
    "user_id_1" : "264886985", 
    "user_id_2" : "923716266434510848", 
    "relationship" : false
}
{ 
    "_id" : ObjectId("5ae6ccb079f5af612ac07244"), 
    "user_id_1" : "264886985", 
    "user_id_2" : "709941101554106368", 
    "relationship" : false
}
{ 
    "_id" : ObjectId("5ae6ccb079f5af612ac07245"), 
    "user_id_1" : "264886985", 
    "user_id_2" : "877747105", 
    "relationship" : false
}
{ 
    "_id" : ObjectId("5ae6ccb179f5af612ac07246"), 
    "user_id_1" : "264886985", 
    "user_id_2" : "820104633292947458", 
    "relationship" : false
}
{ 
    "_id" : ObjectId("5ae6ccb279f5af612ac07247"), 
    "user_id_1" : "264886985", 
    "user_id_2" : "74644440", 
    "relationship" : false
}
{ 
    "_id" : ObjectId("5ae6ccb279f5af612ac07248"), 
    "user_id_1" : "264886985", 
    "user_id_2" : "73158681", 
    "relationship" : false
}
{ 
    "_id" : ObjectId("5ae6ccb379f5af612ac07249"), 
    "user_id_1" : "948989465241907200", 
    "user_id_2" : "45637919", 
    "relationship" : false
}
{ 
    "_id" : ObjectId("5ae6ccb479f5af612ac0724a"), 
    "user_id_1" : "948989465241907200", 
    "user_id_2" : "3068881296", 
    "relationship" : false
}
{ 
    "_id" : ObjectId("5ae6ccb479f5af612ac0724b"), 
    "user_id_1" : "948989465241907200", 
    "user_id_2" : "251668274", 
    "relationship" : false
}
{ 
    "_id" : ObjectId("5ae6ccb579f5af612ac0724c"), 
    "user_id_1" : "948989465241907200", 
    "user_id_2" : "826215680974401540", 
    "relationship" : false
}
{ 
    "_id" : ObjectId("5ae6ccb679f5af612ac0724d"), 
    "user_id_1" : "948989465241907200", 
    "user_id_2" : "36622802", 
    "relationship" : false
}
{ 
    "_id" : ObjectId("5ae6ccb679f5af612ac0724e"), 
    "user_id_1" : "948989465241907200", 
    "user_id_2" : "777513698814488577", 
    "relationship" : false
}
{ 
    "_id" : ObjectId("5ae6ccb779f5af612ac0724f"), 
    "user_id_1" : "948989465241907200", 
    "user_id_2" : "4425679222", 
    "relationship" : false
}
{ 
    "_id" : ObjectId("5ae6ccb779f5af612ac07250"), 
    "user_id_1" : "948989465241907200", 
    "user_id_2" : "3067668504", 
    "relationship" : false
}
{ 
    "_id" : ObjectId("5ae6ccb879f5af612ac07251"), 
    "user_id_1" : "948989465241907200", 
    "user_id_2" : "2200851425", 
    "relationship" : false
}
{ 
    "_id" : ObjectId("5ae6ccb979f5af612ac07252"), 
    "user_id_1" : "948989465241907200", 
    "user_id_2" : "880240581255077888", 
    "relationship" : false
}
{ 
    "_id" : ObjectId("5ae6ccb979f5af612ac07253"), 
    "user_id_1" : "948989465241907200", 
    "user_id_2" : "461234709", 
    "relationship" : false
}
{ 
    "_id" : ObjectId("5ae6ccba79f5af612ac07254"), 
    "user_id_1" : "948989465241907200", 
    "user_id_2" : "955420594237042688", 
    "relationship" : false
}
{ 
    "_id" : ObjectId("5ae6ccbb79f5af612ac07255"), 
    "user_id_1" : "948989465241907200", 
    "user_id_2" : "440214921", 
    "relationship" : false
}
{ 
    "_id" : ObjectId("5ae6ccbb79f5af612ac07256"), 
    "user_id_1" : "948989465241907200", 
    "user_id_2" : "923716266434510848", 
    "relationship" : false
}
{ 
    "_id" : ObjectId("5ae6ccbc79f5af612ac07257"), 
    "user_id_1" : "948989465241907200", 
    "user_id_2" : "709941101554106368", 
    "relationship" : false
}
{ 
    "_id" : ObjectId("5ae6ccbd79f5af612ac07258"), 
    "user_id_1" : "948989465241907200", 
    "user_id_2" : "877747105", 
    "relationship" : false
}
{ 
    "_id" : ObjectId("5ae6ccbd79f5af612ac07259"), 
    "user_id_1" : "948989465241907200", 
    "user_id_2" : "820104633292947458", 
    "relationship" : false
}
{ 
    "_id" : ObjectId("5ae6ccbe79f5af612ac0725a"), 
    "user_id_1" : "948989465241907200", 
    "user_id_2" : "74644440", 
    "relationship" : false
}
{ 
    "_id" : ObjectId("5ae6ccbf79f5af612ac0725b"), 
    "user_id_1" : "948989465241907200", 
    "user_id_2" : "73158681", 
    "relationship" : false
}
{ 
    "_id" : ObjectId("5ae6ccbf79f5af612ac0725c"), 
    "user_id_1" : "2406608614", 
    "user_id_2" : "45637919", 
    "relationship" : false
}
{ 
    "_id" : ObjectId("5ae6ccc079f5af612ac0725d"), 
    "user_id_1" : "2406608614", 
    "user_id_2" : "3068881296", 
    "relationship" : false
}
{ 
    "_id" : ObjectId("5ae6ccc179f5af612ac0725e"), 
    "user_id_1" : "2406608614", 
    "user_id_2" : "251668274", 
    "relationship" : false
}
{ 
    "_id" : ObjectId("5ae6ccc179f5af612ac0725f"), 
    "user_id_1" : "2406608614", 
    "user_id_2" : "826215680974401540", 
    "relationship" : false
}
{ 
    "_id" : ObjectId("5ae6ccc279f5af612ac07260"), 
    "user_id_1" : "2406608614", 
    "user_id_2" : "36622802", 
    "relationship" : false
}
{ 
    "_id" : ObjectId("5ae6ccc379f5af612ac07261"), 
    "user_id_1" : "2406608614", 
    "user_id_2" : "777513698814488577", 
    "relationship" : false
}
{ 
    "_id" : ObjectId("5ae6ccc379f5af612ac07262"), 
    "user_id_1" : "2406608614", 
    "user_id_2" : "4425679222", 
    "relationship" : false
}
{ 
    "_id" : ObjectId("5ae6ccc479f5af612ac07263"), 
    "user_id_1" : "2406608614", 
    "user_id_2" : "3067668504", 
    "relationship" : false
}
{ 
    "_id" : ObjectId("5ae6ccc579f5af612ac07264"), 
    "user_id_1" : "2406608614", 
    "user_id_2" : "2200851425", 
    "relationship" : false
}
{ 
    "_id" : ObjectId("5ae6ccc579f5af612ac07265"), 
    "user_id_1" : "2406608614", 
    "user_id_2" : "880240581255077888", 
    "relationship" : false
}
{ 
    "_id" : ObjectId("5ae6ccc679f5af612ac07266"), 
    "user_id_1" : "2406608614", 
    "user_id_2" : "461234709", 
    "relationship" : false
}
{ 
    "_id" : ObjectId("5ae6ccc779f5af612ac07267"), 
    "user_id_1" : "2406608614", 
    "user_id_2" : "955420594237042688", 
    "relationship" : false
}
{ 
    "_id" : ObjectId("5ae6ccc779f5af612ac07268"), 
    "user_id_1" : "2406608614", 
    "user_id_2" : "440214921", 
    "relationship" : false
}
{ 
    "_id" : ObjectId("5ae6ccc879f5af612ac07269"), 
    "user_id_1" : "2406608614", 
    "user_id_2" : "923716266434510848", 
    "relationship" : false
}
{ 
    "_id" : ObjectId("5ae6ccc979f5af612ac0726a"), 
    "user_id_1" : "2406608614", 
    "user_id_2" : "709941101554106368", 
    "relationship" : false
}
{ 
    "_id" : ObjectId("5ae6ccca79f5af612ac0726b"), 
    "user_id_1" : "2406608614", 
    "user_id_2" : "877747105", 
    "relationship" : false
}
{ 
    "_id" : ObjectId("5ae6ccca79f5af612ac0726c"), 
    "user_id_1" : "2406608614", 
    "user_id_2" : "820104633292947458", 
    "relationship" : false
}
{ 
    "_id" : ObjectId("5ae6cccb79f5af612ac0726d"), 
    "user_id_1" : "2406608614", 
    "user_id_2" : "74644440", 
    "relationship" : false
}
{ 
    "_id" : ObjectId("5ae6cccc79f5af612ac0726e"), 
    "user_id_1" : "2406608614", 
    "user_id_2" : "73158681", 
    "relationship" : false
}
{ 
    "_id" : ObjectId("5ae6cccc79f5af612ac0726f"), 
    "user_id_1" : "218276257", 
    "user_id_2" : "45637919", 
    "relationship" : false
}
{ 
    "_id" : ObjectId("5ae6cccd79f5af612ac07270"), 
    "user_id_1" : "218276257", 
    "user_id_2" : "3068881296", 
    "relationship" : false
}
{ 
    "_id" : ObjectId("5ae6cccd79f5af612ac07271"), 
    "user_id_1" : "218276257", 
    "user_id_2" : "251668274", 
    "relationship" : false
}
{ 
    "_id" : ObjectId("5ae6ccce79f5af612ac07272"), 
    "user_id_1" : "218276257", 
    "user_id_2" : "826215680974401540", 
    "relationship" : false
}
{ 
    "_id" : ObjectId("5ae6cccf79f5af612ac07273"), 
    "user_id_1" : "218276257", 
    "user_id_2" : "36622802", 
    "relationship" : false
}
{ 
    "_id" : ObjectId("5ae6cccf79f5af612ac07274"), 
    "user_id_1" : "218276257", 
    "user_id_2" : "777513698814488577", 
    "relationship" : false
}
{ 
    "_id" : ObjectId("5ae6ccd079f5af612ac07275"), 
    "user_id_1" : "218276257", 
    "user_id_2" : "4425679222", 
    "relationship" : false
}
{ 
    "_id" : ObjectId("5ae6ccd179f5af612ac07276"), 
    "user_id_1" : "218276257", 
    "user_id_2" : "3067668504", 
    "relationship" : false
}
{ 
    "_id" : ObjectId("5ae6ccd179f5af612ac07277"), 
    "user_id_1" : "218276257", 
    "user_id_2" : "2200851425", 
    "relationship" : false
}
{ 
    "_id" : ObjectId("5ae6ccd279f5af612ac07278"), 
    "user_id_1" : "218276257", 
    "user_id_2" : "880240581255077888", 
    "relationship" : false
}
{ 
    "_id" : ObjectId("5ae6ccd279f5af612ac07279"), 
    "user_id_1" : "218276257", 
    "user_id_2" : "461234709", 
    "relationship" : false
}
{ 
    "_id" : ObjectId("5ae6ccd379f5af612ac0727a"), 
    "user_id_1" : "218276257", 
    "user_id_2" : "955420594237042688", 
    "relationship" : false
}
{ 
    "_id" : ObjectId("5ae6ccd479f5af612ac0727b"), 
    "user_id_1" : "218276257", 
    "user_id_2" : "440214921", 
    "relationship" : false
}
{ 
    "_id" : ObjectId("5ae6ccd479f5af612ac0727c"), 
    "user_id_1" : "218276257", 
    "user_id_2" : "923716266434510848", 
    "relationship" : false
}
{ 
    "_id" : ObjectId("5ae6ccd579f5af612ac0727d"), 
    "user_id_1" : "218276257", 
    "user_id_2" : "709941101554106368", 
    "relationship" : false
}
{ 
    "_id" : ObjectId("5ae6ccda79f5af612ac0727e"), 
    "user_id_1" : "218276257", 
    "user_id_2" : "877747105", 
    "relationship" : false
}
{ 
    "_id" : ObjectId("5ae6ccdb79f5af612ac0727f"), 
    "user_id_1" : "218276257", 
    "user_id_2" : "820104633292947458", 
    "relationship" : false
}
{ 
    "_id" : ObjectId("5ae6cce179f5af612ac07280"), 
    "user_id_1" : "218276257", 
    "user_id_2" : "74644440", 
    "relationship" : false
}
{ 
    "_id" : ObjectId("5ae6cce179f5af612ac07281"), 
    "user_id_1" : "218276257", 
    "user_id_2" : "73158681", 
    "relationship" : false
}
{ 
    "_id" : ObjectId("5ae6cce279f5af612ac07282"), 
    "user_id_1" : "118168962", 
    "user_id_2" : "45637919", 
    "relationship" : false
}
{ 
    "_id" : ObjectId("5ae6cce379f5af612ac07283"), 
    "user_id_1" : "118168962", 
    "user_id_2" : "3068881296", 
    "relationship" : false
}
{ 
    "_id" : ObjectId("5ae6cce379f5af612ac07284"), 
    "user_id_1" : "118168962", 
    "user_id_2" : "251668274", 
    "relationship" : false
}
{ 
    "_id" : ObjectId("5ae6cce479f5af612ac07285"), 
    "user_id_1" : "118168962", 
    "user_id_2" : "826215680974401540", 
    "relationship" : false
}
{ 
    "_id" : ObjectId("5ae6cce479f5af612ac07286"), 
    "user_id_1" : "118168962", 
    "user_id_2" : "36622802", 
    "relationship" : false
}
{ 
    "_id" : ObjectId("5ae6cce579f5af612ac07287"), 
    "user_id_1" : "118168962", 
    "user_id_2" : "777513698814488577", 
    "relationship" : false
}
{ 
    "_id" : ObjectId("5ae6cce679f5af612ac07288"), 
    "user_id_1" : "118168962", 
    "user_id_2" : "4425679222", 
    "relationship" : false
}
{ 
    "_id" : ObjectId("5ae6cce679f5af612ac07289"), 
    "user_id_1" : "118168962", 
    "user_id_2" : "3067668504", 
    "relationship" : false
}
{ 
    "_id" : ObjectId("5ae6cce779f5af612ac0728a"), 
    "user_id_1" : "118168962", 
    "user_id_2" : "2200851425", 
    "relationship" : false
}
{ 
    "_id" : ObjectId("5ae6cce879f5af612ac0728b"), 
    "user_id_1" : "118168962", 
    "user_id_2" : "880240581255077888", 
    "relationship" : false
}
{ 
    "_id" : ObjectId("5ae6cce879f5af612ac0728c"), 
    "user_id_1" : "118168962", 
    "user_id_2" : "461234709", 
    "relationship" : false
}
{ 
    "_id" : ObjectId("5ae6cce979f5af612ac0728d"), 
    "user_id_1" : "118168962", 
    "user_id_2" : "955420594237042688", 
    "relationship" : false
}
{ 
    "_id" : ObjectId("5ae6cce979f5af612ac0728e"), 
    "user_id_1" : "118168962", 
    "user_id_2" : "440214921", 
    "relationship" : false
}
{ 
    "_id" : ObjectId("5ae6ccea79f5af612ac0728f"), 
    "user_id_1" : "118168962", 
    "user_id_2" : "923716266434510848", 
    "relationship" : false
}
{ 
    "_id" : ObjectId("5ae6cceb79f5af612ac07290"), 
    "user_id_1" : "118168962", 
    "user_id_2" : "709941101554106368", 
    "relationship" : false
}
{ 
    "_id" : ObjectId("5ae6cceb79f5af612ac07291"), 
    "user_id_1" : "118168962", 
    "user_id_2" : "877747105", 
    "relationship" : false
}
{ 
    "_id" : ObjectId("5ae6ccec79f5af612ac07292"), 
    "user_id_1" : "118168962", 
    "user_id_2" : "820104633292947458", 
    "relationship" : false
}
{ 
    "_id" : ObjectId("5ae6cff779f5af612ac07293"), 
    "user_id_1" : "118168962", 
    "user_id_2" : "74644440", 
    "relationship" : false
}
{ 
    "_id" : ObjectId("5ae6cff879f5af612ac07294"), 
    "user_id_1" : "118168962", 
    "user_id_2" : "73158681", 
    "relationship" : false
}
{ 
    "_id" : ObjectId("5ae6cff879f5af612ac07295"), 
    "user_id_1" : "4876643140", 
    "user_id_2" : "45637919", 
    "relationship" : false
}
{ 
    "_id" : ObjectId("5ae6cff979f5af612ac07296"), 
    "user_id_1" : "4876643140", 
    "user_id_2" : "3068881296", 
    "relationship" : false
}
{ 
    "_id" : ObjectId("5ae6cff979f5af612ac07297"), 
    "user_id_1" : "4876643140", 
    "user_id_2" : "251668274", 
    "relationship" : false
}
{ 
    "_id" : ObjectId("5ae6cffa79f5af612ac07298"), 
    "user_id_1" : "4876643140", 
    "user_id_2" : "826215680974401540", 
    "relationship" : false
}
{ 
    "_id" : ObjectId("5ae6cffb79f5af612ac07299"), 
    "user_id_1" : "4876643140", 
    "user_id_2" : "36622802", 
    "relationship" : false
}
{ 
    "_id" : ObjectId("5ae6cffb79f5af612ac0729a"), 
    "user_id_1" : "4876643140", 
    "user_id_2" : "777513698814488577", 
    "relationship" : false
}
{ 
    "_id" : ObjectId("5ae6cffc79f5af612ac0729b"), 
    "user_id_1" : "4876643140", 
    "user_id_2" : "4425679222", 
    "relationship" : false
}
{ 
    "_id" : ObjectId("5ae6cffc79f5af612ac0729c"), 
    "user_id_1" : "4876643140", 
    "user_id_2" : "3067668504", 
    "relationship" : false
}
{ 
    "_id" : ObjectId("5ae6cffd79f5af612ac0729d"), 
    "user_id_1" : "4876643140", 
    "user_id_2" : "2200851425", 
    "relationship" : false
}
{ 
    "_id" : ObjectId("5ae6cffe79f5af612ac0729e"), 
    "user_id_1" : "4876643140", 
    "user_id_2" : "880240581255077888", 
    "relationship" : false
}
{ 
    "_id" : ObjectId("5ae6cffe79f5af612ac0729f"), 
    "user_id_1" : "4876643140", 
    "user_id_2" : "461234709", 
    "relationship" : false
}
{ 
    "_id" : ObjectId("5ae6cfff79f5af612ac072a0"), 
    "user_id_1" : "4876643140", 
    "user_id_2" : "955420594237042688", 
    "relationship" : false
}
{ 
    "_id" : ObjectId("5ae6d00079f5af612ac072a1"), 
    "user_id_1" : "4876643140", 
    "user_id_2" : "440214921", 
    "relationship" : false
}
{ 
    "_id" : ObjectId("5ae6d00079f5af612ac072a2"), 
    "user_id_1" : "4876643140", 
    "user_id_2" : "923716266434510848", 
    "relationship" : false
}
{ 
    "_id" : ObjectId("5ae6d00179f5af612ac072a3"), 
    "user_id_1" : "4876643140", 
    "user_id_2" : "709941101554106368", 
    "relationship" : false
}
{ 
    "_id" : ObjectId("5ae6d00279f5af612ac072a4"), 
    "user_id_1" : "4876643140", 
    "user_id_2" : "877747105", 
    "relationship" : false
}
{ 
    "_id" : ObjectId("5ae6d00279f5af612ac072a5"), 
    "user_id_1" : "4876643140", 
    "user_id_2" : "820104633292947458", 
    "relationship" : false
}
{ 
    "_id" : ObjectId("5ae6d00379f5af612ac072a6"), 
    "user_id_1" : "4876643140", 
    "user_id_2" : "74644440", 
    "relationship" : false
}
{ 
    "_id" : ObjectId("5ae6d00479f5af612ac072a7"), 
    "user_id_1" : "4876643140", 
    "user_id_2" : "73158681", 
    "relationship" : false
}
{ 
    "_id" : ObjectId("5ae6d00479f5af612ac072a8"), 
    "user_id_1" : "870535898", 
    "user_id_2" : "45637919", 
    "relationship" : false
}
{ 
    "_id" : ObjectId("5ae6d00579f5af612ac072a9"), 
    "user_id_1" : "870535898", 
    "user_id_2" : "3068881296", 
    "relationship" : false
}
{ 
    "_id" : ObjectId("5ae6d00579f5af612ac072aa"), 
    "user_id_1" : "870535898", 
    "user_id_2" : "251668274", 
    "relationship" : false
}
{ 
    "_id" : ObjectId("5ae6d00679f5af612ac072ab"), 
    "user_id_1" : "870535898", 
    "user_id_2" : "826215680974401540", 
    "relationship" : false
}
{ 
    "_id" : ObjectId("5ae6d00779f5af612ac072ac"), 
    "user_id_1" : "870535898", 
    "user_id_2" : "36622802", 
    "relationship" : false
}
{ 
    "_id" : ObjectId("5ae6d00779f5af612ac072ad"), 
    "user_id_1" : "870535898", 
    "user_id_2" : "777513698814488577", 
    "relationship" : false
}
{ 
    "_id" : ObjectId("5ae6d00879f5af612ac072ae"), 
    "user_id_1" : "870535898", 
    "user_id_2" : "4425679222", 
    "relationship" : false
}
{ 
    "_id" : ObjectId("5ae6d00979f5af612ac072af"), 
    "user_id_1" : "870535898", 
    "user_id_2" : "3067668504", 
    "relationship" : false
}
{ 
    "_id" : ObjectId("5ae6d00979f5af612ac072b0"), 
    "user_id_1" : "870535898", 
    "user_id_2" : "2200851425", 
    "relationship" : false
}
{ 
    "_id" : ObjectId("5ae6d00a79f5af612ac072b1"), 
    "user_id_1" : "870535898", 
    "user_id_2" : "880240581255077888", 
    "relationship" : false
}
{ 
    "_id" : ObjectId("5ae6d00b79f5af612ac072b2"), 
    "user_id_1" : "870535898", 
    "user_id_2" : "461234709", 
    "relationship" : false
}
{ 
    "_id" : ObjectId("5ae6d00b79f5af612ac072b3"), 
    "user_id_1" : "870535898", 
    "user_id_2" : "955420594237042688", 
    "relationship" : false
}
{ 
    "_id" : ObjectId("5ae6d00c79f5af612ac072b4"), 
    "user_id_1" : "870535898", 
    "user_id_2" : "440214921", 
    "relationship" : false
}
{ 
    "_id" : ObjectId("5ae6d00d79f5af612ac072b5"), 
    "user_id_1" : "870535898", 
    "user_id_2" : "923716266434510848", 
    "relationship" : false
}
{ 
    "_id" : ObjectId("5ae6d00d79f5af612ac072b6"), 
    "user_id_1" : "870535898", 
    "user_id_2" : "709941101554106368", 
    "relationship" : false
}
{ 
    "_id" : ObjectId("5ae6d00e79f5af612ac072b7"), 
    "user_id_1" : "870535898", 
    "user_id_2" : "877747105", 
    "relationship" : false
}
{ 
    "_id" : ObjectId("5ae6d00e79f5af612ac072b8"), 
    "user_id_1" : "870535898", 
    "user_id_2" : "820104633292947458", 
    "relationship" : false
}
{ 
    "_id" : ObjectId("5ae6d00f79f5af612ac072b9"), 
    "user_id_1" : "870535898", 
    "user_id_2" : "74644440", 
    "relationship" : false
}
{ 
    "_id" : ObjectId("5ae6d01079f5af612ac072ba"), 
    "user_id_1" : "870535898", 
    "user_id_2" : "73158681", 
    "relationship" : false
}
{ 
    "_id" : ObjectId("5ae6d01079f5af612ac072bb"), 
    "user_id_1" : "943469303587852288", 
    "user_id_2" : "45637919", 
    "relationship" : false
}
{ 
    "_id" : ObjectId("5ae6d01179f5af612ac072bc"), 
    "user_id_1" : "943469303587852288", 
    "user_id_2" : "3068881296", 
    "relationship" : false
}
{ 
    "_id" : ObjectId("5ae6d01279f5af612ac072bd"), 
    "user_id_1" : "943469303587852288", 
    "user_id_2" : "251668274", 
    "relationship" : false
}
{ 
    "_id" : ObjectId("5ae6d01279f5af612ac072be"), 
    "user_id_1" : "943469303587852288", 
    "user_id_2" : "826215680974401540", 
    "relationship" : false
}
{ 
    "_id" : ObjectId("5ae6d01379f5af612ac072bf"), 
    "user_id_1" : "943469303587852288", 
    "user_id_2" : "36622802", 
    "relationship" : false
}
{ 
    "_id" : ObjectId("5ae6d01379f5af612ac072c0"), 
    "user_id_1" : "943469303587852288", 
    "user_id_2" : "777513698814488577", 
    "relationship" : false
}
{ 
    "_id" : ObjectId("5ae6d01479f5af612ac072c1"), 
    "user_id_1" : "943469303587852288", 
    "user_id_2" : "4425679222", 
    "relationship" : false
}
{ 
    "_id" : ObjectId("5ae6d01579f5af612ac072c2"), 
    "user_id_1" : "943469303587852288", 
    "user_id_2" : "3067668504", 
    "relationship" : false
}
{ 
    "_id" : ObjectId("5ae6d01579f5af612ac072c3"), 
    "user_id_1" : "943469303587852288", 
    "user_id_2" : "2200851425", 
    "relationship" : false
}
{ 
    "_id" : ObjectId("5ae6d01679f5af612ac072c4"), 
    "user_id_1" : "943469303587852288", 
    "user_id_2" : "880240581255077888", 
    "relationship" : false
}
{ 
    "_id" : ObjectId("5ae6d01779f5af612ac072c5"), 
    "user_id_1" : "943469303587852288", 
    "user_id_2" : "461234709", 
    "relationship" : false
}
{ 
    "_id" : ObjectId("5ae6d01779f5af612ac072c6"), 
    "user_id_1" : "943469303587852288", 
    "user_id_2" : "955420594237042688", 
    "relationship" : false
}
{ 
    "_id" : ObjectId("5ae6d01879f5af612ac072c7"), 
    "user_id_1" : "943469303587852288", 
    "user_id_2" : "440214921", 
    "relationship" : false
}
{ 
    "_id" : ObjectId("5ae6d01979f5af612ac072c8"), 
    "user_id_1" : "943469303587852288", 
    "user_id_2" : "923716266434510848", 
    "relationship" : false
}
{ 
    "_id" : ObjectId("5ae6d01979f5af612ac072c9"), 
    "user_id_1" : "943469303587852288", 
    "user_id_2" : "709941101554106368", 
    "relationship" : false
}
{ 
    "_id" : ObjectId("5ae6d01a79f5af612ac072ca"), 
    "user_id_1" : "943469303587852288", 
    "user_id_2" : "877747105", 
    "relationship" : false
}
{ 
    "_id" : ObjectId("5ae6d01b79f5af612ac072cb"), 
    "user_id_1" : "943469303587852288", 
    "user_id_2" : "820104633292947458", 
    "relationship" : false
}
{ 
    "_id" : ObjectId("5ae6d01c79f5af612ac072cc"), 
    "user_id_1" : "943469303587852288", 
    "user_id_2" : "74644440", 
    "relationship" : false
}
{ 
    "_id" : ObjectId("5ae6d01c79f5af612ac072cd"), 
    "user_id_1" : "943469303587852288", 
    "user_id_2" : "73158681", 
    "relationship" : false
}
