{ 
    "_id" : ObjectId("5ac78ec7cc9d407e7465612d"), 
    "user_id" : NumberInt(576936821)
}
{ 
    "_id" : ObjectId("5ac78ec7cc9d407e7465612e"), 
    "user_id" : NumberLong(3185252980)
}
{ 
    "_id" : ObjectId("5ac78ec7cc9d407e7465612f"), 
    "user_id" : NumberInt(64243422)
}
{ 
    "_id" : ObjectId("5ac78ec7cc9d407e74656130"), 
    "user_id" : NumberLong(3359282367)
}
{ 
    "_id" : ObjectId("5ac78ec7cc9d407e74656131"), 
    "user_id" : NumberLong(2364021113)
}
{ 
    "_id" : ObjectId("5ac78ec7cc9d407e74656132"), 
    "user_id" : NumberInt(930508928)
}
{ 
    "_id" : ObjectId("5ac78ec7cc9d407e74656133"), 
    "user_id" : NumberInt(33450584)
}
{ 
    "_id" : ObjectId("5ac78ec7cc9d407e74656134"), 
    "user_id" : NumberLong(3177120858)
}
{ 
    "_id" : ObjectId("5ac78ec7cc9d407e74656135"), 
    "user_id" : NumberInt(1665783864)
}
{ 
    "_id" : ObjectId("5ac78ec7cc9d407e74656136"), 
    "user_id" : NumberLong(2161250718)
}
{ 
    "_id" : ObjectId("5ac78ec7cc9d407e74656137"), 
    "user_id" : NumberLong(2366143536)
}
{ 
    "_id" : ObjectId("5ac78ec7cc9d407e74656138"), 
    "user_id" : NumberInt(553925902)
}
{ 
    "_id" : ObjectId("5ac78ec7cc9d407e74656139"), 
    "user_id" : NumberLong(2334400726)
}
{ 
    "_id" : ObjectId("5ac78ec7cc9d407e7465613a"), 
    "user_id" : NumberLong(914219865342464001)
}
{ 
    "_id" : ObjectId("5ac78ec7cc9d407e7465613b"), 
    "user_id" : NumberInt(251244682)
}
{ 
    "_id" : ObjectId("5ac78ec7cc9d407e7465613c"), 
    "user_id" : NumberLong(945270984214323200)
}
{ 
    "_id" : ObjectId("5ac78ec7cc9d407e7465613d"), 
    "user_id" : NumberInt(822282920)
}
{ 
    "_id" : ObjectId("5ac78ec7cc9d407e7465613e"), 
    "user_id" : NumberInt(259806197)
}
{ 
    "_id" : ObjectId("5ac78ec7cc9d407e7465613f"), 
    "user_id" : NumberInt(241046292)
}
{ 
    "_id" : ObjectId("5ac78ec7cc9d407e74656140"), 
    "user_id" : NumberLong(758491134272253952)
}
{ 
    "_id" : ObjectId("5ac78ec7cc9d407e74656141"), 
    "user_id" : NumberInt(278933481)
}
{ 
    "_id" : ObjectId("5ac78ec7cc9d407e74656142"), 
    "user_id" : NumberInt(1948611690)
}
{ 
    "_id" : ObjectId("5ac78ec7cc9d407e74656143"), 
    "user_id" : NumberInt(476187182)
}
{ 
    "_id" : ObjectId("5ac78ec7cc9d407e74656144"), 
    "user_id" : NumberLong(784524056464850944)
}
{ 
    "_id" : ObjectId("5ac78ec7cc9d407e74656145"), 
    "user_id" : NumberLong(3920622312)
}
{ 
    "_id" : ObjectId("5ac78ec7cc9d407e74656146"), 
    "user_id" : NumberInt(67944955)
}
{ 
    "_id" : ObjectId("5ac78ec7cc9d407e74656147"), 
    "user_id" : NumberInt(16823214)
}
{ 
    "_id" : ObjectId("5ac78ec7cc9d407e74656148"), 
    "user_id" : NumberLong(841832639807938560)
}
{ 
    "_id" : ObjectId("5ac78ec7cc9d407e74656149"), 
    "user_id" : NumberInt(38327927)
}
{ 
    "_id" : ObjectId("5ac78ec7cc9d407e7465614a"), 
    "user_id" : NumberLong(942211833209016322)
}
{ 
    "_id" : ObjectId("5ac78ec7cc9d407e7465614b"), 
    "user_id" : NumberLong(2825701923)
}
{ 
    "_id" : ObjectId("5ac78ec7cc9d407e7465614c"), 
    "user_id" : NumberLong(796059007869919232)
}
{ 
    "_id" : ObjectId("5ac78ec7cc9d407e7465614d"), 
    "user_id" : NumberInt(829789842)
}
{ 
    "_id" : ObjectId("5ac78ec7cc9d407e7465614e"), 
    "user_id" : NumberLong(895614033964826625)
}
{ 
    "_id" : ObjectId("5ac78ec7cc9d407e7465614f"), 
    "user_id" : NumberLong(786205333949669376)
}
{ 
    "_id" : ObjectId("5ac78ec7cc9d407e74656150"), 
    "user_id" : NumberLong(705933050220253184)
}
{ 
    "_id" : ObjectId("5ac78ec7cc9d407e74656151"), 
    "user_id" : NumberLong(939929495745818624)
}
{ 
    "_id" : ObjectId("5ac78ec7cc9d407e74656152"), 
    "user_id" : NumberInt(409476055)
}
{ 
    "_id" : ObjectId("5ac78ec7cc9d407e74656153"), 
    "user_id" : NumberLong(3289620003)
}
{ 
    "_id" : ObjectId("5ac78ec7cc9d407e74656154"), 
    "user_id" : NumberInt(90041083)
}
{ 
    "_id" : ObjectId("5ac78ec7cc9d407e74656155"), 
    "user_id" : NumberLong(3139010332)
}
{ 
    "_id" : ObjectId("5ac78ec7cc9d407e74656156"), 
    "user_id" : NumberLong(3230034343)
}
{ 
    "_id" : ObjectId("5ac78ec7cc9d407e74656157"), 
    "user_id" : NumberInt(547115315)
}
{ 
    "_id" : ObjectId("5ac78ec7cc9d407e74656158"), 
    "user_id" : NumberLong(956572021797736448)
}
{ 
    "_id" : ObjectId("5ac78ec7cc9d407e74656159"), 
    "user_id" : NumberLong(847893820847120386)
}
{ 
    "_id" : ObjectId("5ac78ec7cc9d407e7465615a"), 
    "user_id" : NumberLong(2680745350)
}
{ 
    "_id" : ObjectId("5ac78ec7cc9d407e7465615b"), 
    "user_id" : NumberInt(1166584584)
}
{ 
    "_id" : ObjectId("5ac78ec7cc9d407e7465615c"), 
    "user_id" : NumberInt(1380673002)
}
{ 
    "_id" : ObjectId("5ac78ec7cc9d407e7465615d"), 
    "user_id" : NumberLong(2887894428)
}
{ 
    "_id" : ObjectId("5ac78ec7cc9d407e7465615e"), 
    "user_id" : NumberInt(1881311606)
}
{ 
    "_id" : ObjectId("5ac78ec7cc9d407e7465615f"), 
    "user_id" : NumberLong(2788694156)
}
{ 
    "_id" : ObjectId("5ac78ec7cc9d407e74656160"), 
    "user_id" : NumberLong(831764023226093569)
}
{ 
    "_id" : ObjectId("5ac78ec7cc9d407e74656161"), 
    "user_id" : NumberInt(1720742047)
}
{ 
    "_id" : ObjectId("5ac78ec7cc9d407e74656162"), 
    "user_id" : NumberInt(312165785)
}
{ 
    "_id" : ObjectId("5ac78ec7cc9d407e74656163"), 
    "user_id" : NumberLong(2817969529)
}
{ 
    "_id" : ObjectId("5ac78ec7cc9d407e74656164"), 
    "user_id" : NumberLong(3401588205)
}
{ 
    "_id" : ObjectId("5ac78ec7cc9d407e74656165"), 
    "user_id" : NumberInt(37738735)
}
{ 
    "_id" : ObjectId("5ac78ec7cc9d407e74656166"), 
    "user_id" : NumberLong(4854230865)
}
{ 
    "_id" : ObjectId("5ac78ec7cc9d407e74656167"), 
    "user_id" : NumberLong(2729562861)
}
{ 
    "_id" : ObjectId("5ac78ec7cc9d407e74656168"), 
    "user_id" : NumberInt(96476048)
}
{ 
    "_id" : ObjectId("5ac78ec7cc9d407e74656169"), 
    "user_id" : NumberLong(2650217781)
}
{ 
    "_id" : ObjectId("5ac78ec7cc9d407e7465616a"), 
    "user_id" : NumberLong(2464970104)
}
{ 
    "_id" : ObjectId("5ac78ec7cc9d407e7465616b"), 
    "user_id" : NumberInt(503822759)
}
{ 
    "_id" : ObjectId("5ac78ec7cc9d407e7465616c"), 
    "user_id" : NumberInt(901542954)
}
{ 
    "_id" : ObjectId("5ac78ec7cc9d407e7465616d"), 
    "user_id" : NumberLong(3304758603)
}
{ 
    "_id" : ObjectId("5ac78ec7cc9d407e7465616e"), 
    "user_id" : NumberInt(1664279562)
}
{ 
    "_id" : ObjectId("5ac78ec7cc9d407e7465616f"), 
    "user_id" : NumberLong(2525178902)
}
{ 
    "_id" : ObjectId("5ac78ec7cc9d407e74656170"), 
    "user_id" : NumberLong(2955750066)
}
{ 
    "_id" : ObjectId("5ac78ec7cc9d407e74656171"), 
    "user_id" : NumberLong(793892879756394497)
}
{ 
    "_id" : ObjectId("5ac78ec7cc9d407e74656172"), 
    "user_id" : NumberInt(1324936398)
}
{ 
    "_id" : ObjectId("5ac78ec7cc9d407e74656173"), 
    "user_id" : NumberInt(326423523)
}
{ 
    "_id" : ObjectId("5ac78ec7cc9d407e74656174"), 
    "user_id" : NumberLong(832064658999648256)
}
{ 
    "_id" : ObjectId("5ac78ec7cc9d407e74656175"), 
    "user_id" : NumberInt(254251745)
}
{ 
    "_id" : ObjectId("5ac78ec7cc9d407e74656176"), 
    "user_id" : NumberLong(918573751855280128)
}
{ 
    "_id" : ObjectId("5ac78ec7cc9d407e74656177"), 
    "user_id" : NumberInt(43877726)
}
{ 
    "_id" : ObjectId("5ac78ec7cc9d407e74656178"), 
    "user_id" : NumberInt(1724099354)
}
{ 
    "_id" : ObjectId("5ac78ec7cc9d407e74656179"), 
    "user_id" : NumberInt(277749870)
}
{ 
    "_id" : ObjectId("5ac78ec7cc9d407e7465617a"), 
    "user_id" : NumberLong(3055552677)
}
{ 
    "_id" : ObjectId("5ac78ec7cc9d407e7465617b"), 
    "user_id" : NumberLong(938181663103881217)
}
{ 
    "_id" : ObjectId("5ac78ec7cc9d407e7465617c"), 
    "user_id" : NumberLong(3164458717)
}
{ 
    "_id" : ObjectId("5ac78ec7cc9d407e7465617d"), 
    "user_id" : NumberInt(264914917)
}
{ 
    "_id" : ObjectId("5ac78ec7cc9d407e7465617e"), 
    "user_id" : NumberInt(33094659)
}
{ 
    "_id" : ObjectId("5ac78ec7cc9d407e7465617f"), 
    "user_id" : NumberLong(2852351174)
}
{ 
    "_id" : ObjectId("5ac78ec7cc9d407e74656180"), 
    "user_id" : NumberInt(1050921961)
}
{ 
    "_id" : ObjectId("5ac78ec7cc9d407e74656181"), 
    "user_id" : NumberInt(230620219)
}
{ 
    "_id" : ObjectId("5ac78ec7cc9d407e74656182"), 
    "user_id" : NumberLong(2893277528)
}
{ 
    "_id" : ObjectId("5ac78ec7cc9d407e74656183"), 
    "user_id" : NumberInt(777156552)
}
{ 
    "_id" : ObjectId("5ac78ec7cc9d407e74656184"), 
    "user_id" : NumberLong(972303714663854080)
}
{ 
    "_id" : ObjectId("5ac78ec7cc9d407e74656185"), 
    "user_id" : NumberLong(746266611393265665)
}
{ 
    "_id" : ObjectId("5ac78ec7cc9d407e74656186"), 
    "user_id" : NumberLong(3689254695)
}
{ 
    "_id" : ObjectId("5ac78ec7cc9d407e74656187"), 
    "user_id" : NumberInt(1578410864)
}
{ 
    "_id" : ObjectId("5ac78ec7cc9d407e74656188"), 
    "user_id" : NumberLong(4520262442)
}
{ 
    "_id" : ObjectId("5ac78ec7cc9d407e74656189"), 
    "user_id" : NumberInt(561060812)
}
{ 
    "_id" : ObjectId("5ac78ec7cc9d407e7465618a"), 
    "user_id" : NumberLong(773234372648599553)
}
{ 
    "_id" : ObjectId("5ac78ec7cc9d407e7465618b"), 
    "user_id" : NumberInt(22555632)
}
{ 
    "_id" : ObjectId("5ac78ec7cc9d407e7465618c"), 
    "user_id" : NumberLong(4758938439)
}
{ 
    "_id" : ObjectId("5ac78ec7cc9d407e7465618d"), 
    "user_id" : NumberLong(2575665937)
}
{ 
    "_id" : ObjectId("5ac78ec7cc9d407e7465618e"), 
    "user_id" : NumberInt(705928143)
}
{ 
    "_id" : ObjectId("5ac78ec7cc9d407e7465618f"), 
    "user_id" : NumberLong(966133298643849217)
}
{ 
    "_id" : ObjectId("5ac78ec7cc9d407e74656190"), 
    "user_id" : NumberInt(1366944648)
}
{ 
    "_id" : ObjectId("5ac78ec7cc9d407e74656191"), 
    "user_id" : NumberInt(634898785)
}
{ 
    "_id" : ObjectId("5ac78ec7cc9d407e74656192"), 
    "user_id" : NumberInt(36159702)
}
{ 
    "_id" : ObjectId("5ac78ec7cc9d407e74656193"), 
    "user_id" : NumberLong(2986511057)
}
{ 
    "_id" : ObjectId("5ac78ec7cc9d407e74656194"), 
    "user_id" : NumberLong(2288913881)
}
{ 
    "_id" : ObjectId("5ac78ec7cc9d407e74656195"), 
    "user_id" : NumberLong(970433578344570880)
}
{ 
    "_id" : ObjectId("5ac78ec7cc9d407e74656196"), 
    "user_id" : NumberLong(793522002048856064)
}
{ 
    "_id" : ObjectId("5ac78ec7cc9d407e74656197"), 
    "user_id" : NumberLong(4107749002)
}
{ 
    "_id" : ObjectId("5ac78ec7cc9d407e74656198"), 
    "user_id" : NumberLong(3147063797)
}
{ 
    "_id" : ObjectId("5ac78ec7cc9d407e74656199"), 
    "user_id" : NumberLong(2655150241)
}
{ 
    "_id" : ObjectId("5ac78ec7cc9d407e7465619a"), 
    "user_id" : NumberLong(2503792760)
}
{ 
    "_id" : ObjectId("5ac78ec7cc9d407e7465619b"), 
    "user_id" : NumberInt(16114611)
}
{ 
    "_id" : ObjectId("5ac78ec7cc9d407e7465619c"), 
    "user_id" : NumberLong(2338692300)
}
{ 
    "_id" : ObjectId("5ac78ec7cc9d407e7465619d"), 
    "user_id" : NumberInt(259917510)
}
{ 
    "_id" : ObjectId("5ac78ec7cc9d407e7465619e"), 
    "user_id" : NumberLong(3291994236)
}
{ 
    "_id" : ObjectId("5ac78ec7cc9d407e7465619f"), 
    "user_id" : NumberInt(541319564)
}
{ 
    "_id" : ObjectId("5ac78ec7cc9d407e746561a0"), 
    "user_id" : NumberLong(4688066479)
}
{ 
    "_id" : ObjectId("5ac78ec7cc9d407e746561a1"), 
    "user_id" : NumberLong(3343237287)
}
{ 
    "_id" : ObjectId("5ac78ec7cc9d407e746561a2"), 
    "user_id" : NumberLong(974333625910071296)
}
{ 
    "_id" : ObjectId("5ac78ec7cc9d407e746561a3"), 
    "user_id" : NumberLong(4881009860)
}
{ 
    "_id" : ObjectId("5ac78ec7cc9d407e746561a4"), 
    "user_id" : NumberLong(2359921019)
}
{ 
    "_id" : ObjectId("5ac78ec7cc9d407e746561a5"), 
    "user_id" : NumberLong(828632901323485184)
}
{ 
    "_id" : ObjectId("5ac78ec7cc9d407e746561a6"), 
    "user_id" : NumberLong(806233534478372873)
}
{ 
    "_id" : ObjectId("5ac78ec7cc9d407e746561a7"), 
    "user_id" : NumberInt(1694001636)
}
{ 
    "_id" : ObjectId("5ac78ec7cc9d407e746561a8"), 
    "user_id" : NumberLong(868236776959246336)
}
{ 
    "_id" : ObjectId("5ac78ec7cc9d407e746561a9"), 
    "user_id" : NumberLong(2298314418)
}
{ 
    "_id" : ObjectId("5ac78ec7cc9d407e746561aa"), 
    "user_id" : NumberLong(805486802496815104)
}
{ 
    "_id" : ObjectId("5ac78ec7cc9d407e746561ab"), 
    "user_id" : NumberInt(513459674)
}
{ 
    "_id" : ObjectId("5ac78ec7cc9d407e746561ac"), 
    "user_id" : NumberInt(89550387)
}
{ 
    "_id" : ObjectId("5ac78ec7cc9d407e746561ad"), 
    "user_id" : NumberLong(2991140656)
}
{ 
    "_id" : ObjectId("5ac78ec7cc9d407e746561ae"), 
    "user_id" : NumberLong(3107676897)
}
{ 
    "_id" : ObjectId("5ac78ec7cc9d407e746561af"), 
    "user_id" : NumberInt(863947118)
}
{ 
    "_id" : ObjectId("5ac78ec7cc9d407e746561b0"), 
    "user_id" : NumberLong(938215261999652864)
}
{ 
    "_id" : ObjectId("5ac78ec7cc9d407e746561b1"), 
    "user_id" : NumberInt(382953271)
}
{ 
    "_id" : ObjectId("5ac78ec7cc9d407e746561b2"), 
    "user_id" : NumberLong(3170514676)
}
{ 
    "_id" : ObjectId("5ac78ec7cc9d407e746561b3"), 
    "user_id" : NumberLong(2914664913)
}
{ 
    "_id" : ObjectId("5ac78ec7cc9d407e746561b4"), 
    "user_id" : NumberLong(950220411626770432)
}
{ 
    "_id" : ObjectId("5ac78ec7cc9d407e746561b5"), 
    "user_id" : NumberLong(3614334017)
}
{ 
    "_id" : ObjectId("5ac78ec7cc9d407e746561b6"), 
    "user_id" : NumberLong(2639575060)
}
{ 
    "_id" : ObjectId("5ac78ec7cc9d407e746561b7"), 
    "user_id" : NumberLong(955887614007152641)
}
{ 
    "_id" : ObjectId("5ac78ec7cc9d407e746561b8"), 
    "user_id" : NumberLong(709034058114801664)
}
{ 
    "_id" : ObjectId("5ac78ec7cc9d407e746561b9"), 
    "user_id" : NumberLong(3094675310)
}
{ 
    "_id" : ObjectId("5ac78ec7cc9d407e746561ba"), 
    "user_id" : NumberLong(2733006177)
}
{ 
    "_id" : ObjectId("5ac78ec7cc9d407e746561bb"), 
    "user_id" : NumberInt(229752323)
}
{ 
    "_id" : ObjectId("5ac78ec7cc9d407e746561bc"), 
    "user_id" : NumberLong(2605067343)
}
{ 
    "_id" : ObjectId("5ac78ec7cc9d407e746561bd"), 
    "user_id" : NumberLong(2433887896)
}
{ 
    "_id" : ObjectId("5ac78ec7cc9d407e746561be"), 
    "user_id" : NumberInt(710447400)
}
{ 
    "_id" : ObjectId("5ac78ec7cc9d407e746561bf"), 
    "user_id" : NumberInt(591427567)
}
{ 
    "_id" : ObjectId("5ac78ec7cc9d407e746561c0"), 
    "user_id" : NumberLong(2345699072)
}
{ 
    "_id" : ObjectId("5ac78ec7cc9d407e746561c1"), 
    "user_id" : NumberLong(769019559974170629)
}
{ 
    "_id" : ObjectId("5ac78ec7cc9d407e746561c2"), 
    "user_id" : NumberLong(951576001997410304)
}
{ 
    "_id" : ObjectId("5ac78ec7cc9d407e746561c3"), 
    "user_id" : NumberInt(316427265)
}
{ 
    "_id" : ObjectId("5ac78ec7cc9d407e746561c4"), 
    "user_id" : NumberLong(2542289830)
}
{ 
    "_id" : ObjectId("5ac78ec7cc9d407e746561c5"), 
    "user_id" : NumberLong(764200363037786116)
}
{ 
    "_id" : ObjectId("5ac78ec7cc9d407e746561c6"), 
    "user_id" : NumberInt(1681860445)
}
{ 
    "_id" : ObjectId("5ac78ec7cc9d407e746561c7"), 
    "user_id" : NumberInt(21452880)
}
