{ 
    "_id" : ObjectId("5ac7425bcc9d407e63186e04"), 
    "user_id_1" : NumberInt(576936821), 
    "user_id_2" : "759251", 
    "relationship" : false
}
{ 
    "_id" : ObjectId("5ac7425ccc9d407e63186e05"), 
    "user_id_1" : NumberLong(3185252980), 
    "user_id_2" : "759251", 
    "relationship" : false
}
{ 
    "_id" : ObjectId("5ac7425dcc9d407e63186e06"), 
    "user_id_1" : NumberInt(64243422), 
    "user_id_2" : "759251", 
    "relationship" : false
}
{ 
    "_id" : ObjectId("5ac7425dcc9d407e63186e07"), 
    "user_id_1" : NumberLong(3359282367), 
    "user_id_2" : "759251", 
    "relationship" : false
}
{ 
    "_id" : ObjectId("5ac7425ecc9d407e63186e08"), 
    "user_id_1" : NumberLong(959980289761067008), 
    "user_id_2" : "759251", 
    "relationship" : true
}
{ 
    "_id" : ObjectId("5ac7425fcc9d407e63186e09"), 
    "user_id_1" : NumberLong(2364021113), 
    "user_id_2" : "759251", 
    "relationship" : false
}
{ 
    "_id" : ObjectId("5ac7425fcc9d407e63186e0a"), 
    "user_id_1" : NumberInt(60127593), 
    "user_id_2" : "759251", 
    "relationship" : true
}
{ 
    "_id" : ObjectId("5ac74260cc9d407e63186e0b"), 
    "user_id_1" : NumberInt(930508928), 
    "user_id_2" : "759251", 
    "relationship" : false
}
{ 
    "_id" : ObjectId("5ac74260cc9d407e63186e0c"), 
    "user_id_1" : NumberInt(33450584), 
    "user_id_2" : "759251", 
    "relationship" : false
}
{ 
    "_id" : ObjectId("5ac74260cc9d407e63186e0d"), 
    "user_id_1" : NumberLong(3177120858), 
    "user_id_2" : "759251", 
    "relationship" : false
}
{ 
    "_id" : ObjectId("5ac74261cc9d407e63186e0e"), 
    "user_id_1" : NumberInt(1665783864), 
    "user_id_2" : "759251", 
    "relationship" : false
}
{ 
    "_id" : ObjectId("5ac74261cc9d407e63186e0f"), 
    "user_id_1" : NumberLong(2161250718), 
    "user_id_2" : "759251", 
    "relationship" : false
}
{ 
    "_id" : ObjectId("5ac74262cc9d407e63186e10"), 
    "user_id_1" : NumberLong(2366143536), 
    "user_id_2" : "759251", 
    "relationship" : false
}
{ 
    "_id" : ObjectId("5ac74262cc9d407e63186e11"), 
    "user_id_1" : NumberInt(553925902), 
    "user_id_2" : "759251", 
    "relationship" : false
}
{ 
    "_id" : ObjectId("5ac74263cc9d407e63186e12"), 
    "user_id_1" : NumberLong(2334400726), 
    "user_id_2" : "759251", 
    "relationship" : false
}
{ 
    "_id" : ObjectId("5ac74263cc9d407e63186e13"), 
    "user_id_1" : NumberLong(914219865342464001), 
    "user_id_2" : "759251", 
    "relationship" : false
}
{ 
    "_id" : ObjectId("5ac74264cc9d407e63186e14"), 
    "user_id_1" : NumberInt(251244682), 
    "user_id_2" : "759251", 
    "relationship" : false
}
{ 
    "_id" : ObjectId("5ac74264cc9d407e63186e15"), 
    "user_id_1" : NumberLong(945270984214323200), 
    "user_id_2" : "759251", 
    "relationship" : false
}
{ 
    "_id" : ObjectId("5ac74265cc9d407e63186e16"), 
    "user_id_1" : NumberInt(822282920), 
    "user_id_2" : "759251", 
    "relationship" : false
}
{ 
    "_id" : ObjectId("5ac74265cc9d407e63186e17"), 
    "user_id_1" : NumberInt(259806197), 
    "user_id_2" : "759251", 
    "relationship" : false
}
{ 
    "_id" : ObjectId("5ac74265cc9d407e63186e18"), 
    "user_id_1" : NumberInt(241046292), 
    "user_id_2" : "759251", 
    "relationship" : false
}
{ 
    "_id" : ObjectId("5ac74266cc9d407e63186e19"), 
    "user_id_1" : NumberInt(470750209), 
    "user_id_2" : "759251", 
    "relationship" : true
}
{ 
    "_id" : ObjectId("5ac74266cc9d407e63186e1a"), 
    "user_id_1" : NumberLong(758491134272253952), 
    "user_id_2" : "759251", 
    "relationship" : false
}
{ 
    "_id" : ObjectId("5ac74267cc9d407e63186e1b"), 
    "user_id_1" : NumberInt(278933481), 
    "user_id_2" : "759251", 
    "relationship" : false
}
{ 
    "_id" : ObjectId("5ac74267cc9d407e63186e1c"), 
    "user_id_1" : NumberInt(1948611690), 
    "user_id_2" : "759251", 
    "relationship" : false
}
{ 
    "_id" : ObjectId("5ac74268cc9d407e63186e1d"), 
    "user_id_1" : NumberInt(476187182), 
    "user_id_2" : "759251", 
    "relationship" : false
}
{ 
    "_id" : ObjectId("5ac74268cc9d407e63186e1e"), 
    "user_id_1" : NumberLong(784524056464850944), 
    "user_id_2" : "759251", 
    "relationship" : false
}
{ 
    "_id" : ObjectId("5ac74269cc9d407e63186e1f"), 
    "user_id_1" : NumberLong(897994588836810753), 
    "user_id_2" : "759251", 
    "relationship" : true
}
{ 
    "_id" : ObjectId("5ac74269cc9d407e63186e20"), 
    "user_id_1" : NumberLong(3920622312), 
    "user_id_2" : "759251", 
    "relationship" : false
}
{ 
    "_id" : ObjectId("5ac7426acc9d407e63186e21"), 
    "user_id_1" : NumberInt(67944955), 
    "user_id_2" : "759251", 
    "relationship" : false
}
{ 
    "_id" : ObjectId("5ac7426acc9d407e63186e22"), 
    "user_id_1" : NumberInt(16823214), 
    "user_id_2" : "759251", 
    "relationship" : false
}
{ 
    "_id" : ObjectId("5ac7426bcc9d407e63186e23"), 
    "user_id_1" : NumberLong(841832639807938560), 
    "user_id_2" : "759251", 
    "relationship" : false
}
{ 
    "_id" : ObjectId("5ac7426bcc9d407e63186e24"), 
    "user_id_1" : NumberInt(38327927), 
    "user_id_2" : "759251", 
    "relationship" : false
}
{ 
    "_id" : ObjectId("5ac7426ccc9d407e63186e25"), 
    "user_id_1" : NumberLong(942211833209016322), 
    "user_id_2" : "759251", 
    "relationship" : false
}
{ 
    "_id" : ObjectId("5ac7426ccc9d407e63186e26"), 
    "user_id_1" : NumberLong(2825701923), 
    "user_id_2" : "759251", 
    "relationship" : false
}
{ 
    "_id" : ObjectId("5ac7426dcc9d407e63186e27"), 
    "user_id_1" : NumberLong(796059007869919232), 
    "user_id_2" : "759251", 
    "relationship" : false
}
{ 
    "_id" : ObjectId("5ac7426dcc9d407e63186e28"), 
    "user_id_1" : NumberInt(829789842), 
    "user_id_2" : "759251", 
    "relationship" : false
}
{ 
    "_id" : ObjectId("5ac7426ecc9d407e63186e29"), 
    "user_id_1" : NumberLong(895614033964826625), 
    "user_id_2" : "759251", 
    "relationship" : false
}
{ 
    "_id" : ObjectId("5ac7426ecc9d407e63186e2a"), 
    "user_id_1" : NumberLong(786205333949669376), 
    "user_id_2" : "759251", 
    "relationship" : false
}
{ 
    "_id" : ObjectId("5ac7426ecc9d407e63186e2b"), 
    "user_id_1" : NumberLong(705933050220253184), 
    "user_id_2" : "759251", 
    "relationship" : false
}
{ 
    "_id" : ObjectId("5ac7426fcc9d407e63186e2c"), 
    "user_id_1" : NumberLong(939929495745818624), 
    "user_id_2" : "759251", 
    "relationship" : false
}
{ 
    "_id" : ObjectId("5ac7426fcc9d407e63186e2d"), 
    "user_id_1" : NumberLong(4585225213), 
    "user_id_2" : "759251", 
    "relationship" : true
}
{ 
    "_id" : ObjectId("5ac74270cc9d407e63186e2e"), 
    "user_id_1" : NumberInt(409476055), 
    "user_id_2" : "759251", 
    "relationship" : false
}
{ 
    "_id" : ObjectId("5ac74270cc9d407e63186e2f"), 
    "user_id_1" : NumberLong(3289620003), 
    "user_id_2" : "759251", 
    "relationship" : false
}
{ 
    "_id" : ObjectId("5ac74271cc9d407e63186e30"), 
    "user_id_1" : NumberInt(28709775), 
    "user_id_2" : "759251", 
    "relationship" : true
}
{ 
    "_id" : ObjectId("5ac74271cc9d407e63186e31"), 
    "user_id_1" : NumberInt(90041083), 
    "user_id_2" : "759251", 
    "relationship" : false
}
{ 
    "_id" : ObjectId("5ac74272cc9d407e63186e32"), 
    "user_id_1" : NumberLong(3139010332), 
    "user_id_2" : "759251", 
    "relationship" : false
}
{ 
    "_id" : ObjectId("5ac74272cc9d407e63186e33"), 
    "user_id_1" : NumberLong(3230034343), 
    "user_id_2" : "759251", 
    "relationship" : false
}
{ 
    "_id" : ObjectId("5ac74272cc9d407e63186e34"), 
    "user_id_1" : NumberInt(547115315), 
    "user_id_2" : "759251", 
    "relationship" : false
}
{ 
    "_id" : ObjectId("5ac74273cc9d407e63186e35"), 
    "user_id_1" : NumberInt(26237787), 
    "user_id_2" : "759251", 
    "relationship" : true
}
{ 
    "_id" : ObjectId("5ac74273cc9d407e63186e36"), 
    "user_id_1" : NumberLong(956572021797736448), 
    "user_id_2" : "759251", 
    "relationship" : false
}
{ 
    "_id" : ObjectId("5ac74274cc9d407e63186e37"), 
    "user_id_1" : NumberLong(847893820847120386), 
    "user_id_2" : "759251", 
    "relationship" : false
}
{ 
    "_id" : ObjectId("5ac74274cc9d407e63186e38"), 
    "user_id_1" : NumberLong(2680745350), 
    "user_id_2" : "759251", 
    "relationship" : false
}
{ 
    "_id" : ObjectId("5ac74275cc9d407e63186e39"), 
    "user_id_1" : NumberInt(1166584584), 
    "user_id_2" : "759251", 
    "relationship" : false
}
{ 
    "_id" : ObjectId("5ac74275cc9d407e63186e3a"), 
    "user_id_1" : NumberInt(1380673002), 
    "user_id_2" : "759251", 
    "relationship" : false
}
{ 
    "_id" : ObjectId("5ac74276cc9d407e63186e3b"), 
    "user_id_1" : NumberLong(2887894428), 
    "user_id_2" : "759251", 
    "relationship" : false
}
{ 
    "_id" : ObjectId("5ac74276cc9d407e63186e3c"), 
    "user_id_1" : NumberInt(1881311606), 
    "user_id_2" : "759251", 
    "relationship" : false
}
{ 
    "_id" : ObjectId("5ac74276cc9d407e63186e3d"), 
    "user_id_1" : NumberLong(2788694156), 
    "user_id_2" : "759251", 
    "relationship" : false
}
{ 
    "_id" : ObjectId("5ac74277cc9d407e63186e3e"), 
    "user_id_1" : NumberLong(831764023226093569), 
    "user_id_2" : "759251", 
    "relationship" : false
}
{ 
    "_id" : ObjectId("5ac74277cc9d407e63186e3f"), 
    "user_id_1" : NumberInt(1720742047), 
    "user_id_2" : "759251", 
    "relationship" : false
}
{ 
    "_id" : ObjectId("5ac74278cc9d407e63186e40"), 
    "user_id_1" : NumberInt(312165785), 
    "user_id_2" : "759251", 
    "relationship" : false
}
{ 
    "_id" : ObjectId("5ac74288cc9d407e74655193"), 
    "user_id_1" : NumberLong(2817969529), 
    "user_id_2" : "759251", 
    "relationship" : false
}
{ 
    "_id" : ObjectId("5ac74289cc9d407e74655194"), 
    "user_id_1" : NumberLong(3401588205), 
    "user_id_2" : "759251", 
    "relationship" : false
}
{ 
    "_id" : ObjectId("5ac74289cc9d407e74655195"), 
    "user_id_1" : NumberInt(37738735), 
    "user_id_2" : "759251", 
    "relationship" : false
}
{ 
    "_id" : ObjectId("5ac7428acc9d407e74655196"), 
    "user_id_1" : NumberLong(4854230865), 
    "user_id_2" : "759251", 
    "relationship" : false
}
{ 
    "_id" : ObjectId("5ac7428acc9d407e74655197"), 
    "user_id_1" : NumberLong(2729562861), 
    "user_id_2" : "759251", 
    "relationship" : false
}
{ 
    "_id" : ObjectId("5ac7428bcc9d407e74655198"), 
    "user_id_1" : NumberInt(96476048), 
    "user_id_2" : "759251", 
    "relationship" : false
}
{ 
    "_id" : ObjectId("5ac7428bcc9d407e74655199"), 
    "user_id_1" : NumberLong(2650217781), 
    "user_id_2" : "759251", 
    "relationship" : false
}
{ 
    "_id" : ObjectId("5ac7428bcc9d407e7465519a"), 
    "user_id_1" : NumberLong(2464970104), 
    "user_id_2" : "759251", 
    "relationship" : false
}
{ 
    "_id" : ObjectId("5ac7428ccc9d407e7465519b"), 
    "user_id_1" : NumberInt(503822759), 
    "user_id_2" : "759251", 
    "relationship" : false
}
{ 
    "_id" : ObjectId("5ac7428ccc9d407e7465519c"), 
    "user_id_1" : NumberInt(901542954), 
    "user_id_2" : "759251", 
    "relationship" : false
}
{ 
    "_id" : ObjectId("5ac7428dcc9d407e7465519d"), 
    "user_id_1" : NumberLong(3304758603), 
    "user_id_2" : "759251", 
    "relationship" : false
}
{ 
    "_id" : ObjectId("5ac7428dcc9d407e7465519e"), 
    "user_id_1" : NumberInt(1664279562), 
    "user_id_2" : "759251", 
    "relationship" : false
}
{ 
    "_id" : ObjectId("5ac7428ecc9d407e7465519f"), 
    "user_id_1" : NumberLong(2525178902), 
    "user_id_2" : "759251", 
    "relationship" : false
}
{ 
    "_id" : ObjectId("5ac7428ecc9d407e746551a0"), 
    "user_id_1" : NumberLong(2840716984), 
    "user_id_2" : "759251", 
    "relationship" : true
}
{ 
    "_id" : ObjectId("5ac7428fcc9d407e746551a1"), 
    "user_id_1" : NumberLong(2955750066), 
    "user_id_2" : "759251", 
    "relationship" : false
}
{ 
    "_id" : ObjectId("5ac7428fcc9d407e746551a2"), 
    "user_id_1" : NumberLong(793892879756394497), 
    "user_id_2" : "759251", 
    "relationship" : false
}
{ 
    "_id" : ObjectId("5ac74290cc9d407e746551a3"), 
    "user_id_1" : NumberInt(1324936398), 
    "user_id_2" : "759251", 
    "relationship" : false
}
{ 
    "_id" : ObjectId("5ac74290cc9d407e746551a4"), 
    "user_id_1" : NumberInt(326423523), 
    "user_id_2" : "759251", 
    "relationship" : false
}
{ 
    "_id" : ObjectId("5ac74291cc9d407e746551a5"), 
    "user_id_1" : NumberLong(832064658999648256), 
    "user_id_2" : "759251", 
    "relationship" : false
}
{ 
    "_id" : ObjectId("5ac74291cc9d407e746551a6"), 
    "user_id_1" : NumberInt(254251745), 
    "user_id_2" : "759251", 
    "relationship" : false
}
{ 
    "_id" : ObjectId("5ac74292cc9d407e746551a7"), 
    "user_id_1" : NumberLong(918573751855280128), 
    "user_id_2" : "759251", 
    "relationship" : false
}
{ 
    "_id" : ObjectId("5ac74292cc9d407e746551a8"), 
    "user_id_1" : NumberInt(43877726), 
    "user_id_2" : "759251", 
    "relationship" : false
}
{ 
    "_id" : ObjectId("5ac74293cc9d407e746551a9"), 
    "user_id_1" : NumberInt(1724099354), 
    "user_id_2" : "759251", 
    "relationship" : false
}
{ 
    "_id" : ObjectId("5ac74293cc9d407e746551aa"), 
    "user_id_1" : NumberInt(223708368), 
    "user_id_2" : "759251", 
    "relationship" : true
}
{ 
    "_id" : ObjectId("5ac74293cc9d407e746551ab"), 
    "user_id_1" : NumberLong(950694064336318465), 
    "user_id_2" : "759251", 
    "relationship" : true
}
{ 
    "_id" : ObjectId("5ac74294cc9d407e746551ac"), 
    "user_id_1" : NumberInt(277749870), 
    "user_id_2" : "759251", 
    "relationship" : false
}
{ 
    "_id" : ObjectId("5ac74294cc9d407e746551ad"), 
    "user_id_1" : NumberLong(3055552677), 
    "user_id_2" : "759251", 
    "relationship" : false
}
{ 
    "_id" : ObjectId("5ac74295cc9d407e746551ae"), 
    "user_id_1" : NumberLong(938181663103881217), 
    "user_id_2" : "759251", 
    "relationship" : false
}
{ 
    "_id" : ObjectId("5ac74295cc9d407e746551af"), 
    "user_id_1" : NumberLong(3164458717), 
    "user_id_2" : "759251", 
    "relationship" : false
}
{ 
    "_id" : ObjectId("5ac74296cc9d407e746551b0"), 
    "user_id_1" : NumberInt(264914917), 
    "user_id_2" : "759251", 
    "relationship" : false
}
{ 
    "_id" : ObjectId("5ac74296cc9d407e746551b1"), 
    "user_id_1" : NumberInt(33094659), 
    "user_id_2" : "759251", 
    "relationship" : false
}
{ 
    "_id" : ObjectId("5ac74296cc9d407e746551b2"), 
    "user_id_1" : NumberLong(2852351174), 
    "user_id_2" : "759251", 
    "relationship" : false
}
{ 
    "_id" : ObjectId("5ac74297cc9d407e746551b3"), 
    "user_id_1" : NumberInt(1050921961), 
    "user_id_2" : "759251", 
    "relationship" : false
}
{ 
    "_id" : ObjectId("5ac74297cc9d407e746551b4"), 
    "user_id_1" : NumberInt(230620219), 
    "user_id_2" : "759251", 
    "relationship" : false
}
{ 
    "_id" : ObjectId("5ac74298cc9d407e746551b5"), 
    "user_id_1" : NumberLong(2893277528), 
    "user_id_2" : "759251", 
    "relationship" : false
}
{ 
    "_id" : ObjectId("5ac74298cc9d407e746551b6"), 
    "user_id_1" : NumberInt(364113731), 
    "user_id_2" : "759251", 
    "relationship" : true
}
{ 
    "_id" : ObjectId("5ac74299cc9d407e746551b7"), 
    "user_id_1" : NumberInt(777156552), 
    "user_id_2" : "759251", 
    "relationship" : false
}
{ 
    "_id" : ObjectId("5ac74299cc9d407e746551b8"), 
    "user_id_1" : NumberLong(972303714663854080), 
    "user_id_2" : "759251", 
    "relationship" : false
}
{ 
    "_id" : ObjectId("5ac7429acc9d407e746551b9"), 
    "user_id_1" : NumberLong(746266611393265665), 
    "user_id_2" : "759251", 
    "relationship" : false
}
{ 
    "_id" : ObjectId("5ac7429acc9d407e746551ba"), 
    "user_id_1" : NumberLong(3689254695), 
    "user_id_2" : "759251", 
    "relationship" : false
}
{ 
    "_id" : ObjectId("5ac7429bcc9d407e746551bb"), 
    "user_id_1" : NumberInt(1578410864), 
    "user_id_2" : "759251", 
    "relationship" : false
}
{ 
    "_id" : ObjectId("5ac7429bcc9d407e746551bc"), 
    "user_id_1" : NumberLong(4520262442), 
    "user_id_2" : "759251", 
    "relationship" : false
}
{ 
    "_id" : ObjectId("5ac7429ccc9d407e746551bd"), 
    "user_id_1" : NumberInt(561060812), 
    "user_id_2" : "759251", 
    "relationship" : false
}
{ 
    "_id" : ObjectId("5ac7429ccc9d407e746551be"), 
    "user_id_1" : NumberLong(773234372648599553), 
    "user_id_2" : "759251", 
    "relationship" : false
}
{ 
    "_id" : ObjectId("5ac7429ccc9d407e746551bf"), 
    "user_id_1" : NumberInt(22555632), 
    "user_id_2" : "759251", 
    "relationship" : false
}
{ 
    "_id" : ObjectId("5ac7429dcc9d407e746551c0"), 
    "user_id_1" : NumberLong(4758938439), 
    "user_id_2" : "759251", 
    "relationship" : false
}
{ 
    "_id" : ObjectId("5ac7429dcc9d407e746551c1"), 
    "user_id_1" : NumberInt(98709611), 
    "user_id_2" : "759251", 
    "relationship" : true
}
{ 
    "_id" : ObjectId("5ac7429ecc9d407e746551c2"), 
    "user_id_1" : NumberLong(2575665937), 
    "user_id_2" : "759251", 
    "relationship" : false
}
{ 
    "_id" : ObjectId("5ac7443fcc9d407e746551c3"), 
    "user_id_1" : NumberInt(705928143), 
    "user_id_2" : "759251", 
    "relationship" : false
}
{ 
    "_id" : ObjectId("5ac74440cc9d407e746551c4"), 
    "user_id_1" : NumberLong(966133298643849217), 
    "user_id_2" : "759251", 
    "relationship" : false
}
{ 
    "_id" : ObjectId("5ac74441cc9d407e746551c5"), 
    "user_id_1" : NumberLong(2757827799), 
    "user_id_2" : "759251", 
    "relationship" : true
}
{ 
    "_id" : ObjectId("5ac74441cc9d407e746551c6"), 
    "user_id_1" : NumberInt(37641681), 
    "user_id_2" : "759251", 
    "relationship" : true
}
{ 
    "_id" : ObjectId("5ac74442cc9d407e746551c7"), 
    "user_id_1" : NumberInt(1366944648), 
    "user_id_2" : "759251", 
    "relationship" : false
}
{ 
    "_id" : ObjectId("5ac74442cc9d407e746551c8"), 
    "user_id_1" : NumberInt(634898785), 
    "user_id_2" : "759251", 
    "relationship" : false
}
{ 
    "_id" : ObjectId("5ac74443cc9d407e746551c9"), 
    "user_id_1" : NumberInt(36159702), 
    "user_id_2" : "759251", 
    "relationship" : false
}
{ 
    "_id" : ObjectId("5ac74443cc9d407e746551ca"), 
    "user_id_1" : NumberLong(2986511057), 
    "user_id_2" : "759251", 
    "relationship" : false
}
{ 
    "_id" : ObjectId("5ac74443cc9d407e746551cb"), 
    "user_id_1" : NumberLong(2288913881), 
    "user_id_2" : "759251", 
    "relationship" : false
}
{ 
    "_id" : ObjectId("5ac74444cc9d407e746551cc"), 
    "user_id_1" : NumberLong(970433578344570880), 
    "user_id_2" : "759251", 
    "relationship" : false
}
{ 
    "_id" : ObjectId("5ac74444cc9d407e746551cd"), 
    "user_id_1" : NumberLong(793522002048856064), 
    "user_id_2" : "759251", 
    "relationship" : false
}
{ 
    "_id" : ObjectId("5ac74445cc9d407e746551ce"), 
    "user_id_1" : NumberLong(4107749002), 
    "user_id_2" : "759251", 
    "relationship" : false
}
{ 
    "_id" : ObjectId("5ac74445cc9d407e746551cf"), 
    "user_id_1" : NumberLong(3147063797), 
    "user_id_2" : "759251", 
    "relationship" : false
}
{ 
    "_id" : ObjectId("5ac74446cc9d407e746551d0"), 
    "user_id_1" : NumberLong(2183406984), 
    "user_id_2" : "759251", 
    "relationship" : true
}
{ 
    "_id" : ObjectId("5ac74446cc9d407e746551d1"), 
    "user_id_1" : NumberLong(2655150241), 
    "user_id_2" : "759251", 
    "relationship" : false
}
{ 
    "_id" : ObjectId("5ac74447cc9d407e746551d2"), 
    "user_id_1" : NumberLong(2503792760), 
    "user_id_2" : "759251", 
    "relationship" : false
}
{ 
    "_id" : ObjectId("5ac74447cc9d407e746551d3"), 
    "user_id_1" : NumberInt(16114611), 
    "user_id_2" : "759251", 
    "relationship" : false
}
{ 
    "_id" : ObjectId("5ac74447cc9d407e746551d4"), 
    "user_id_1" : NumberLong(2999022118), 
    "user_id_2" : "759251", 
    "relationship" : true
}
{ 
    "_id" : ObjectId("5ac74448cc9d407e746551d5"), 
    "user_id_1" : NumberLong(2338692300), 
    "user_id_2" : "759251", 
    "relationship" : false
}
{ 
    "_id" : ObjectId("5ac74449cc9d407e746551d6"), 
    "user_id_1" : NumberLong(747791989966409728), 
    "user_id_2" : "759251", 
    "relationship" : true
}
{ 
    "_id" : ObjectId("5ac74449cc9d407e746551d7"), 
    "user_id_1" : NumberLong(2639347026), 
    "user_id_2" : "759251", 
    "relationship" : true
}
{ 
    "_id" : ObjectId("5ac7444acc9d407e746551d8"), 
    "user_id_1" : NumberInt(259917510), 
    "user_id_2" : "759251", 
    "relationship" : false
}
{ 
    "_id" : ObjectId("5ac7444acc9d407e746551d9"), 
    "user_id_1" : NumberLong(3291994236), 
    "user_id_2" : "759251", 
    "relationship" : false
}
{ 
    "_id" : ObjectId("5ac7444bcc9d407e746551da"), 
    "user_id_1" : NumberInt(541319564), 
    "user_id_2" : "759251", 
    "relationship" : false
}
{ 
    "_id" : ObjectId("5ac7444bcc9d407e746551db"), 
    "user_id_1" : NumberLong(4688066479), 
    "user_id_2" : "759251", 
    "relationship" : false
}
{ 
    "_id" : ObjectId("5ac7444bcc9d407e746551dc"), 
    "user_id_1" : NumberLong(3343237287), 
    "user_id_2" : "759251", 
    "relationship" : false
}
{ 
    "_id" : ObjectId("5ac7444ccc9d407e746551dd"), 
    "user_id_1" : NumberLong(974333625910071296), 
    "user_id_2" : "759251", 
    "relationship" : false
}
{ 
    "_id" : ObjectId("5ac7444ccc9d407e746551de"), 
    "user_id_1" : NumberLong(4881009860), 
    "user_id_2" : "759251", 
    "relationship" : false
}
{ 
    "_id" : ObjectId("5ac7444dcc9d407e746551df"), 
    "user_id_1" : NumberLong(2359921019), 
    "user_id_2" : "759251", 
    "relationship" : false
}
{ 
    "_id" : ObjectId("5ac7444dcc9d407e746551e0"), 
    "user_id_1" : NumberLong(828632901323485184), 
    "user_id_2" : "759251", 
    "relationship" : false
}
{ 
    "_id" : ObjectId("5ac7444ecc9d407e746551e1"), 
    "user_id_1" : NumberInt(20710575), 
    "user_id_2" : "759251", 
    "relationship" : true
}
{ 
    "_id" : ObjectId("5ac7444ecc9d407e746551e2"), 
    "user_id_1" : NumberInt(853087476), 
    "user_id_2" : "759251", 
    "relationship" : true
}
{ 
    "_id" : ObjectId("5ac7444fcc9d407e746551e3"), 
    "user_id_1" : NumberLong(806233534478372873), 
    "user_id_2" : "759251", 
    "relationship" : false
}
{ 
    "_id" : ObjectId("5ac7444fcc9d407e746551e4"), 
    "user_id_1" : NumberInt(1694001636), 
    "user_id_2" : "759251", 
    "relationship" : false
}
{ 
    "_id" : ObjectId("5ac74450cc9d407e746551e5"), 
    "user_id_1" : NumberLong(868236776959246336), 
    "user_id_2" : "759251", 
    "relationship" : false
}
{ 
    "_id" : ObjectId("5ac74450cc9d407e746551e6"), 
    "user_id_1" : NumberLong(2298314418), 
    "user_id_2" : "759251", 
    "relationship" : false
}
{ 
    "_id" : ObjectId("5ac74451cc9d407e746551e7"), 
    "user_id_1" : NumberLong(805486802496815104), 
    "user_id_2" : "759251", 
    "relationship" : false
}
{ 
    "_id" : ObjectId("5ac74451cc9d407e746551e8"), 
    "user_id_1" : NumberInt(513459674), 
    "user_id_2" : "759251", 
    "relationship" : false
}
{ 
    "_id" : ObjectId("5ac74452cc9d407e746551e9"), 
    "user_id_1" : NumberInt(89550387), 
    "user_id_2" : "759251", 
    "relationship" : false
}
{ 
    "_id" : ObjectId("5ac74452cc9d407e746551ea"), 
    "user_id_1" : NumberLong(2991140656), 
    "user_id_2" : "759251", 
    "relationship" : false
}
{ 
    "_id" : ObjectId("5ac74452cc9d407e746551eb"), 
    "user_id_1" : NumberLong(3107676897), 
    "user_id_2" : "759251", 
    "relationship" : false
}
{ 
    "_id" : ObjectId("5ac74453cc9d407e746551ec"), 
    "user_id_1" : NumberInt(863947118), 
    "user_id_2" : "759251", 
    "relationship" : false
}
{ 
    "_id" : ObjectId("5ac74453cc9d407e746551ed"), 
    "user_id_1" : NumberLong(938215261999652864), 
    "user_id_2" : "759251", 
    "relationship" : false
}
{ 
    "_id" : ObjectId("5ac74454cc9d407e746551ee"), 
    "user_id_1" : NumberInt(382953271), 
    "user_id_2" : "759251", 
    "relationship" : false
}
{ 
    "_id" : ObjectId("5ac74454cc9d407e746551ef"), 
    "user_id_1" : NumberLong(3170514676), 
    "user_id_2" : "759251", 
    "relationship" : false
}
{ 
    "_id" : ObjectId("5ac74455cc9d407e746551f0"), 
    "user_id_1" : NumberLong(2914664913), 
    "user_id_2" : "759251", 
    "relationship" : false
}
{ 
    "_id" : ObjectId("5ac74455cc9d407e746551f1"), 
    "user_id_1" : NumberInt(19447674), 
    "user_id_2" : "759251", 
    "relationship" : true
}
{ 
    "_id" : ObjectId("5ac74456cc9d407e746551f2"), 
    "user_id_1" : NumberLong(950220411626770432), 
    "user_id_2" : "759251", 
    "relationship" : false
}
{ 
    "_id" : ObjectId("5ac74456cc9d407e746551f3"), 
    "user_id_1" : NumberLong(3614334017), 
    "user_id_2" : "759251", 
    "relationship" : false
}
{ 
    "_id" : ObjectId("5ac74457cc9d407e746551f4"), 
    "user_id_1" : NumberLong(2639575060), 
    "user_id_2" : "759251", 
    "relationship" : false
}
{ 
    "_id" : ObjectId("5ac74457cc9d407e746551f5"), 
    "user_id_1" : NumberLong(955887614007152641), 
    "user_id_2" : "759251", 
    "relationship" : false
}
{ 
    "_id" : ObjectId("5ac74458cc9d407e746551f6"), 
    "user_id_1" : NumberLong(709034058114801664), 
    "user_id_2" : "759251", 
    "relationship" : false
}
{ 
    "_id" : ObjectId("5ac74458cc9d407e746551f7"), 
    "user_id_1" : NumberLong(3094675310), 
    "user_id_2" : "759251", 
    "relationship" : false
}
{ 
    "_id" : ObjectId("5ac74458cc9d407e746551f8"), 
    "user_id_1" : NumberLong(2733006177), 
    "user_id_2" : "759251", 
    "relationship" : false
}
{ 
    "_id" : ObjectId("5ac74459cc9d407e746551f9"), 
    "user_id_1" : NumberInt(229752323), 
    "user_id_2" : "759251", 
    "relationship" : false
}
{ 
    "_id" : ObjectId("5ac74459cc9d407e746551fa"), 
    "user_id_1" : NumberLong(2605067343), 
    "user_id_2" : "759251", 
    "relationship" : false
}
{ 
    "_id" : ObjectId("5ac7445acc9d407e746551fb"), 
    "user_id_1" : NumberLong(2433887896), 
    "user_id_2" : "759251", 
    "relationship" : false
}
{ 
    "_id" : ObjectId("5ac7445acc9d407e746551fc"), 
    "user_id_1" : NumberLong(796838577636306945), 
    "user_id_2" : "759251", 
    "relationship" : true
}
{ 
    "_id" : ObjectId("5ac7445bcc9d407e746551fd"), 
    "user_id_1" : NumberInt(710447400), 
    "user_id_2" : "759251", 
    "relationship" : false
}
{ 
    "_id" : ObjectId("5ac7445bcc9d407e746551fe"), 
    "user_id_1" : NumberInt(98086852), 
    "user_id_2" : "759251", 
    "relationship" : true
}
{ 
    "_id" : ObjectId("5ac7445bcc9d407e746551ff"), 
    "user_id_1" : NumberInt(382270727), 
    "user_id_2" : "759251", 
    "relationship" : true
}
{ 
    "_id" : ObjectId("5ac7445ccc9d407e74655200"), 
    "user_id_1" : NumberInt(591427567), 
    "user_id_2" : "759251", 
    "relationship" : false
}
{ 
    "_id" : ObjectId("5ac7445ccc9d407e74655201"), 
    "user_id_1" : NumberLong(2345699072), 
    "user_id_2" : "759251", 
    "relationship" : false
}
{ 
    "_id" : ObjectId("5ac7445dcc9d407e74655202"), 
    "user_id_1" : NumberLong(769019559974170629), 
    "user_id_2" : "759251", 
    "relationship" : false
}
{ 
    "_id" : ObjectId("5ac7445dcc9d407e74655203"), 
    "user_id_1" : NumberLong(951576001997410304), 
    "user_id_2" : "759251", 
    "relationship" : false
}
{ 
    "_id" : ObjectId("5ac7445ecc9d407e74655204"), 
    "user_id_1" : NumberInt(316427265), 
    "user_id_2" : "759251", 
    "relationship" : false
}
{ 
    "_id" : ObjectId("5ac7445ecc9d407e74655205"), 
    "user_id_1" : NumberLong(2542289830), 
    "user_id_2" : "759251", 
    "relationship" : false
}
{ 
    "_id" : ObjectId("5ac7445fcc9d407e74655206"), 
    "user_id_1" : NumberLong(764200363037786116), 
    "user_id_2" : "759251", 
    "relationship" : false
}
{ 
    "_id" : ObjectId("5ac7445fcc9d407e74655207"), 
    "user_id_1" : NumberInt(1681860445), 
    "user_id_2" : "759251", 
    "relationship" : false
}
{ 
    "_id" : ObjectId("5ac74460cc9d407e74655208"), 
    "user_id_1" : NumberInt(21452880), 
    "user_id_2" : "759251", 
    "relationship" : false
}
{ 
    "_id" : ObjectId("5ac74460cc9d407e74655209"), 
    "user_id_1" : NumberInt(244739056), 
    "user_id_2" : "759251", 
    "relationship" : true
}
