{ 
    "_id" : ObjectId("5ae74c2879f5af69fe37a4c4"), 
    "user_id_1" : "4905152464", 
    "user_id_2" : "1484114822", 
    "relationship" : false
}
{ 
    "_id" : ObjectId("5ae74c2879f5af69fe37a4c5"), 
    "user_id_1" : "4905152464", 
    "user_id_2" : "817350097977700357", 
    "relationship" : false
}
{ 
    "_id" : ObjectId("5ae74c2979f5af69fe37a4c6"), 
    "user_id_1" : "4905152464", 
    "user_id_2" : "835979229347053568", 
    "relationship" : false
}
{ 
    "_id" : ObjectId("5ae74c2a79f5af69fe37a4c7"), 
    "user_id_1" : "4905152464", 
    "user_id_2" : "822499298256494593", 
    "relationship" : false
}
{ 
    "_id" : ObjectId("5ae74c2b79f5af69fe37a4c8"), 
    "user_id_1" : "4905152464", 
    "user_id_2" : "705385295827447809", 
    "relationship" : false
}
{ 
    "_id" : ObjectId("5ae74c2b79f5af69fe37a4c9"), 
    "user_id_1" : "4905152464", 
    "user_id_2" : "950642414053502977", 
    "relationship" : false
}
{ 
    "_id" : ObjectId("5ae74c2c79f5af69fe37a4ca"), 
    "user_id_1" : "4905152464", 
    "user_id_2" : "1596757705", 
    "relationship" : false
}
{ 
    "_id" : ObjectId("5ae74c2d79f5af69fe37a4cb"), 
    "user_id_1" : "4905152464", 
    "user_id_2" : "2397154233", 
    "relationship" : false
}
{ 
    "_id" : ObjectId("5ae74c2d79f5af69fe37a4cc"), 
    "user_id_1" : "4905152464", 
    "user_id_2" : "817499882273538050", 
    "relationship" : false
}
{ 
    "_id" : ObjectId("5ae74c2e79f5af69fe37a4cd"), 
    "user_id_1" : "4905152464", 
    "user_id_2" : "962839322562125824", 
    "relationship" : false
}
{ 
    "_id" : ObjectId("5ae74c2f79f5af69fe37a4ce"), 
    "user_id_1" : "4905152464", 
    "user_id_2" : "3105663561", 
    "relationship" : false
}
{ 
    "_id" : ObjectId("5ae74c2f79f5af69fe37a4cf"), 
    "user_id_1" : "4905152464", 
    "user_id_2" : "3541038918", 
    "relationship" : false
}
{ 
    "_id" : ObjectId("5ae74c3079f5af69fe37a4d0"), 
    "user_id_1" : "4905152464", 
    "user_id_2" : "1447035235", 
    "relationship" : false
}
{ 
    "_id" : ObjectId("5ae74c3179f5af69fe37a4d1"), 
    "user_id_1" : "4905152464", 
    "user_id_2" : "2324061404", 
    "relationship" : false
}
{ 
    "_id" : ObjectId("5ae74c3179f5af69fe37a4d2"), 
    "user_id_1" : "4905152464", 
    "user_id_2" : "828799822354341888", 
    "relationship" : false
}
{ 
    "_id" : ObjectId("5ae74c3279f5af69fe37a4d3"), 
    "user_id_1" : "4905152464", 
    "user_id_2" : "874426908", 
    "relationship" : false
}
{ 
    "_id" : ObjectId("5ae74c3379f5af69fe37a4d4"), 
    "user_id_1" : "4905152464", 
    "user_id_2" : "858115032898469888", 
    "relationship" : false
}
{ 
    "_id" : ObjectId("5ae74c3479f5af69fe37a4d5"), 
    "user_id_1" : "3161139356", 
    "user_id_2" : "1484114822", 
    "relationship" : false
}
{ 
    "_id" : ObjectId("5ae74c3479f5af69fe37a4d6"), 
    "user_id_1" : "3161139356", 
    "user_id_2" : "817350097977700357", 
    "relationship" : false
}
{ 
    "_id" : ObjectId("5ae74c3579f5af69fe37a4d7"), 
    "user_id_1" : "3161139356", 
    "user_id_2" : "835979229347053568", 
    "relationship" : false
}
{ 
    "_id" : ObjectId("5ae74c3679f5af69fe37a4d8"), 
    "user_id_1" : "3161139356", 
    "user_id_2" : "822499298256494593", 
    "relationship" : false
}
{ 
    "_id" : ObjectId("5ae74c3779f5af69fe37a4d9"), 
    "user_id_1" : "3161139356", 
    "user_id_2" : "705385295827447809", 
    "relationship" : false
}
{ 
    "_id" : ObjectId("5ae74c3779f5af69fe37a4da"), 
    "user_id_1" : "3161139356", 
    "user_id_2" : "950642414053502977", 
    "relationship" : false
}
{ 
    "_id" : ObjectId("5ae74c3879f5af69fe37a4db"), 
    "user_id_1" : "3161139356", 
    "user_id_2" : "1596757705", 
    "relationship" : false
}
{ 
    "_id" : ObjectId("5ae74c3979f5af69fe37a4dc"), 
    "user_id_1" : "3161139356", 
    "user_id_2" : "2397154233", 
    "relationship" : false
}
{ 
    "_id" : ObjectId("5ae74c3a79f5af69fe37a4dd"), 
    "user_id_1" : "3161139356", 
    "user_id_2" : "817499882273538050", 
    "relationship" : false
}
{ 
    "_id" : ObjectId("5ae74c3a79f5af69fe37a4de"), 
    "user_id_1" : "3161139356", 
    "user_id_2" : "962839322562125824", 
    "relationship" : false
}
{ 
    "_id" : ObjectId("5ae74c3b79f5af69fe37a4df"), 
    "user_id_1" : "3161139356", 
    "user_id_2" : "3105663561", 
    "relationship" : false
}
{ 
    "_id" : ObjectId("5ae74c3b79f5af69fe37a4e0"), 
    "user_id_1" : "3161139356", 
    "user_id_2" : "3541038918", 
    "relationship" : false
}
{ 
    "_id" : ObjectId("5ae74c3c79f5af69fe37a4e1"), 
    "user_id_1" : "3161139356", 
    "user_id_2" : "1447035235", 
    "relationship" : false
}
{ 
    "_id" : ObjectId("5ae74c3d79f5af69fe37a4e2"), 
    "user_id_1" : "3161139356", 
    "user_id_2" : "2324061404", 
    "relationship" : false
}
{ 
    "_id" : ObjectId("5ae74c3d79f5af69fe37a4e3"), 
    "user_id_1" : "3161139356", 
    "user_id_2" : "828799822354341888", 
    "relationship" : false
}
{ 
    "_id" : ObjectId("5ae74c3f79f5af69fe37a4e4"), 
    "user_id_1" : "3161139356", 
    "user_id_2" : "874426908", 
    "relationship" : false
}
{ 
    "_id" : ObjectId("5ae74c4079f5af69fe37a4e5"), 
    "user_id_1" : "3161139356", 
    "user_id_2" : "858115032898469888", 
    "relationship" : false
}
{ 
    "_id" : ObjectId("5ae74c4079f5af69fe37a4e6"), 
    "user_id_1" : "4858582215", 
    "user_id_2" : "1484114822", 
    "relationship" : false
}
{ 
    "_id" : ObjectId("5ae74c4179f5af69fe37a4e7"), 
    "user_id_1" : "4858582215", 
    "user_id_2" : "817350097977700357", 
    "relationship" : false
}
{ 
    "_id" : ObjectId("5ae74c4279f5af69fe37a4e8"), 
    "user_id_1" : "4858582215", 
    "user_id_2" : "835979229347053568", 
    "relationship" : false
}
{ 
    "_id" : ObjectId("5ae74c4579f5af69fe37a4e9"), 
    "user_id_1" : "4858582215", 
    "user_id_2" : "822499298256494593", 
    "relationship" : false
}
{ 
    "_id" : ObjectId("5ae74c4679f5af69fe37a4ea"), 
    "user_id_1" : "4858582215", 
    "user_id_2" : "705385295827447809", 
    "relationship" : false
}
{ 
    "_id" : ObjectId("5ae74c4779f5af69fe37a4eb"), 
    "user_id_1" : "4858582215", 
    "user_id_2" : "950642414053502977", 
    "relationship" : false
}
{ 
    "_id" : ObjectId("5ae74c4879f5af69fe37a4ec"), 
    "user_id_1" : "4858582215", 
    "user_id_2" : "1596757705", 
    "relationship" : false
}
{ 
    "_id" : ObjectId("5ae74c4979f5af69fe37a4ed"), 
    "user_id_1" : "4858582215", 
    "user_id_2" : "2397154233", 
    "relationship" : false
}
{ 
    "_id" : ObjectId("5ae74c4979f5af69fe37a4ee"), 
    "user_id_1" : "4858582215", 
    "user_id_2" : "817499882273538050", 
    "relationship" : false
}
{ 
    "_id" : ObjectId("5ae74c4a79f5af69fe37a4ef"), 
    "user_id_1" : "4858582215", 
    "user_id_2" : "962839322562125824", 
    "relationship" : false
}
{ 
    "_id" : ObjectId("5ae74c4b79f5af69fe37a4f0"), 
    "user_id_1" : "4858582215", 
    "user_id_2" : "3105663561", 
    "relationship" : false
}
{ 
    "_id" : ObjectId("5ae74c4b79f5af69fe37a4f1"), 
    "user_id_1" : "4858582215", 
    "user_id_2" : "3541038918", 
    "relationship" : false
}
{ 
    "_id" : ObjectId("5ae74c5179f5af69fe37a4f2"), 
    "user_id_1" : "4858582215", 
    "user_id_2" : "1447035235", 
    "relationship" : false
}
{ 
    "_id" : ObjectId("5ae74c5279f5af69fe37a4f3"), 
    "user_id_1" : "4858582215", 
    "user_id_2" : "2324061404", 
    "relationship" : false
}
{ 
    "_id" : ObjectId("5ae74c5479f5af69fe37a4f4"), 
    "user_id_1" : "4858582215", 
    "user_id_2" : "828799822354341888", 
    "relationship" : false
}
{ 
    "_id" : ObjectId("5ae74c5579f5af69fe37a4f5"), 
    "user_id_1" : "4858582215", 
    "user_id_2" : "874426908", 
    "relationship" : false
}
{ 
    "_id" : ObjectId("5ae74c5579f5af69fe37a4f6"), 
    "user_id_1" : "4858582215", 
    "user_id_2" : "858115032898469888", 
    "relationship" : false
}
{ 
    "_id" : ObjectId("5ae74c5679f5af69fe37a4f7"), 
    "user_id_1" : "1570544736", 
    "user_id_2" : "1484114822", 
    "relationship" : false
}
{ 
    "_id" : ObjectId("5ae74c5779f5af69fe37a4f8"), 
    "user_id_1" : "1570544736", 
    "user_id_2" : "817350097977700357", 
    "relationship" : false
}
{ 
    "_id" : ObjectId("5ae74c5779f5af69fe37a4f9"), 
    "user_id_1" : "1570544736", 
    "user_id_2" : "835979229347053568", 
    "relationship" : false
}
{ 
    "_id" : ObjectId("5ae74c5879f5af69fe37a4fa"), 
    "user_id_1" : "1570544736", 
    "user_id_2" : "822499298256494593", 
    "relationship" : false
}
{ 
    "_id" : ObjectId("5ae74c5979f5af69fe37a4fb"), 
    "user_id_1" : "1570544736", 
    "user_id_2" : "705385295827447809", 
    "relationship" : false
}
{ 
    "_id" : ObjectId("5ae74c5979f5af69fe37a4fc"), 
    "user_id_1" : "1570544736", 
    "user_id_2" : "950642414053502977", 
    "relationship" : false
}
{ 
    "_id" : ObjectId("5ae74c5a79f5af69fe37a4fd"), 
    "user_id_1" : "1570544736", 
    "user_id_2" : "1596757705", 
    "relationship" : false
}
{ 
    "_id" : ObjectId("5ae74c5b79f5af69fe37a4fe"), 
    "user_id_1" : "1570544736", 
    "user_id_2" : "2397154233", 
    "relationship" : false
}
{ 
    "_id" : ObjectId("5ae74c5b79f5af69fe37a4ff"), 
    "user_id_1" : "1570544736", 
    "user_id_2" : "817499882273538050", 
    "relationship" : false
}
{ 
    "_id" : ObjectId("5ae74c5c79f5af69fe37a500"), 
    "user_id_1" : "1570544736", 
    "user_id_2" : "962839322562125824", 
    "relationship" : false
}
{ 
    "_id" : ObjectId("5ae74c5d79f5af69fe37a501"), 
    "user_id_1" : "1570544736", 
    "user_id_2" : "3105663561", 
    "relationship" : false
}
{ 
    "_id" : ObjectId("5ae74c5e79f5af69fe37a502"), 
    "user_id_1" : "1570544736", 
    "user_id_2" : "3541038918", 
    "relationship" : false
}
{ 
    "_id" : ObjectId("5ae74c5e79f5af69fe37a503"), 
    "user_id_1" : "1570544736", 
    "user_id_2" : "1447035235", 
    "relationship" : false
}
{ 
    "_id" : ObjectId("5ae74c5f79f5af69fe37a504"), 
    "user_id_1" : "1570544736", 
    "user_id_2" : "2324061404", 
    "relationship" : false
}
{ 
    "_id" : ObjectId("5ae74c6079f5af69fe37a505"), 
    "user_id_1" : "1570544736", 
    "user_id_2" : "828799822354341888", 
    "relationship" : false
}
{ 
    "_id" : ObjectId("5ae74c6179f5af69fe37a506"), 
    "user_id_1" : "1570544736", 
    "user_id_2" : "874426908", 
    "relationship" : false
}
{ 
    "_id" : ObjectId("5ae74c6379f5af69fe37a507"), 
    "user_id_1" : "1570544736", 
    "user_id_2" : "858115032898469888", 
    "relationship" : false
}
{ 
    "_id" : ObjectId("5ae74c6579f5af69fe37a508"), 
    "user_id_1" : "3078716009", 
    "user_id_2" : "1484114822", 
    "relationship" : false
}
{ 
    "_id" : ObjectId("5ae74c6779f5af69fe37a509"), 
    "user_id_1" : "3078716009", 
    "user_id_2" : "817350097977700357", 
    "relationship" : false
}
{ 
    "_id" : ObjectId("5ae74c6879f5af69fe37a50a"), 
    "user_id_1" : "3078716009", 
    "user_id_2" : "835979229347053568", 
    "relationship" : false
}
{ 
    "_id" : ObjectId("5ae74c6979f5af69fe37a50b"), 
    "user_id_1" : "3078716009", 
    "user_id_2" : "822499298256494593", 
    "relationship" : false
}
{ 
    "_id" : ObjectId("5ae74c6c79f5af69fe37a50c"), 
    "user_id_1" : "3078716009", 
    "user_id_2" : "705385295827447809", 
    "relationship" : false
}
{ 
    "_id" : ObjectId("5ae74c6d79f5af69fe37a50d"), 
    "user_id_1" : "3078716009", 
    "user_id_2" : "950642414053502977", 
    "relationship" : false
}
{ 
    "_id" : ObjectId("5ae74c6e79f5af69fe37a50e"), 
    "user_id_1" : "3078716009", 
    "user_id_2" : "1596757705", 
    "relationship" : false
}
{ 
    "_id" : ObjectId("5ae74c6e79f5af69fe37a50f"), 
    "user_id_1" : "3078716009", 
    "user_id_2" : "2397154233", 
    "relationship" : false
}
{ 
    "_id" : ObjectId("5ae74c6f79f5af69fe37a510"), 
    "user_id_1" : "3078716009", 
    "user_id_2" : "817499882273538050", 
    "relationship" : false
}
{ 
    "_id" : ObjectId("5ae74f4179f5af69fe37a511"), 
    "user_id_1" : "3078716009", 
    "user_id_2" : "962839322562125824", 
    "relationship" : false
}
{ 
    "_id" : ObjectId("5ae74f4179f5af69fe37a512"), 
    "user_id_1" : "3078716009", 
    "user_id_2" : "3105663561", 
    "relationship" : false
}
{ 
    "_id" : ObjectId("5ae74f4279f5af69fe37a513"), 
    "user_id_1" : "3078716009", 
    "user_id_2" : "3541038918", 
    "relationship" : false
}
{ 
    "_id" : ObjectId("5ae74f4379f5af69fe37a514"), 
    "user_id_1" : "3078716009", 
    "user_id_2" : "1447035235", 
    "relationship" : false
}
{ 
    "_id" : ObjectId("5ae74f4479f5af69fe37a515"), 
    "user_id_1" : "3078716009", 
    "user_id_2" : "2324061404", 
    "relationship" : false
}
{ 
    "_id" : ObjectId("5ae74f4579f5af69fe37a516"), 
    "user_id_1" : "3078716009", 
    "user_id_2" : "828799822354341888", 
    "relationship" : false
}
{ 
    "_id" : ObjectId("5ae74f4579f5af69fe37a517"), 
    "user_id_1" : "3078716009", 
    "user_id_2" : "874426908", 
    "relationship" : false
}
{ 
    "_id" : ObjectId("5ae74f4679f5af69fe37a518"), 
    "user_id_1" : "3078716009", 
    "user_id_2" : "858115032898469888", 
    "relationship" : false
}
{ 
    "_id" : ObjectId("5ae74f4779f5af69fe37a519"), 
    "user_id_1" : "919147755758432256", 
    "user_id_2" : "1484114822", 
    "relationship" : false
}
{ 
    "_id" : ObjectId("5ae74f4879f5af69fe37a51a"), 
    "user_id_1" : "919147755758432256", 
    "user_id_2" : "817350097977700357", 
    "relationship" : false
}
{ 
    "_id" : ObjectId("5ae74f4879f5af69fe37a51b"), 
    "user_id_1" : "919147755758432256", 
    "user_id_2" : "835979229347053568", 
    "relationship" : false
}
{ 
    "_id" : ObjectId("5ae74f4979f5af69fe37a51c"), 
    "user_id_1" : "919147755758432256", 
    "user_id_2" : "822499298256494593", 
    "relationship" : false
}
{ 
    "_id" : ObjectId("5ae74f4a79f5af69fe37a51d"), 
    "user_id_1" : "919147755758432256", 
    "user_id_2" : "705385295827447809", 
    "relationship" : false
}
{ 
    "_id" : ObjectId("5ae74f4a79f5af69fe37a51e"), 
    "user_id_1" : "919147755758432256", 
    "user_id_2" : "950642414053502977", 
    "relationship" : false
}
{ 
    "_id" : ObjectId("5ae74f4b79f5af69fe37a51f"), 
    "user_id_1" : "919147755758432256", 
    "user_id_2" : "1596757705", 
    "relationship" : false
}
{ 
    "_id" : ObjectId("5ae74f4c79f5af69fe37a520"), 
    "user_id_1" : "919147755758432256", 
    "user_id_2" : "2397154233", 
    "relationship" : false
}
{ 
    "_id" : ObjectId("5ae74f4c79f5af69fe37a521"), 
    "user_id_1" : "919147755758432256", 
    "user_id_2" : "817499882273538050", 
    "relationship" : false
}
{ 
    "_id" : ObjectId("5ae74f4d79f5af69fe37a522"), 
    "user_id_1" : "919147755758432256", 
    "user_id_2" : "962839322562125824", 
    "relationship" : false
}
{ 
    "_id" : ObjectId("5ae74f4e79f5af69fe37a523"), 
    "user_id_1" : "919147755758432256", 
    "user_id_2" : "3105663561", 
    "relationship" : false
}
{ 
    "_id" : ObjectId("5ae74f4e79f5af69fe37a524"), 
    "user_id_1" : "919147755758432256", 
    "user_id_2" : "3541038918", 
    "relationship" : false
}
{ 
    "_id" : ObjectId("5ae74f4f79f5af69fe37a525"), 
    "user_id_1" : "919147755758432256", 
    "user_id_2" : "1447035235", 
    "relationship" : false
}
{ 
    "_id" : ObjectId("5ae74f5079f5af69fe37a526"), 
    "user_id_1" : "919147755758432256", 
    "user_id_2" : "2324061404", 
    "relationship" : false
}
{ 
    "_id" : ObjectId("5ae74f5079f5af69fe37a527"), 
    "user_id_1" : "919147755758432256", 
    "user_id_2" : "828799822354341888", 
    "relationship" : false
}
{ 
    "_id" : ObjectId("5ae74f5179f5af69fe37a528"), 
    "user_id_1" : "919147755758432256", 
    "user_id_2" : "874426908", 
    "relationship" : false
}
{ 
    "_id" : ObjectId("5ae74f5279f5af69fe37a529"), 
    "user_id_1" : "919147755758432256", 
    "user_id_2" : "858115032898469888", 
    "relationship" : false
}
{ 
    "_id" : ObjectId("5ae74f5379f5af69fe37a52a"), 
    "user_id_1" : "325064220", 
    "user_id_2" : "1484114822", 
    "relationship" : false
}
{ 
    "_id" : ObjectId("5ae74f5379f5af69fe37a52b"), 
    "user_id_1" : "325064220", 
    "user_id_2" : "817350097977700357", 
    "relationship" : false
}
{ 
    "_id" : ObjectId("5ae74f5479f5af69fe37a52c"), 
    "user_id_1" : "325064220", 
    "user_id_2" : "835979229347053568", 
    "relationship" : false
}
{ 
    "_id" : ObjectId("5ae74f5479f5af69fe37a52d"), 
    "user_id_1" : "325064220", 
    "user_id_2" : "822499298256494593", 
    "relationship" : false
}
{ 
    "_id" : ObjectId("5ae74f5579f5af69fe37a52e"), 
    "user_id_1" : "325064220", 
    "user_id_2" : "705385295827447809", 
    "relationship" : false
}
{ 
    "_id" : ObjectId("5ae74f5679f5af69fe37a52f"), 
    "user_id_1" : "325064220", 
    "user_id_2" : "950642414053502977", 
    "relationship" : false
}
{ 
    "_id" : ObjectId("5ae74f5779f5af69fe37a530"), 
    "user_id_1" : "325064220", 
    "user_id_2" : "1596757705", 
    "relationship" : false
}
{ 
    "_id" : ObjectId("5ae74f5879f5af69fe37a531"), 
    "user_id_1" : "325064220", 
    "user_id_2" : "2397154233", 
    "relationship" : false
}
{ 
    "_id" : ObjectId("5ae74f5879f5af69fe37a532"), 
    "user_id_1" : "325064220", 
    "user_id_2" : "817499882273538050", 
    "relationship" : false
}
{ 
    "_id" : ObjectId("5ae74f5979f5af69fe37a533"), 
    "user_id_1" : "325064220", 
    "user_id_2" : "962839322562125824", 
    "relationship" : false
}
{ 
    "_id" : ObjectId("5ae74f5979f5af69fe37a534"), 
    "user_id_1" : "325064220", 
    "user_id_2" : "3105663561", 
    "relationship" : false
}
{ 
    "_id" : ObjectId("5ae74f5a79f5af69fe37a535"), 
    "user_id_1" : "325064220", 
    "user_id_2" : "3541038918", 
    "relationship" : false
}
{ 
    "_id" : ObjectId("5ae74f5b79f5af69fe37a536"), 
    "user_id_1" : "325064220", 
    "user_id_2" : "1447035235", 
    "relationship" : false
}
{ 
    "_id" : ObjectId("5ae74f5c79f5af69fe37a537"), 
    "user_id_1" : "325064220", 
    "user_id_2" : "2324061404", 
    "relationship" : false
}
{ 
    "_id" : ObjectId("5ae74f5d79f5af69fe37a538"), 
    "user_id_1" : "325064220", 
    "user_id_2" : "828799822354341888", 
    "relationship" : false
}
{ 
    "_id" : ObjectId("5ae74f5d79f5af69fe37a539"), 
    "user_id_1" : "325064220", 
    "user_id_2" : "874426908", 
    "relationship" : false
}
{ 
    "_id" : ObjectId("5ae74f5e79f5af69fe37a53a"), 
    "user_id_1" : "325064220", 
    "user_id_2" : "858115032898469888", 
    "relationship" : false
}
{ 
    "_id" : ObjectId("5ae74f5f79f5af69fe37a53b"), 
    "user_id_1" : "488798443", 
    "user_id_2" : "1484114822", 
    "relationship" : false
}
{ 
    "_id" : ObjectId("5ae74f5f79f5af69fe37a53c"), 
    "user_id_1" : "488798443", 
    "user_id_2" : "817350097977700357", 
    "relationship" : false
}
{ 
    "_id" : ObjectId("5ae74f6079f5af69fe37a53d"), 
    "user_id_1" : "488798443", 
    "user_id_2" : "835979229347053568", 
    "relationship" : false
}
{ 
    "_id" : ObjectId("5ae74f6179f5af69fe37a53e"), 
    "user_id_1" : "488798443", 
    "user_id_2" : "822499298256494593", 
    "relationship" : false
}
{ 
    "_id" : ObjectId("5ae74f6179f5af69fe37a53f"), 
    "user_id_1" : "488798443", 
    "user_id_2" : "705385295827447809", 
    "relationship" : false
}
{ 
    "_id" : ObjectId("5ae74f6279f5af69fe37a540"), 
    "user_id_1" : "488798443", 
    "user_id_2" : "950642414053502977", 
    "relationship" : false
}
{ 
    "_id" : ObjectId("5ae74f6379f5af69fe37a541"), 
    "user_id_1" : "488798443", 
    "user_id_2" : "1596757705", 
    "relationship" : false
}
{ 
    "_id" : ObjectId("5ae74f6379f5af69fe37a542"), 
    "user_id_1" : "488798443", 
    "user_id_2" : "2397154233", 
    "relationship" : false
}
{ 
    "_id" : ObjectId("5ae74f6479f5af69fe37a543"), 
    "user_id_1" : "488798443", 
    "user_id_2" : "817499882273538050", 
    "relationship" : false
}
{ 
    "_id" : ObjectId("5ae74f6579f5af69fe37a544"), 
    "user_id_1" : "488798443", 
    "user_id_2" : "962839322562125824", 
    "relationship" : false
}
{ 
    "_id" : ObjectId("5ae74f6679f5af69fe37a545"), 
    "user_id_1" : "488798443", 
    "user_id_2" : "3105663561", 
    "relationship" : false
}
{ 
    "_id" : ObjectId("5ae74f6679f5af69fe37a546"), 
    "user_id_1" : "488798443", 
    "user_id_2" : "3541038918", 
    "relationship" : false
}
{ 
    "_id" : ObjectId("5ae74f6779f5af69fe37a547"), 
    "user_id_1" : "488798443", 
    "user_id_2" : "1447035235", 
    "relationship" : false
}
{ 
    "_id" : ObjectId("5ae74f6879f5af69fe37a548"), 
    "user_id_1" : "488798443", 
    "user_id_2" : "2324061404", 
    "relationship" : false
}
{ 
    "_id" : ObjectId("5ae74f6979f5af69fe37a549"), 
    "user_id_1" : "488798443", 
    "user_id_2" : "828799822354341888", 
    "relationship" : false
}
{ 
    "_id" : ObjectId("5ae74f6979f5af69fe37a54a"), 
    "user_id_1" : "488798443", 
    "user_id_2" : "874426908", 
    "relationship" : false
}
{ 
    "_id" : ObjectId("5ae74f6a79f5af69fe37a54b"), 
    "user_id_1" : "488798443", 
    "user_id_2" : "858115032898469888", 
    "relationship" : false
}
{ 
    "_id" : ObjectId("5ae74f6b79f5af69fe37a54c"), 
    "user_id_1" : "18111690", 
    "user_id_2" : "1484114822", 
    "relationship" : false
}
{ 
    "_id" : ObjectId("5ae74f6c79f5af69fe37a54d"), 
    "user_id_1" : "18111690", 
    "user_id_2" : "817350097977700357", 
    "relationship" : false
}
{ 
    "_id" : ObjectId("5ae74f6c79f5af69fe37a54e"), 
    "user_id_1" : "18111690", 
    "user_id_2" : "835979229347053568", 
    "relationship" : false
}
{ 
    "_id" : ObjectId("5ae74f6d79f5af69fe37a54f"), 
    "user_id_1" : "18111690", 
    "user_id_2" : "822499298256494593", 
    "relationship" : false
}
{ 
    "_id" : ObjectId("5ae74f6e79f5af69fe37a550"), 
    "user_id_1" : "18111690", 
    "user_id_2" : "705385295827447809", 
    "relationship" : false
}
{ 
    "_id" : ObjectId("5ae74f6f79f5af69fe37a551"), 
    "user_id_1" : "18111690", 
    "user_id_2" : "950642414053502977", 
    "relationship" : false
}
{ 
    "_id" : ObjectId("5ae74f7079f5af69fe37a552"), 
    "user_id_1" : "18111690", 
    "user_id_2" : "1596757705", 
    "relationship" : false
}
{ 
    "_id" : ObjectId("5ae74f7079f5af69fe37a553"), 
    "user_id_1" : "18111690", 
    "user_id_2" : "2397154233", 
    "relationship" : false
}
{ 
    "_id" : ObjectId("5ae74f7679f5af69fe37a554"), 
    "user_id_1" : "18111690", 
    "user_id_2" : "817499882273538050", 
    "relationship" : false
}
{ 
    "_id" : ObjectId("5ae74f7779f5af69fe37a555"), 
    "user_id_1" : "18111690", 
    "user_id_2" : "962839322562125824", 
    "relationship" : false
}
{ 
    "_id" : ObjectId("5ae74f7779f5af69fe37a556"), 
    "user_id_1" : "18111690", 
    "user_id_2" : "3105663561", 
    "relationship" : false
}
{ 
    "_id" : ObjectId("5ae74f7879f5af69fe37a557"), 
    "user_id_1" : "18111690", 
    "user_id_2" : "3541038918", 
    "relationship" : false
}
{ 
    "_id" : ObjectId("5ae74f7979f5af69fe37a558"), 
    "user_id_1" : "18111690", 
    "user_id_2" : "1447035235", 
    "relationship" : false
}
{ 
    "_id" : ObjectId("5ae74f7979f5af69fe37a559"), 
    "user_id_1" : "18111690", 
    "user_id_2" : "2324061404", 
    "relationship" : false
}
{ 
    "_id" : ObjectId("5ae74f7a79f5af69fe37a55a"), 
    "user_id_1" : "18111690", 
    "user_id_2" : "828799822354341888", 
    "relationship" : false
}
{ 
    "_id" : ObjectId("5ae74f7a79f5af69fe37a55b"), 
    "user_id_1" : "18111690", 
    "user_id_2" : "874426908", 
    "relationship" : false
}
{ 
    "_id" : ObjectId("5ae74f7b79f5af69fe37a55c"), 
    "user_id_1" : "18111690", 
    "user_id_2" : "858115032898469888", 
    "relationship" : false
}
{ 
    "_id" : ObjectId("5ae74f7c79f5af69fe37a55d"), 
    "user_id_1" : "897797426", 
    "user_id_2" : "1484114822", 
    "relationship" : false
}
{ 
    "_id" : ObjectId("5ae74f7c79f5af69fe37a55e"), 
    "user_id_1" : "897797426", 
    "user_id_2" : "817350097977700357", 
    "relationship" : false
}
{ 
    "_id" : ObjectId("5ae74f7d79f5af69fe37a55f"), 
    "user_id_1" : "897797426", 
    "user_id_2" : "835979229347053568", 
    "relationship" : false
}
{ 
    "_id" : ObjectId("5ae74f7e79f5af69fe37a560"), 
    "user_id_1" : "897797426", 
    "user_id_2" : "822499298256494593", 
    "relationship" : false
}
{ 
    "_id" : ObjectId("5ae74f7e79f5af69fe37a561"), 
    "user_id_1" : "897797426", 
    "user_id_2" : "705385295827447809", 
    "relationship" : false
}
{ 
    "_id" : ObjectId("5ae74f7f79f5af69fe37a562"), 
    "user_id_1" : "897797426", 
    "user_id_2" : "950642414053502977", 
    "relationship" : false
}
{ 
    "_id" : ObjectId("5ae74f8479f5af69fe37a563"), 
    "user_id_1" : "897797426", 
    "user_id_2" : "1596757705", 
    "relationship" : false
}
{ 
    "_id" : ObjectId("5ae74f8579f5af69fe37a564"), 
    "user_id_1" : "897797426", 
    "user_id_2" : "2397154233", 
    "relationship" : false
}
{ 
    "_id" : ObjectId("5ae74f8679f5af69fe37a565"), 
    "user_id_1" : "897797426", 
    "user_id_2" : "817499882273538050", 
    "relationship" : false
}
{ 
    "_id" : ObjectId("5ae74f8779f5af69fe37a566"), 
    "user_id_1" : "897797426", 
    "user_id_2" : "962839322562125824", 
    "relationship" : false
}
{ 
    "_id" : ObjectId("5ae74f8779f5af69fe37a567"), 
    "user_id_1" : "897797426", 
    "user_id_2" : "3105663561", 
    "relationship" : false
}
{ 
    "_id" : ObjectId("5ae74f8879f5af69fe37a568"), 
    "user_id_1" : "897797426", 
    "user_id_2" : "3541038918", 
    "relationship" : false
}
{ 
    "_id" : ObjectId("5ae74f8979f5af69fe37a569"), 
    "user_id_1" : "897797426", 
    "user_id_2" : "1447035235", 
    "relationship" : false
}
{ 
    "_id" : ObjectId("5ae74f8979f5af69fe37a56a"), 
    "user_id_1" : "897797426", 
    "user_id_2" : "2324061404", 
    "relationship" : false
}
{ 
    "_id" : ObjectId("5ae74f8a79f5af69fe37a56b"), 
    "user_id_1" : "897797426", 
    "user_id_2" : "828799822354341888", 
    "relationship" : false
}
{ 
    "_id" : ObjectId("5ae74f8b79f5af69fe37a56c"), 
    "user_id_1" : "897797426", 
    "user_id_2" : "874426908", 
    "relationship" : false
}
{ 
    "_id" : ObjectId("5ae74f8b79f5af69fe37a56d"), 
    "user_id_1" : "897797426", 
    "user_id_2" : "858115032898469888", 
    "relationship" : false
}
{ 
    "_id" : ObjectId("5ae74f8c79f5af69fe37a56e"), 
    "user_id_1" : "710903579247136768", 
    "user_id_2" : "1484114822", 
    "relationship" : false
}
{ 
    "_id" : ObjectId("5ae74f8c79f5af69fe37a56f"), 
    "user_id_1" : "710903579247136768", 
    "user_id_2" : "817350097977700357", 
    "relationship" : false
}
{ 
    "_id" : ObjectId("5ae74f8d79f5af69fe37a570"), 
    "user_id_1" : "710903579247136768", 
    "user_id_2" : "835979229347053568", 
    "relationship" : false
}
{ 
    "_id" : ObjectId("5ae74f8e79f5af69fe37a571"), 
    "user_id_1" : "710903579247136768", 
    "user_id_2" : "822499298256494593", 
    "relationship" : false
}
{ 
    "_id" : ObjectId("5ae74f8f79f5af69fe37a572"), 
    "user_id_1" : "710903579247136768", 
    "user_id_2" : "705385295827447809", 
    "relationship" : false
}
{ 
    "_id" : ObjectId("5ae74f8f79f5af69fe37a573"), 
    "user_id_1" : "710903579247136768", 
    "user_id_2" : "950642414053502977", 
    "relationship" : false
}
{ 
    "_id" : ObjectId("5ae74f9079f5af69fe37a574"), 
    "user_id_1" : "710903579247136768", 
    "user_id_2" : "1596757705", 
    "relationship" : false
}
{ 
    "_id" : ObjectId("5ae74f9179f5af69fe37a575"), 
    "user_id_1" : "710903579247136768", 
    "user_id_2" : "2397154233", 
    "relationship" : false
}
{ 
    "_id" : ObjectId("5ae74f9179f5af69fe37a576"), 
    "user_id_1" : "710903579247136768", 
    "user_id_2" : "817499882273538050", 
    "relationship" : false
}
{ 
    "_id" : ObjectId("5ae74f9279f5af69fe37a577"), 
    "user_id_1" : "710903579247136768", 
    "user_id_2" : "962839322562125824", 
    "relationship" : false
}
{ 
    "_id" : ObjectId("5ae74f9379f5af69fe37a578"), 
    "user_id_1" : "710903579247136768", 
    "user_id_2" : "3105663561", 
    "relationship" : false
}
{ 
    "_id" : ObjectId("5ae74f9379f5af69fe37a579"), 
    "user_id_1" : "710903579247136768", 
    "user_id_2" : "3541038918", 
    "relationship" : false
}
{ 
    "_id" : ObjectId("5ae74f9479f5af69fe37a57a"), 
    "user_id_1" : "710903579247136768", 
    "user_id_2" : "1447035235", 
    "relationship" : false
}
{ 
    "_id" : ObjectId("5ae74f9579f5af69fe37a57b"), 
    "user_id_1" : "710903579247136768", 
    "user_id_2" : "2324061404", 
    "relationship" : false
}
{ 
    "_id" : ObjectId("5ae74f9579f5af69fe37a57c"), 
    "user_id_1" : "710903579247136768", 
    "user_id_2" : "828799822354341888", 
    "relationship" : false
}
{ 
    "_id" : ObjectId("5ae74f9679f5af69fe37a57d"), 
    "user_id_1" : "710903579247136768", 
    "user_id_2" : "874426908", 
    "relationship" : false
}
{ 
    "_id" : ObjectId("5ae74f9779f5af69fe37a57e"), 
    "user_id_1" : "710903579247136768", 
    "user_id_2" : "858115032898469888", 
    "relationship" : false
}
{ 
    "_id" : ObjectId("5ae74f9779f5af69fe37a57f"), 
    "user_id_1" : "601481794", 
    "user_id_2" : "1484114822", 
    "relationship" : false
}
{ 
    "_id" : ObjectId("5ae74f9879f5af69fe37a580"), 
    "user_id_1" : "601481794", 
    "user_id_2" : "817350097977700357", 
    "relationship" : false
}
{ 
    "_id" : ObjectId("5ae74f9979f5af69fe37a581"), 
    "user_id_1" : "601481794", 
    "user_id_2" : "835979229347053568", 
    "relationship" : false
}
{ 
    "_id" : ObjectId("5ae74f9a79f5af69fe37a582"), 
    "user_id_1" : "601481794", 
    "user_id_2" : "822499298256494593", 
    "relationship" : false
}
{ 
    "_id" : ObjectId("5ae74f9a79f5af69fe37a583"), 
    "user_id_1" : "601481794", 
    "user_id_2" : "705385295827447809", 
    "relationship" : false
}
{ 
    "_id" : ObjectId("5ae74f9b79f5af69fe37a584"), 
    "user_id_1" : "601481794", 
    "user_id_2" : "950642414053502977", 
    "relationship" : false
}
{ 
    "_id" : ObjectId("5ae74f9b79f5af69fe37a585"), 
    "user_id_1" : "601481794", 
    "user_id_2" : "1596757705", 
    "relationship" : false
}
{ 
    "_id" : ObjectId("5ae74f9c79f5af69fe37a586"), 
    "user_id_1" : "601481794", 
    "user_id_2" : "2397154233", 
    "relationship" : false
}
{ 
    "_id" : ObjectId("5ae74f9d79f5af69fe37a587"), 
    "user_id_1" : "601481794", 
    "user_id_2" : "817499882273538050", 
    "relationship" : false
}
{ 
    "_id" : ObjectId("5ae74f9d79f5af69fe37a588"), 
    "user_id_1" : "601481794", 
    "user_id_2" : "962839322562125824", 
    "relationship" : false
}
{ 
    "_id" : ObjectId("5ae74f9e79f5af69fe37a589"), 
    "user_id_1" : "601481794", 
    "user_id_2" : "3105663561", 
    "relationship" : false
}
{ 
    "_id" : ObjectId("5ae74f9f79f5af69fe37a58a"), 
    "user_id_1" : "601481794", 
    "user_id_2" : "3541038918", 
    "relationship" : false
}
{ 
    "_id" : ObjectId("5ae74f9f79f5af69fe37a58b"), 
    "user_id_1" : "601481794", 
    "user_id_2" : "1447035235", 
    "relationship" : false
}
{ 
    "_id" : ObjectId("5ae74fa079f5af69fe37a58c"), 
    "user_id_1" : "601481794", 
    "user_id_2" : "2324061404", 
    "relationship" : false
}
{ 
    "_id" : ObjectId("5ae74fa179f5af69fe37a58d"), 
    "user_id_1" : "601481794", 
    "user_id_2" : "828799822354341888", 
    "relationship" : false
}
{ 
    "_id" : ObjectId("5ae74fa179f5af69fe37a58e"), 
    "user_id_1" : "601481794", 
    "user_id_2" : "874426908", 
    "relationship" : false
}
{ 
    "_id" : ObjectId("5ae74fa279f5af69fe37a58f"), 
    "user_id_1" : "601481794", 
    "user_id_2" : "858115032898469888", 
    "relationship" : false
}
{ 
    "_id" : ObjectId("5ae74fa379f5af69fe37a590"), 
    "user_id_1" : "861742447344275456", 
    "user_id_2" : "1484114822", 
    "relationship" : false
}
{ 
    "_id" : ObjectId("5ae74fa379f5af69fe37a591"), 
    "user_id_1" : "861742447344275456", 
    "user_id_2" : "817350097977700357", 
    "relationship" : false
}
{ 
    "_id" : ObjectId("5ae74fa479f5af69fe37a592"), 
    "user_id_1" : "861742447344275456", 
    "user_id_2" : "835979229347053568", 
    "relationship" : false
}
{ 
    "_id" : ObjectId("5ae74fa579f5af69fe37a593"), 
    "user_id_1" : "861742447344275456", 
    "user_id_2" : "822499298256494593", 
    "relationship" : false
}
{ 
    "_id" : ObjectId("5ae74fa579f5af69fe37a594"), 
    "user_id_1" : "861742447344275456", 
    "user_id_2" : "705385295827447809", 
    "relationship" : false
}
{ 
    "_id" : ObjectId("5ae74fa679f5af69fe37a595"), 
    "user_id_1" : "861742447344275456", 
    "user_id_2" : "950642414053502977", 
    "relationship" : false
}
{ 
    "_id" : ObjectId("5ae74fa779f5af69fe37a596"), 
    "user_id_1" : "861742447344275456", 
    "user_id_2" : "1596757705", 
    "relationship" : false
}
{ 
    "_id" : ObjectId("5ae74fa779f5af69fe37a597"), 
    "user_id_1" : "861742447344275456", 
    "user_id_2" : "2397154233", 
    "relationship" : false
}
{ 
    "_id" : ObjectId("5ae74fa879f5af69fe37a598"), 
    "user_id_1" : "861742447344275456", 
    "user_id_2" : "817499882273538050", 
    "relationship" : false
}
{ 
    "_id" : ObjectId("5ae74fa979f5af69fe37a599"), 
    "user_id_1" : "861742447344275456", 
    "user_id_2" : "962839322562125824", 
    "relationship" : false
}
{ 
    "_id" : ObjectId("5ae74fa979f5af69fe37a59a"), 
    "user_id_1" : "861742447344275456", 
    "user_id_2" : "3105663561", 
    "relationship" : false
}
{ 
    "_id" : ObjectId("5ae74faa79f5af69fe37a59b"), 
    "user_id_1" : "861742447344275456", 
    "user_id_2" : "3541038918", 
    "relationship" : false
}
{ 
    "_id" : ObjectId("5ae74fab79f5af69fe37a59c"), 
    "user_id_1" : "861742447344275456", 
    "user_id_2" : "1447035235", 
    "relationship" : false
}
{ 
    "_id" : ObjectId("5ae74fab79f5af69fe37a59d"), 
    "user_id_1" : "861742447344275456", 
    "user_id_2" : "2324061404", 
    "relationship" : false
}
{ 
    "_id" : ObjectId("5ae74fac79f5af69fe37a59e"), 
    "user_id_1" : "861742447344275456", 
    "user_id_2" : "828799822354341888", 
    "relationship" : false
}
{ 
    "_id" : ObjectId("5ae74fad79f5af69fe37a59f"), 
    "user_id_1" : "861742447344275456", 
    "user_id_2" : "874426908", 
    "relationship" : false
}
{ 
    "_id" : ObjectId("5ae74fad79f5af69fe37a5a0"), 
    "user_id_1" : "861742447344275456", 
    "user_id_2" : "858115032898469888", 
    "relationship" : false
}
{ 
    "_id" : ObjectId("5ae74fae79f5af69fe37a5a1"), 
    "user_id_1" : "827532419737800704", 
    "user_id_2" : "1484114822", 
    "relationship" : false
}
{ 
    "_id" : ObjectId("5ae74faf79f5af69fe37a5a2"), 
    "user_id_1" : "827532419737800704", 
    "user_id_2" : "817350097977700357", 
    "relationship" : false
}
{ 
    "_id" : ObjectId("5ae74faf79f5af69fe37a5a3"), 
    "user_id_1" : "827532419737800704", 
    "user_id_2" : "835979229347053568", 
    "relationship" : false
}
{ 
    "_id" : ObjectId("5ae74fb079f5af69fe37a5a4"), 
    "user_id_1" : "827532419737800704", 
    "user_id_2" : "822499298256494593", 
    "relationship" : false
}
{ 
    "_id" : ObjectId("5ae74fb179f5af69fe37a5a5"), 
    "user_id_1" : "827532419737800704", 
    "user_id_2" : "705385295827447809", 
    "relationship" : false
}
{ 
    "_id" : ObjectId("5ae74fb279f5af69fe37a5a6"), 
    "user_id_1" : "827532419737800704", 
    "user_id_2" : "950642414053502977", 
    "relationship" : false
}
{ 
    "_id" : ObjectId("5ae74fb279f5af69fe37a5a7"), 
    "user_id_1" : "827532419737800704", 
    "user_id_2" : "1596757705", 
    "relationship" : false
}
{ 
    "_id" : ObjectId("5ae74fb379f5af69fe37a5a8"), 
    "user_id_1" : "827532419737800704", 
    "user_id_2" : "2397154233", 
    "relationship" : false
}
{ 
    "_id" : ObjectId("5ae74fb479f5af69fe37a5a9"), 
    "user_id_1" : "827532419737800704", 
    "user_id_2" : "817499882273538050", 
    "relationship" : false
}
{ 
    "_id" : ObjectId("5ae74fb479f5af69fe37a5aa"), 
    "user_id_1" : "827532419737800704", 
    "user_id_2" : "962839322562125824", 
    "relationship" : false
}
{ 
    "_id" : ObjectId("5ae74fb579f5af69fe37a5ab"), 
    "user_id_1" : "827532419737800704", 
    "user_id_2" : "3105663561", 
    "relationship" : false
}
{ 
    "_id" : ObjectId("5ae74fb679f5af69fe37a5ac"), 
    "user_id_1" : "827532419737800704", 
    "user_id_2" : "3541038918", 
    "relationship" : false
}
{ 
    "_id" : ObjectId("5ae74fb779f5af69fe37a5ad"), 
    "user_id_1" : "827532419737800704", 
    "user_id_2" : "1447035235", 
    "relationship" : false
}
{ 
    "_id" : ObjectId("5ae74fb779f5af69fe37a5ae"), 
    "user_id_1" : "827532419737800704", 
    "user_id_2" : "2324061404", 
    "relationship" : false
}
{ 
    "_id" : ObjectId("5ae74fb879f5af69fe37a5af"), 
    "user_id_1" : "827532419737800704", 
    "user_id_2" : "828799822354341888", 
    "relationship" : false
}
{ 
    "_id" : ObjectId("5ae74fb879f5af69fe37a5b0"), 
    "user_id_1" : "827532419737800704", 
    "user_id_2" : "874426908", 
    "relationship" : false
}
{ 
    "_id" : ObjectId("5ae74fb979f5af69fe37a5b1"), 
    "user_id_1" : "827532419737800704", 
    "user_id_2" : "858115032898469888", 
    "relationship" : false
}
{ 
    "_id" : ObjectId("5ae74fba79f5af69fe37a5b2"), 
    "user_id_1" : "814729065542258688", 
    "user_id_2" : "1484114822", 
    "relationship" : false
}
{ 
    "_id" : ObjectId("5ae74fbb79f5af69fe37a5b3"), 
    "user_id_1" : "814729065542258688", 
    "user_id_2" : "817350097977700357", 
    "relationship" : false
}
{ 
    "_id" : ObjectId("5ae74fbb79f5af69fe37a5b4"), 
    "user_id_1" : "814729065542258688", 
    "user_id_2" : "835979229347053568", 
    "relationship" : false
}
{ 
    "_id" : ObjectId("5ae74fbc79f5af69fe37a5b5"), 
    "user_id_1" : "814729065542258688", 
    "user_id_2" : "822499298256494593", 
    "relationship" : false
}
{ 
    "_id" : ObjectId("5ae74fbd79f5af69fe37a5b6"), 
    "user_id_1" : "814729065542258688", 
    "user_id_2" : "705385295827447809", 
    "relationship" : false
}
{ 
    "_id" : ObjectId("5ae74fbd79f5af69fe37a5b7"), 
    "user_id_1" : "814729065542258688", 
    "user_id_2" : "950642414053502977", 
    "relationship" : false
}
{ 
    "_id" : ObjectId("5ae74fbe79f5af69fe37a5b8"), 
    "user_id_1" : "814729065542258688", 
    "user_id_2" : "1596757705", 
    "relationship" : false
}
{ 
    "_id" : ObjectId("5ae74fbf79f5af69fe37a5b9"), 
    "user_id_1" : "814729065542258688", 
    "user_id_2" : "2397154233", 
    "relationship" : false
}
{ 
    "_id" : ObjectId("5ae74fc079f5af69fe37a5ba"), 
    "user_id_1" : "814729065542258688", 
    "user_id_2" : "817499882273538050", 
    "relationship" : false
}
{ 
    "_id" : ObjectId("5ae74fc079f5af69fe37a5bb"), 
    "user_id_1" : "814729065542258688", 
    "user_id_2" : "962839322562125824", 
    "relationship" : false
}
{ 
    "_id" : ObjectId("5ae74fc179f5af69fe37a5bc"), 
    "user_id_1" : "814729065542258688", 
    "user_id_2" : "3105663561", 
    "relationship" : false
}
{ 
    "_id" : ObjectId("5ae74fc279f5af69fe37a5bd"), 
    "user_id_1" : "814729065542258688", 
    "user_id_2" : "3541038918", 
    "relationship" : false
}
{ 
    "_id" : ObjectId("5ae74fc279f5af69fe37a5be"), 
    "user_id_1" : "814729065542258688", 
    "user_id_2" : "1447035235", 
    "relationship" : false
}
{ 
    "_id" : ObjectId("5ae74fc379f5af69fe37a5bf"), 
    "user_id_1" : "814729065542258688", 
    "user_id_2" : "2324061404", 
    "relationship" : false
}
{ 
    "_id" : ObjectId("5ae74fc479f5af69fe37a5c0"), 
    "user_id_1" : "814729065542258688", 
    "user_id_2" : "828799822354341888", 
    "relationship" : false
}
{ 
    "_id" : ObjectId("5ae74fc479f5af69fe37a5c1"), 
    "user_id_1" : "814729065542258688", 
    "user_id_2" : "874426908", 
    "relationship" : false
}
{ 
    "_id" : ObjectId("5ae74fc579f5af69fe37a5c2"), 
    "user_id_1" : "814729065542258688", 
    "user_id_2" : "858115032898469888", 
    "relationship" : false
}
{ 
    "_id" : ObjectId("5ae74fc679f5af69fe37a5c3"), 
    "user_id_1" : "728479744769957892", 
    "user_id_2" : "1484114822", 
    "relationship" : false
}
{ 
    "_id" : ObjectId("5ae74fc679f5af69fe37a5c4"), 
    "user_id_1" : "728479744769957892", 
    "user_id_2" : "817350097977700357", 
    "relationship" : false
}
{ 
    "_id" : ObjectId("5ae752ca79f5af69fe37a5c5"), 
    "user_id_1" : "728479744769957892", 
    "user_id_2" : "835979229347053568", 
    "relationship" : false
}
{ 
    "_id" : ObjectId("5ae752cb79f5af69fe37a5c6"), 
    "user_id_1" : "728479744769957892", 
    "user_id_2" : "822499298256494593", 
    "relationship" : false
}
{ 
    "_id" : ObjectId("5ae752cc79f5af69fe37a5c7"), 
    "user_id_1" : "728479744769957892", 
    "user_id_2" : "705385295827447809", 
    "relationship" : false
}
{ 
    "_id" : ObjectId("5ae752cd79f5af69fe37a5c8"), 
    "user_id_1" : "728479744769957892", 
    "user_id_2" : "950642414053502977", 
    "relationship" : false
}
{ 
    "_id" : ObjectId("5ae752cd79f5af69fe37a5c9"), 
    "user_id_1" : "728479744769957892", 
    "user_id_2" : "1596757705", 
    "relationship" : false
}
{ 
    "_id" : ObjectId("5ae752ce79f5af69fe37a5ca"), 
    "user_id_1" : "728479744769957892", 
    "user_id_2" : "2397154233", 
    "relationship" : false
}
{ 
    "_id" : ObjectId("5ae752cf79f5af69fe37a5cb"), 
    "user_id_1" : "728479744769957892", 
    "user_id_2" : "817499882273538050", 
    "relationship" : false
}
{ 
    "_id" : ObjectId("5ae752cf79f5af69fe37a5cc"), 
    "user_id_1" : "728479744769957892", 
    "user_id_2" : "962839322562125824", 
    "relationship" : false
}
{ 
    "_id" : ObjectId("5ae752d079f5af69fe37a5cd"), 
    "user_id_1" : "728479744769957892", 
    "user_id_2" : "3105663561", 
    "relationship" : false
}
{ 
    "_id" : ObjectId("5ae752d079f5af69fe37a5ce"), 
    "user_id_1" : "728479744769957892", 
    "user_id_2" : "3541038918", 
    "relationship" : false
}
{ 
    "_id" : ObjectId("5ae752d179f5af69fe37a5cf"), 
    "user_id_1" : "728479744769957892", 
    "user_id_2" : "1447035235", 
    "relationship" : false
}
{ 
    "_id" : ObjectId("5ae752d279f5af69fe37a5d0"), 
    "user_id_1" : "728479744769957892", 
    "user_id_2" : "2324061404", 
    "relationship" : false
}
{ 
    "_id" : ObjectId("5ae752d279f5af69fe37a5d1"), 
    "user_id_1" : "728479744769957892", 
    "user_id_2" : "828799822354341888", 
    "relationship" : false
}
{ 
    "_id" : ObjectId("5ae752d379f5af69fe37a5d2"), 
    "user_id_1" : "728479744769957892", 
    "user_id_2" : "874426908", 
    "relationship" : false
}
{ 
    "_id" : ObjectId("5ae752d479f5af69fe37a5d3"), 
    "user_id_1" : "728479744769957892", 
    "user_id_2" : "858115032898469888", 
    "relationship" : false
}
{ 
    "_id" : ObjectId("5ae752d579f5af69fe37a5d4"), 
    "user_id_1" : "4093971808", 
    "user_id_2" : "1484114822", 
    "relationship" : false
}
{ 
    "_id" : ObjectId("5ae752d579f5af69fe37a5d5"), 
    "user_id_1" : "4093971808", 
    "user_id_2" : "817350097977700357", 
    "relationship" : false
}
{ 
    "_id" : ObjectId("5ae752d679f5af69fe37a5d6"), 
    "user_id_1" : "4093971808", 
    "user_id_2" : "835979229347053568", 
    "relationship" : false
}
{ 
    "_id" : ObjectId("5ae752d679f5af69fe37a5d7"), 
    "user_id_1" : "4093971808", 
    "user_id_2" : "822499298256494593", 
    "relationship" : false
}
{ 
    "_id" : ObjectId("5ae752d779f5af69fe37a5d8"), 
    "user_id_1" : "4093971808", 
    "user_id_2" : "705385295827447809", 
    "relationship" : false
}
{ 
    "_id" : ObjectId("5ae752d879f5af69fe37a5d9"), 
    "user_id_1" : "4093971808", 
    "user_id_2" : "950642414053502977", 
    "relationship" : false
}
{ 
    "_id" : ObjectId("5ae752d979f5af69fe37a5da"), 
    "user_id_1" : "4093971808", 
    "user_id_2" : "1596757705", 
    "relationship" : false
}
{ 
    "_id" : ObjectId("5ae752d979f5af69fe37a5db"), 
    "user_id_1" : "4093971808", 
    "user_id_2" : "2397154233", 
    "relationship" : false
}
{ 
    "_id" : ObjectId("5ae752da79f5af69fe37a5dc"), 
    "user_id_1" : "4093971808", 
    "user_id_2" : "817499882273538050", 
    "relationship" : false
}
{ 
    "_id" : ObjectId("5ae752da79f5af69fe37a5dd"), 
    "user_id_1" : "4093971808", 
    "user_id_2" : "962839322562125824", 
    "relationship" : false
}
{ 
    "_id" : ObjectId("5ae752db79f5af69fe37a5de"), 
    "user_id_1" : "4093971808", 
    "user_id_2" : "3105663561", 
    "relationship" : false
}
{ 
    "_id" : ObjectId("5ae752dc79f5af69fe37a5df"), 
    "user_id_1" : "4093971808", 
    "user_id_2" : "3541038918", 
    "relationship" : false
}
{ 
    "_id" : ObjectId("5ae752dc79f5af69fe37a5e0"), 
    "user_id_1" : "4093971808", 
    "user_id_2" : "1447035235", 
    "relationship" : false
}
{ 
    "_id" : ObjectId("5ae752dd79f5af69fe37a5e1"), 
    "user_id_1" : "4093971808", 
    "user_id_2" : "2324061404", 
    "relationship" : false
}
{ 
    "_id" : ObjectId("5ae752de79f5af69fe37a5e2"), 
    "user_id_1" : "4093971808", 
    "user_id_2" : "828799822354341888", 
    "relationship" : false
}
{ 
    "_id" : ObjectId("5ae752de79f5af69fe37a5e3"), 
    "user_id_1" : "4093971808", 
    "user_id_2" : "874426908", 
    "relationship" : false
}
{ 
    "_id" : ObjectId("5ae752df79f5af69fe37a5e4"), 
    "user_id_1" : "4093971808", 
    "user_id_2" : "858115032898469888", 
    "relationship" : false
}
{ 
    "_id" : ObjectId("5ae752e079f5af69fe37a5e5"), 
    "user_id_1" : "866828332565975040", 
    "user_id_2" : "1484114822", 
    "relationship" : false
}
{ 
    "_id" : ObjectId("5ae752e079f5af69fe37a5e6"), 
    "user_id_1" : "866828332565975040", 
    "user_id_2" : "817350097977700357", 
    "relationship" : false
}
{ 
    "_id" : ObjectId("5ae752e179f5af69fe37a5e7"), 
    "user_id_1" : "866828332565975040", 
    "user_id_2" : "835979229347053568", 
    "relationship" : false
}
{ 
    "_id" : ObjectId("5ae752e279f5af69fe37a5e8"), 
    "user_id_1" : "866828332565975040", 
    "user_id_2" : "822499298256494593", 
    "relationship" : false
}
{ 
    "_id" : ObjectId("5ae752e279f5af69fe37a5e9"), 
    "user_id_1" : "866828332565975040", 
    "user_id_2" : "705385295827447809", 
    "relationship" : false
}
{ 
    "_id" : ObjectId("5ae752e379f5af69fe37a5ea"), 
    "user_id_1" : "866828332565975040", 
    "user_id_2" : "950642414053502977", 
    "relationship" : false
}
{ 
    "_id" : ObjectId("5ae752e479f5af69fe37a5eb"), 
    "user_id_1" : "866828332565975040", 
    "user_id_2" : "1596757705", 
    "relationship" : false
}
{ 
    "_id" : ObjectId("5ae752e479f5af69fe37a5ec"), 
    "user_id_1" : "866828332565975040", 
    "user_id_2" : "2397154233", 
    "relationship" : false
}
{ 
    "_id" : ObjectId("5ae752e579f5af69fe37a5ed"), 
    "user_id_1" : "866828332565975040", 
    "user_id_2" : "817499882273538050", 
    "relationship" : false
}
{ 
    "_id" : ObjectId("5ae752e679f5af69fe37a5ee"), 
    "user_id_1" : "866828332565975040", 
    "user_id_2" : "962839322562125824", 
    "relationship" : false
}
{ 
    "_id" : ObjectId("5ae752e679f5af69fe37a5ef"), 
    "user_id_1" : "866828332565975040", 
    "user_id_2" : "3105663561", 
    "relationship" : false
}
{ 
    "_id" : ObjectId("5ae752e779f5af69fe37a5f0"), 
    "user_id_1" : "866828332565975040", 
    "user_id_2" : "3541038918", 
    "relationship" : false
}
{ 
    "_id" : ObjectId("5ae752e779f5af69fe37a5f1"), 
    "user_id_1" : "866828332565975040", 
    "user_id_2" : "1447035235", 
    "relationship" : false
}
{ 
    "_id" : ObjectId("5ae752e879f5af69fe37a5f2"), 
    "user_id_1" : "866828332565975040", 
    "user_id_2" : "2324061404", 
    "relationship" : false
}
{ 
    "_id" : ObjectId("5ae752e979f5af69fe37a5f3"), 
    "user_id_1" : "866828332565975040", 
    "user_id_2" : "828799822354341888", 
    "relationship" : false
}
{ 
    "_id" : ObjectId("5ae752e979f5af69fe37a5f4"), 
    "user_id_1" : "866828332565975040", 
    "user_id_2" : "874426908", 
    "relationship" : false
}
{ 
    "_id" : ObjectId("5ae752ea79f5af69fe37a5f5"), 
    "user_id_1" : "866828332565975040", 
    "user_id_2" : "858115032898469888", 
    "relationship" : false
}
{ 
    "_id" : ObjectId("5ae752eb79f5af69fe37a5f6"), 
    "user_id_1" : "958538171578335232", 
    "user_id_2" : "1484114822", 
    "relationship" : false
}
{ 
    "_id" : ObjectId("5ae752eb79f5af69fe37a5f7"), 
    "user_id_1" : "958538171578335232", 
    "user_id_2" : "817350097977700357", 
    "relationship" : false
}
{ 
    "_id" : ObjectId("5ae752ec79f5af69fe37a5f8"), 
    "user_id_1" : "958538171578335232", 
    "user_id_2" : "835979229347053568", 
    "relationship" : false
}
{ 
    "_id" : ObjectId("5ae752ed79f5af69fe37a5f9"), 
    "user_id_1" : "958538171578335232", 
    "user_id_2" : "822499298256494593", 
    "relationship" : false
}
{ 
    "_id" : ObjectId("5ae752ed79f5af69fe37a5fa"), 
    "user_id_1" : "958538171578335232", 
    "user_id_2" : "705385295827447809", 
    "relationship" : false
}
{ 
    "_id" : ObjectId("5ae752ee79f5af69fe37a5fb"), 
    "user_id_1" : "958538171578335232", 
    "user_id_2" : "950642414053502977", 
    "relationship" : false
}
{ 
    "_id" : ObjectId("5ae752ef79f5af69fe37a5fc"), 
    "user_id_1" : "958538171578335232", 
    "user_id_2" : "1596757705", 
    "relationship" : false
}
{ 
    "_id" : ObjectId("5ae752ef79f5af69fe37a5fd"), 
    "user_id_1" : "958538171578335232", 
    "user_id_2" : "2397154233", 
    "relationship" : false
}
{ 
    "_id" : ObjectId("5ae752f079f5af69fe37a5fe"), 
    "user_id_1" : "958538171578335232", 
    "user_id_2" : "817499882273538050", 
    "relationship" : false
}
{ 
    "_id" : ObjectId("5ae752f179f5af69fe37a5ff"), 
    "user_id_1" : "958538171578335232", 
    "user_id_2" : "962839322562125824", 
    "relationship" : false
}
{ 
    "_id" : ObjectId("5ae752f179f5af69fe37a600"), 
    "user_id_1" : "958538171578335232", 
    "user_id_2" : "3105663561", 
    "relationship" : false
}
{ 
    "_id" : ObjectId("5ae752f279f5af69fe37a601"), 
    "user_id_1" : "958538171578335232", 
    "user_id_2" : "3541038918", 
    "relationship" : false
}
{ 
    "_id" : ObjectId("5ae752f379f5af69fe37a602"), 
    "user_id_1" : "958538171578335232", 
    "user_id_2" : "1447035235", 
    "relationship" : false
}
{ 
    "_id" : ObjectId("5ae752f379f5af69fe37a603"), 
    "user_id_1" : "958538171578335232", 
    "user_id_2" : "2324061404", 
    "relationship" : false
}
{ 
    "_id" : ObjectId("5ae752f479f5af69fe37a604"), 
    "user_id_1" : "958538171578335232", 
    "user_id_2" : "828799822354341888", 
    "relationship" : false
}
{ 
    "_id" : ObjectId("5ae752f579f5af69fe37a605"), 
    "user_id_1" : "958538171578335232", 
    "user_id_2" : "874426908", 
    "relationship" : false
}
{ 
    "_id" : ObjectId("5ae752f579f5af69fe37a606"), 
    "user_id_1" : "958538171578335232", 
    "user_id_2" : "858115032898469888", 
    "relationship" : false
}
{ 
    "_id" : ObjectId("5ae752f779f5af69fe37a607"), 
    "user_id_1" : "915942938613395456", 
    "user_id_2" : "1484114822", 
    "relationship" : false
}
{ 
    "_id" : ObjectId("5ae752f779f5af69fe37a608"), 
    "user_id_1" : "915942938613395456", 
    "user_id_2" : "817350097977700357", 
    "relationship" : false
}
{ 
    "_id" : ObjectId("5ae752f879f5af69fe37a609"), 
    "user_id_1" : "915942938613395456", 
    "user_id_2" : "835979229347053568", 
    "relationship" : false
}
{ 
    "_id" : ObjectId("5ae752f979f5af69fe37a60a"), 
    "user_id_1" : "915942938613395456", 
    "user_id_2" : "822499298256494593", 
    "relationship" : false
}
{ 
    "_id" : ObjectId("5ae752fa79f5af69fe37a60b"), 
    "user_id_1" : "915942938613395456", 
    "user_id_2" : "705385295827447809", 
    "relationship" : false
}
{ 
    "_id" : ObjectId("5ae752fb79f5af69fe37a60c"), 
    "user_id_1" : "915942938613395456", 
    "user_id_2" : "950642414053502977", 
    "relationship" : false
}
{ 
    "_id" : ObjectId("5ae752fb79f5af69fe37a60d"), 
    "user_id_1" : "915942938613395456", 
    "user_id_2" : "1596757705", 
    "relationship" : false
}
{ 
    "_id" : ObjectId("5ae752fc79f5af69fe37a60e"), 
    "user_id_1" : "915942938613395456", 
    "user_id_2" : "2397154233", 
    "relationship" : false
}
{ 
    "_id" : ObjectId("5ae752fd79f5af69fe37a60f"), 
    "user_id_1" : "915942938613395456", 
    "user_id_2" : "817499882273538050", 
    "relationship" : false
}
{ 
    "_id" : ObjectId("5ae752fd79f5af69fe37a610"), 
    "user_id_1" : "915942938613395456", 
    "user_id_2" : "962839322562125824", 
    "relationship" : false
}
{ 
    "_id" : ObjectId("5ae752fe79f5af69fe37a611"), 
    "user_id_1" : "915942938613395456", 
    "user_id_2" : "3105663561", 
    "relationship" : false
}
{ 
    "_id" : ObjectId("5ae752ff79f5af69fe37a612"), 
    "user_id_1" : "915942938613395456", 
    "user_id_2" : "3541038918", 
    "relationship" : false
}
{ 
    "_id" : ObjectId("5ae752ff79f5af69fe37a613"), 
    "user_id_1" : "915942938613395456", 
    "user_id_2" : "1447035235", 
    "relationship" : false
}
{ 
    "_id" : ObjectId("5ae7530079f5af69fe37a614"), 
    "user_id_1" : "915942938613395456", 
    "user_id_2" : "2324061404", 
    "relationship" : false
}
{ 
    "_id" : ObjectId("5ae7530179f5af69fe37a615"), 
    "user_id_1" : "915942938613395456", 
    "user_id_2" : "828799822354341888", 
    "relationship" : false
}
{ 
    "_id" : ObjectId("5ae7530179f5af69fe37a616"), 
    "user_id_1" : "915942938613395456", 
    "user_id_2" : "874426908", 
    "relationship" : false
}
{ 
    "_id" : ObjectId("5ae7530279f5af69fe37a617"), 
    "user_id_1" : "915942938613395456", 
    "user_id_2" : "858115032898469888", 
    "relationship" : false
}
{ 
    "_id" : ObjectId("5ae7530379f5af69fe37a618"), 
    "user_id_1" : "1932269510", 
    "user_id_2" : "1484114822", 
    "relationship" : false
}
{ 
    "_id" : ObjectId("5ae7530379f5af69fe37a619"), 
    "user_id_1" : "1932269510", 
    "user_id_2" : "817350097977700357", 
    "relationship" : false
}
{ 
    "_id" : ObjectId("5ae7530479f5af69fe37a61a"), 
    "user_id_1" : "1932269510", 
    "user_id_2" : "835979229347053568", 
    "relationship" : false
}
{ 
    "_id" : ObjectId("5ae7530579f5af69fe37a61b"), 
    "user_id_1" : "1932269510", 
    "user_id_2" : "822499298256494593", 
    "relationship" : false
}
{ 
    "_id" : ObjectId("5ae7530679f5af69fe37a61c"), 
    "user_id_1" : "1932269510", 
    "user_id_2" : "705385295827447809", 
    "relationship" : false
}
{ 
    "_id" : ObjectId("5ae7530779f5af69fe37a61d"), 
    "user_id_1" : "1932269510", 
    "user_id_2" : "950642414053502977", 
    "relationship" : false
}
{ 
    "_id" : ObjectId("5ae7530879f5af69fe37a61e"), 
    "user_id_1" : "1932269510", 
    "user_id_2" : "1596757705", 
    "relationship" : false
}
{ 
    "_id" : ObjectId("5ae7530979f5af69fe37a61f"), 
    "user_id_1" : "1932269510", 
    "user_id_2" : "2397154233", 
    "relationship" : false
}
{ 
    "_id" : ObjectId("5ae7530a79f5af69fe37a620"), 
    "user_id_1" : "1932269510", 
    "user_id_2" : "817499882273538050", 
    "relationship" : false
}
{ 
    "_id" : ObjectId("5ae7530b79f5af69fe37a621"), 
    "user_id_1" : "1932269510", 
    "user_id_2" : "962839322562125824", 
    "relationship" : false
}
{ 
    "_id" : ObjectId("5ae7530c79f5af69fe37a622"), 
    "user_id_1" : "1932269510", 
    "user_id_2" : "3105663561", 
    "relationship" : false
}
{ 
    "_id" : ObjectId("5ae7530c79f5af69fe37a623"), 
    "user_id_1" : "1932269510", 
    "user_id_2" : "3541038918", 
    "relationship" : false
}
{ 
    "_id" : ObjectId("5ae7530d79f5af69fe37a624"), 
    "user_id_1" : "1932269510", 
    "user_id_2" : "1447035235", 
    "relationship" : false
}
{ 
    "_id" : ObjectId("5ae7530e79f5af69fe37a625"), 
    "user_id_1" : "1932269510", 
    "user_id_2" : "2324061404", 
    "relationship" : false
}
{ 
    "_id" : ObjectId("5ae7530f79f5af69fe37a626"), 
    "user_id_1" : "1932269510", 
    "user_id_2" : "828799822354341888", 
    "relationship" : false
}
{ 
    "_id" : ObjectId("5ae7531079f5af69fe37a627"), 
    "user_id_1" : "1932269510", 
    "user_id_2" : "874426908", 
    "relationship" : false
}
{ 
    "_id" : ObjectId("5ae7531179f5af69fe37a628"), 
    "user_id_1" : "1932269510", 
    "user_id_2" : "858115032898469888", 
    "relationship" : false
}
{ 
    "_id" : ObjectId("5ae7531279f5af69fe37a629"), 
    "user_id_1" : "729280703620259841", 
    "user_id_2" : "1484114822", 
    "relationship" : false
}
{ 
    "_id" : ObjectId("5ae7531379f5af69fe37a62a"), 
    "user_id_1" : "729280703620259841", 
    "user_id_2" : "817350097977700357", 
    "relationship" : false
}
{ 
    "_id" : ObjectId("5ae7531379f5af69fe37a62b"), 
    "user_id_1" : "729280703620259841", 
    "user_id_2" : "835979229347053568", 
    "relationship" : false
}
{ 
    "_id" : ObjectId("5ae7531479f5af69fe37a62c"), 
    "user_id_1" : "729280703620259841", 
    "user_id_2" : "822499298256494593", 
    "relationship" : false
}
{ 
    "_id" : ObjectId("5ae7531679f5af69fe37a62d"), 
    "user_id_1" : "729280703620259841", 
    "user_id_2" : "705385295827447809", 
    "relationship" : false
}
{ 
    "_id" : ObjectId("5ae7531679f5af69fe37a62e"), 
    "user_id_1" : "729280703620259841", 
    "user_id_2" : "950642414053502977", 
    "relationship" : false
}
{ 
    "_id" : ObjectId("5ae7531779f5af69fe37a62f"), 
    "user_id_1" : "729280703620259841", 
    "user_id_2" : "1596757705", 
    "relationship" : false
}
{ 
    "_id" : ObjectId("5ae7531879f5af69fe37a630"), 
    "user_id_1" : "729280703620259841", 
    "user_id_2" : "2397154233", 
    "relationship" : false
}
{ 
    "_id" : ObjectId("5ae7531979f5af69fe37a631"), 
    "user_id_1" : "729280703620259841", 
    "user_id_2" : "817499882273538050", 
    "relationship" : false
}
{ 
    "_id" : ObjectId("5ae7531a79f5af69fe37a632"), 
    "user_id_1" : "729280703620259841", 
    "user_id_2" : "962839322562125824", 
    "relationship" : false
}
{ 
    "_id" : ObjectId("5ae7531b79f5af69fe37a633"), 
    "user_id_1" : "729280703620259841", 
    "user_id_2" : "3105663561", 
    "relationship" : false
}
{ 
    "_id" : ObjectId("5ae7532079f5af69fe37a634"), 
    "user_id_1" : "729280703620259841", 
    "user_id_2" : "3541038918", 
    "relationship" : false
}
{ 
    "_id" : ObjectId("5ae7532279f5af69fe37a635"), 
    "user_id_1" : "729280703620259841", 
    "user_id_2" : "1447035235", 
    "relationship" : false
}
{ 
    "_id" : ObjectId("5ae7532379f5af69fe37a636"), 
    "user_id_1" : "729280703620259841", 
    "user_id_2" : "2324061404", 
    "relationship" : false
}
{ 
    "_id" : ObjectId("5ae7532479f5af69fe37a637"), 
    "user_id_1" : "729280703620259841", 
    "user_id_2" : "828799822354341888", 
    "relationship" : false
}
{ 
    "_id" : ObjectId("5ae7532479f5af69fe37a638"), 
    "user_id_1" : "729280703620259841", 
    "user_id_2" : "874426908", 
    "relationship" : false
}
{ 
    "_id" : ObjectId("5ae7532579f5af69fe37a639"), 
    "user_id_1" : "729280703620259841", 
    "user_id_2" : "858115032898469888", 
    "relationship" : false
}
{ 
    "_id" : ObjectId("5ae7532679f5af69fe37a63a"), 
    "user_id_1" : "16122196", 
    "user_id_2" : "1484114822", 
    "relationship" : false
}
{ 
    "_id" : ObjectId("5ae7532779f5af69fe37a63b"), 
    "user_id_1" : "16122196", 
    "user_id_2" : "817350097977700357", 
    "relationship" : false
}
{ 
    "_id" : ObjectId("5ae7532779f5af69fe37a63c"), 
    "user_id_1" : "16122196", 
    "user_id_2" : "835979229347053568", 
    "relationship" : false
}
{ 
    "_id" : ObjectId("5ae7532879f5af69fe37a63d"), 
    "user_id_1" : "16122196", 
    "user_id_2" : "822499298256494593", 
    "relationship" : false
}
{ 
    "_id" : ObjectId("5ae7532979f5af69fe37a63e"), 
    "user_id_1" : "16122196", 
    "user_id_2" : "705385295827447809", 
    "relationship" : false
}
{ 
    "_id" : ObjectId("5ae7532a79f5af69fe37a63f"), 
    "user_id_1" : "16122196", 
    "user_id_2" : "950642414053502977", 
    "relationship" : false
}
{ 
    "_id" : ObjectId("5ae7532b79f5af69fe37a640"), 
    "user_id_1" : "16122196", 
    "user_id_2" : "1596757705", 
    "relationship" : false
}
{ 
    "_id" : ObjectId("5ae7532c79f5af69fe37a641"), 
    "user_id_1" : "16122196", 
    "user_id_2" : "2397154233", 
    "relationship" : false
}
{ 
    "_id" : ObjectId("5ae7532d79f5af69fe37a642"), 
    "user_id_1" : "16122196", 
    "user_id_2" : "817499882273538050", 
    "relationship" : false
}
{ 
    "_id" : ObjectId("5ae7532e79f5af69fe37a643"), 
    "user_id_1" : "16122196", 
    "user_id_2" : "962839322562125824", 
    "relationship" : false
}
{ 
    "_id" : ObjectId("5ae7532f79f5af69fe37a644"), 
    "user_id_1" : "16122196", 
    "user_id_2" : "3105663561", 
    "relationship" : false
}
{ 
    "_id" : ObjectId("5ae7532f79f5af69fe37a645"), 
    "user_id_1" : "16122196", 
    "user_id_2" : "3541038918", 
    "relationship" : false
}
{ 
    "_id" : ObjectId("5ae7533079f5af69fe37a646"), 
    "user_id_1" : "16122196", 
    "user_id_2" : "1447035235", 
    "relationship" : false
}
{ 
    "_id" : ObjectId("5ae7533179f5af69fe37a647"), 
    "user_id_1" : "16122196", 
    "user_id_2" : "2324061404", 
    "relationship" : false
}
{ 
    "_id" : ObjectId("5ae7533279f5af69fe37a648"), 
    "user_id_1" : "16122196", 
    "user_id_2" : "828799822354341888", 
    "relationship" : false
}
{ 
    "_id" : ObjectId("5ae7533279f5af69fe37a649"), 
    "user_id_1" : "16122196", 
    "user_id_2" : "874426908", 
    "relationship" : false
}
{ 
    "_id" : ObjectId("5ae7533379f5af69fe37a64a"), 
    "user_id_1" : "16122196", 
    "user_id_2" : "858115032898469888", 
    "relationship" : false
}
{ 
    "_id" : ObjectId("5ae7533479f5af69fe37a64b"), 
    "user_id_1" : "822638843698544641", 
    "user_id_2" : "1484114822", 
    "relationship" : false
}
{ 
    "_id" : ObjectId("5ae7533479f5af69fe37a64c"), 
    "user_id_1" : "822638843698544641", 
    "user_id_2" : "817350097977700357", 
    "relationship" : false
}
{ 
    "_id" : ObjectId("5ae7533579f5af69fe37a64d"), 
    "user_id_1" : "822638843698544641", 
    "user_id_2" : "835979229347053568", 
    "relationship" : false
}
{ 
    "_id" : ObjectId("5ae7533679f5af69fe37a64e"), 
    "user_id_1" : "822638843698544641", 
    "user_id_2" : "822499298256494593", 
    "relationship" : false
}
{ 
    "_id" : ObjectId("5ae7533679f5af69fe37a64f"), 
    "user_id_1" : "822638843698544641", 
    "user_id_2" : "705385295827447809", 
    "relationship" : false
}
{ 
    "_id" : ObjectId("5ae7533779f5af69fe37a650"), 
    "user_id_1" : "822638843698544641", 
    "user_id_2" : "950642414053502977", 
    "relationship" : false
}
{ 
    "_id" : ObjectId("5ae7533879f5af69fe37a651"), 
    "user_id_1" : "822638843698544641", 
    "user_id_2" : "1596757705", 
    "relationship" : false
}
{ 
    "_id" : ObjectId("5ae7533879f5af69fe37a652"), 
    "user_id_1" : "822638843698544641", 
    "user_id_2" : "2397154233", 
    "relationship" : false
}
{ 
    "_id" : ObjectId("5ae7533979f5af69fe37a653"), 
    "user_id_1" : "822638843698544641", 
    "user_id_2" : "817499882273538050", 
    "relationship" : false
}
{ 
    "_id" : ObjectId("5ae7533979f5af69fe37a654"), 
    "user_id_1" : "822638843698544641", 
    "user_id_2" : "962839322562125824", 
    "relationship" : false
}
{ 
    "_id" : ObjectId("5ae7533a79f5af69fe37a655"), 
    "user_id_1" : "822638843698544641", 
    "user_id_2" : "3105663561", 
    "relationship" : false
}
{ 
    "_id" : ObjectId("5ae7533b79f5af69fe37a656"), 
    "user_id_1" : "822638843698544641", 
    "user_id_2" : "3541038918", 
    "relationship" : false
}
{ 
    "_id" : ObjectId("5ae7533b79f5af69fe37a657"), 
    "user_id_1" : "822638843698544641", 
    "user_id_2" : "1447035235", 
    "relationship" : false
}
{ 
    "_id" : ObjectId("5ae7533c79f5af69fe37a658"), 
    "user_id_1" : "822638843698544641", 
    "user_id_2" : "2324061404", 
    "relationship" : false
}
{ 
    "_id" : ObjectId("5ae7533d79f5af69fe37a659"), 
    "user_id_1" : "822638843698544641", 
    "user_id_2" : "828799822354341888", 
    "relationship" : false
}
{ 
    "_id" : ObjectId("5ae7533e79f5af69fe37a65a"), 
    "user_id_1" : "822638843698544641", 
    "user_id_2" : "874426908", 
    "relationship" : false
}
{ 
    "_id" : ObjectId("5ae7533e79f5af69fe37a65b"), 
    "user_id_1" : "822638843698544641", 
    "user_id_2" : "858115032898469888", 
    "relationship" : false
}
{ 
    "_id" : ObjectId("5ae7533f79f5af69fe37a65c"), 
    "user_id_1" : "3167787682", 
    "user_id_2" : "1484114822", 
    "relationship" : false
}
{ 
    "_id" : ObjectId("5ae7534079f5af69fe37a65d"), 
    "user_id_1" : "3167787682", 
    "user_id_2" : "817350097977700357", 
    "relationship" : false
}
{ 
    "_id" : ObjectId("5ae7534079f5af69fe37a65e"), 
    "user_id_1" : "3167787682", 
    "user_id_2" : "835979229347053568", 
    "relationship" : false
}
{ 
    "_id" : ObjectId("5ae7534179f5af69fe37a65f"), 
    "user_id_1" : "3167787682", 
    "user_id_2" : "822499298256494593", 
    "relationship" : false
}
{ 
    "_id" : ObjectId("5ae7534279f5af69fe37a660"), 
    "user_id_1" : "3167787682", 
    "user_id_2" : "705385295827447809", 
    "relationship" : false
}
{ 
    "_id" : ObjectId("5ae7534279f5af69fe37a661"), 
    "user_id_1" : "3167787682", 
    "user_id_2" : "950642414053502977", 
    "relationship" : false
}
{ 
    "_id" : ObjectId("5ae7534379f5af69fe37a662"), 
    "user_id_1" : "3167787682", 
    "user_id_2" : "1596757705", 
    "relationship" : false
}
{ 
    "_id" : ObjectId("5ae7534479f5af69fe37a663"), 
    "user_id_1" : "3167787682", 
    "user_id_2" : "2397154233", 
    "relationship" : false
}
{ 
    "_id" : ObjectId("5ae7534479f5af69fe37a664"), 
    "user_id_1" : "3167787682", 
    "user_id_2" : "817499882273538050", 
    "relationship" : false
}
{ 
    "_id" : ObjectId("5ae7534579f5af69fe37a665"), 
    "user_id_1" : "3167787682", 
    "user_id_2" : "962839322562125824", 
    "relationship" : false
}
{ 
    "_id" : ObjectId("5ae7534679f5af69fe37a666"), 
    "user_id_1" : "3167787682", 
    "user_id_2" : "3105663561", 
    "relationship" : false
}
{ 
    "_id" : ObjectId("5ae7534679f5af69fe37a667"), 
    "user_id_1" : "3167787682", 
    "user_id_2" : "3541038918", 
    "relationship" : false
}
{ 
    "_id" : ObjectId("5ae7534779f5af69fe37a668"), 
    "user_id_1" : "3167787682", 
    "user_id_2" : "1447035235", 
    "relationship" : false
}
{ 
    "_id" : ObjectId("5ae7534879f5af69fe37a669"), 
    "user_id_1" : "3167787682", 
    "user_id_2" : "2324061404", 
    "relationship" : false
}
{ 
    "_id" : ObjectId("5ae7534879f5af69fe37a66a"), 
    "user_id_1" : "3167787682", 
    "user_id_2" : "828799822354341888", 
    "relationship" : false
}
{ 
    "_id" : ObjectId("5ae7534979f5af69fe37a66b"), 
    "user_id_1" : "3167787682", 
    "user_id_2" : "874426908", 
    "relationship" : false
}
{ 
    "_id" : ObjectId("5ae7534a79f5af69fe37a66c"), 
    "user_id_1" : "3167787682", 
    "user_id_2" : "858115032898469888", 
    "relationship" : false
}
{ 
    "_id" : ObjectId("5ae7534a79f5af69fe37a66d"), 
    "user_id_1" : "937404641918119936", 
    "user_id_2" : "1484114822", 
    "relationship" : false
}
{ 
    "_id" : ObjectId("5ae7534b79f5af69fe37a66e"), 
    "user_id_1" : "937404641918119936", 
    "user_id_2" : "817350097977700357", 
    "relationship" : false
}
{ 
    "_id" : ObjectId("5ae7534c79f5af69fe37a66f"), 
    "user_id_1" : "937404641918119936", 
    "user_id_2" : "835979229347053568", 
    "relationship" : false
}
{ 
    "_id" : ObjectId("5ae7534c79f5af69fe37a670"), 
    "user_id_1" : "937404641918119936", 
    "user_id_2" : "822499298256494593", 
    "relationship" : false
}
{ 
    "_id" : ObjectId("5ae7534d79f5af69fe37a671"), 
    "user_id_1" : "937404641918119936", 
    "user_id_2" : "705385295827447809", 
    "relationship" : false
}
{ 
    "_id" : ObjectId("5ae7534e79f5af69fe37a672"), 
    "user_id_1" : "937404641918119936", 
    "user_id_2" : "950642414053502977", 
    "relationship" : false
}
{ 
    "_id" : ObjectId("5ae7534e79f5af69fe37a673"), 
    "user_id_1" : "937404641918119936", 
    "user_id_2" : "1596757705", 
    "relationship" : false
}
{ 
    "_id" : ObjectId("5ae7534f79f5af69fe37a674"), 
    "user_id_1" : "937404641918119936", 
    "user_id_2" : "2397154233", 
    "relationship" : false
}
{ 
    "_id" : ObjectId("5ae7535079f5af69fe37a675"), 
    "user_id_1" : "937404641918119936", 
    "user_id_2" : "817499882273538050", 
    "relationship" : false
}
{ 
    "_id" : ObjectId("5ae7535079f5af69fe37a676"), 
    "user_id_1" : "937404641918119936", 
    "user_id_2" : "962839322562125824", 
    "relationship" : false
}
{ 
    "_id" : ObjectId("5ae7535179f5af69fe37a677"), 
    "user_id_1" : "937404641918119936", 
    "user_id_2" : "3105663561", 
    "relationship" : false
}
{ 
    "_id" : ObjectId("5ae7535279f5af69fe37a678"), 
    "user_id_1" : "937404641918119936", 
    "user_id_2" : "3541038918", 
    "relationship" : false
}
{ 
    "_id" : ObjectId("5ae7565479f5af69fe37a679"), 
    "user_id_1" : "937404641918119936", 
    "user_id_2" : "1447035235", 
    "relationship" : false
}
{ 
    "_id" : ObjectId("5ae7565479f5af69fe37a67a"), 
    "user_id_1" : "937404641918119936", 
    "user_id_2" : "2324061404", 
    "relationship" : false
}
{ 
    "_id" : ObjectId("5ae7565579f5af69fe37a67b"), 
    "user_id_1" : "937404641918119936", 
    "user_id_2" : "828799822354341888", 
    "relationship" : false
}
{ 
    "_id" : ObjectId("5ae7565679f5af69fe37a67c"), 
    "user_id_1" : "937404641918119936", 
    "user_id_2" : "874426908", 
    "relationship" : false
}
{ 
    "_id" : ObjectId("5ae7565679f5af69fe37a67d"), 
    "user_id_1" : "937404641918119936", 
    "user_id_2" : "858115032898469888", 
    "relationship" : false
}
{ 
    "_id" : ObjectId("5ae7565879f5af69fe37a67e"), 
    "user_id_1" : "786007053718417408", 
    "user_id_2" : "1484114822", 
    "relationship" : false
}
{ 
    "_id" : ObjectId("5ae7565879f5af69fe37a67f"), 
    "user_id_1" : "786007053718417408", 
    "user_id_2" : "817350097977700357", 
    "relationship" : false
}
{ 
    "_id" : ObjectId("5ae7565979f5af69fe37a680"), 
    "user_id_1" : "786007053718417408", 
    "user_id_2" : "835979229347053568", 
    "relationship" : false
}
{ 
    "_id" : ObjectId("5ae7565a79f5af69fe37a681"), 
    "user_id_1" : "786007053718417408", 
    "user_id_2" : "822499298256494593", 
    "relationship" : false
}
{ 
    "_id" : ObjectId("5ae7565b79f5af69fe37a682"), 
    "user_id_1" : "786007053718417408", 
    "user_id_2" : "705385295827447809", 
    "relationship" : false
}
{ 
    "_id" : ObjectId("5ae7565c79f5af69fe37a683"), 
    "user_id_1" : "786007053718417408", 
    "user_id_2" : "950642414053502977", 
    "relationship" : false
}
{ 
    "_id" : ObjectId("5ae7565c79f5af69fe37a684"), 
    "user_id_1" : "786007053718417408", 
    "user_id_2" : "1596757705", 
    "relationship" : false
}
{ 
    "_id" : ObjectId("5ae7565d79f5af69fe37a685"), 
    "user_id_1" : "786007053718417408", 
    "user_id_2" : "2397154233", 
    "relationship" : false
}
{ 
    "_id" : ObjectId("5ae7565e79f5af69fe37a686"), 
    "user_id_1" : "786007053718417408", 
    "user_id_2" : "817499882273538050", 
    "relationship" : false
}
{ 
    "_id" : ObjectId("5ae7565f79f5af69fe37a687"), 
    "user_id_1" : "786007053718417408", 
    "user_id_2" : "962839322562125824", 
    "relationship" : false
}
{ 
    "_id" : ObjectId("5ae7566479f5af69fe37a688"), 
    "user_id_1" : "786007053718417408", 
    "user_id_2" : "3105663561", 
    "relationship" : false
}
{ 
    "_id" : ObjectId("5ae7566579f5af69fe37a689"), 
    "user_id_1" : "786007053718417408", 
    "user_id_2" : "3541038918", 
    "relationship" : false
}
{ 
    "_id" : ObjectId("5ae7566679f5af69fe37a68a"), 
    "user_id_1" : "786007053718417408", 
    "user_id_2" : "1447035235", 
    "relationship" : false
}
{ 
    "_id" : ObjectId("5ae7566679f5af69fe37a68b"), 
    "user_id_1" : "786007053718417408", 
    "user_id_2" : "2324061404", 
    "relationship" : false
}
{ 
    "_id" : ObjectId("5ae7566779f5af69fe37a68c"), 
    "user_id_1" : "786007053718417408", 
    "user_id_2" : "828799822354341888", 
    "relationship" : false
}
{ 
    "_id" : ObjectId("5ae7566879f5af69fe37a68d"), 
    "user_id_1" : "786007053718417408", 
    "user_id_2" : "874426908", 
    "relationship" : false
}
{ 
    "_id" : ObjectId("5ae7566879f5af69fe37a68e"), 
    "user_id_1" : "786007053718417408", 
    "user_id_2" : "858115032898469888", 
    "relationship" : false
}
{ 
    "_id" : ObjectId("5ae7566979f5af69fe37a68f"), 
    "user_id_1" : "724964874418294788", 
    "user_id_2" : "1484114822", 
    "relationship" : false
}
{ 
    "_id" : ObjectId("5ae7566a79f5af69fe37a690"), 
    "user_id_1" : "724964874418294788", 
    "user_id_2" : "817350097977700357", 
    "relationship" : false
}
{ 
    "_id" : ObjectId("5ae7566a79f5af69fe37a691"), 
    "user_id_1" : "724964874418294788", 
    "user_id_2" : "835979229347053568", 
    "relationship" : false
}
{ 
    "_id" : ObjectId("5ae7566b79f5af69fe37a692"), 
    "user_id_1" : "724964874418294788", 
    "user_id_2" : "822499298256494593", 
    "relationship" : false
}
{ 
    "_id" : ObjectId("5ae7566c79f5af69fe37a693"), 
    "user_id_1" : "724964874418294788", 
    "user_id_2" : "705385295827447809", 
    "relationship" : false
}
{ 
    "_id" : ObjectId("5ae7566d79f5af69fe37a694"), 
    "user_id_1" : "724964874418294788", 
    "user_id_2" : "950642414053502977", 
    "relationship" : false
}
{ 
    "_id" : ObjectId("5ae7566d79f5af69fe37a695"), 
    "user_id_1" : "724964874418294788", 
    "user_id_2" : "1596757705", 
    "relationship" : false
}
{ 
    "_id" : ObjectId("5ae7566e79f5af69fe37a696"), 
    "user_id_1" : "724964874418294788", 
    "user_id_2" : "2397154233", 
    "relationship" : false
}
{ 
    "_id" : ObjectId("5ae7566f79f5af69fe37a697"), 
    "user_id_1" : "724964874418294788", 
    "user_id_2" : "817499882273538050", 
    "relationship" : false
}
{ 
    "_id" : ObjectId("5ae7567079f5af69fe37a698"), 
    "user_id_1" : "724964874418294788", 
    "user_id_2" : "962839322562125824", 
    "relationship" : false
}
{ 
    "_id" : ObjectId("5ae7567079f5af69fe37a699"), 
    "user_id_1" : "724964874418294788", 
    "user_id_2" : "3105663561", 
    "relationship" : false
}
{ 
    "_id" : ObjectId("5ae7567179f5af69fe37a69a"), 
    "user_id_1" : "724964874418294788", 
    "user_id_2" : "3541038918", 
    "relationship" : false
}
{ 
    "_id" : ObjectId("5ae7567179f5af69fe37a69b"), 
    "user_id_1" : "724964874418294788", 
    "user_id_2" : "1447035235", 
    "relationship" : false
}
{ 
    "_id" : ObjectId("5ae7567279f5af69fe37a69c"), 
    "user_id_1" : "724964874418294788", 
    "user_id_2" : "2324061404", 
    "relationship" : false
}
{ 
    "_id" : ObjectId("5ae7567379f5af69fe37a69d"), 
    "user_id_1" : "724964874418294788", 
    "user_id_2" : "828799822354341888", 
    "relationship" : false
}
{ 
    "_id" : ObjectId("5ae7567379f5af69fe37a69e"), 
    "user_id_1" : "724964874418294788", 
    "user_id_2" : "874426908", 
    "relationship" : false
}
{ 
    "_id" : ObjectId("5ae7567479f5af69fe37a69f"), 
    "user_id_1" : "724964874418294788", 
    "user_id_2" : "858115032898469888", 
    "relationship" : false
}
{ 
    "_id" : ObjectId("5ae7567579f5af69fe37a6a0"), 
    "user_id_1" : "2218331971", 
    "user_id_2" : "1484114822", 
    "relationship" : false
}
{ 
    "_id" : ObjectId("5ae7567679f5af69fe37a6a1"), 
    "user_id_1" : "2218331971", 
    "user_id_2" : "817350097977700357", 
    "relationship" : false
}
{ 
    "_id" : ObjectId("5ae7567679f5af69fe37a6a2"), 
    "user_id_1" : "2218331971", 
    "user_id_2" : "835979229347053568", 
    "relationship" : false
}
{ 
    "_id" : ObjectId("5ae7567779f5af69fe37a6a3"), 
    "user_id_1" : "2218331971", 
    "user_id_2" : "822499298256494593", 
    "relationship" : false
}
{ 
    "_id" : ObjectId("5ae7567879f5af69fe37a6a4"), 
    "user_id_1" : "2218331971", 
    "user_id_2" : "705385295827447809", 
    "relationship" : false
}
{ 
    "_id" : ObjectId("5ae7567879f5af69fe37a6a5"), 
    "user_id_1" : "2218331971", 
    "user_id_2" : "950642414053502977", 
    "relationship" : false
}
{ 
    "_id" : ObjectId("5ae7567979f5af69fe37a6a6"), 
    "user_id_1" : "2218331971", 
    "user_id_2" : "1596757705", 
    "relationship" : false
}
{ 
    "_id" : ObjectId("5ae7567a79f5af69fe37a6a7"), 
    "user_id_1" : "2218331971", 
    "user_id_2" : "2397154233", 
    "relationship" : false
}
{ 
    "_id" : ObjectId("5ae7567a79f5af69fe37a6a8"), 
    "user_id_1" : "2218331971", 
    "user_id_2" : "817499882273538050", 
    "relationship" : false
}
{ 
    "_id" : ObjectId("5ae7567b79f5af69fe37a6a9"), 
    "user_id_1" : "2218331971", 
    "user_id_2" : "962839322562125824", 
    "relationship" : false
}
{ 
    "_id" : ObjectId("5ae7567c79f5af69fe37a6aa"), 
    "user_id_1" : "2218331971", 
    "user_id_2" : "3105663561", 
    "relationship" : false
}
{ 
    "_id" : ObjectId("5ae7567c79f5af69fe37a6ab"), 
    "user_id_1" : "2218331971", 
    "user_id_2" : "3541038918", 
    "relationship" : false
}
{ 
    "_id" : ObjectId("5ae7567d79f5af69fe37a6ac"), 
    "user_id_1" : "2218331971", 
    "user_id_2" : "1447035235", 
    "relationship" : false
}
{ 
    "_id" : ObjectId("5ae7567e79f5af69fe37a6ad"), 
    "user_id_1" : "2218331971", 
    "user_id_2" : "2324061404", 
    "relationship" : false
}
{ 
    "_id" : ObjectId("5ae7567f79f5af69fe37a6ae"), 
    "user_id_1" : "2218331971", 
    "user_id_2" : "828799822354341888", 
    "relationship" : false
}
{ 
    "_id" : ObjectId("5ae7568079f5af69fe37a6af"), 
    "user_id_1" : "2218331971", 
    "user_id_2" : "874426908", 
    "relationship" : false
}
{ 
    "_id" : ObjectId("5ae7568079f5af69fe37a6b0"), 
    "user_id_1" : "2218331971", 
    "user_id_2" : "858115032898469888", 
    "relationship" : false
}
