{ 
    "_id" : ObjectId("5ae6d30a79f5af69fe378bfc"), 
    "user_id_1" : "848730354", 
    "user_id_2" : "457984599", 
    "relationship" : true
}
{ 
    "_id" : ObjectId("5ae6d30b79f5af69fe378bfd"), 
    "user_id_1" : "938500796429111296", 
    "user_id_2" : "457984599", 
    "relationship" : true
}
{ 
    "_id" : ObjectId("5ae6d30c79f5af69fe378bfe"), 
    "user_id_1" : "822596301070155776", 
    "user_id_2" : "457984599", 
    "relationship" : true
}
{ 
    "_id" : ObjectId("5ae6d30d79f5af69fe378bff"), 
    "user_id_1" : "3406532356", 
    "user_id_2" : "457984599", 
    "relationship" : true
}
{ 
    "_id" : ObjectId("5ae6d30d79f5af69fe378c00"), 
    "user_id_1" : "4905152464", 
    "user_id_2" : "457984599", 
    "relationship" : false
}
{ 
    "_id" : ObjectId("5ae6d30e79f5af69fe378c01"), 
    "user_id_1" : "2467265258", 
    "user_id_2" : "457984599", 
    "relationship" : true
}
{ 
    "_id" : ObjectId("5ae6d30e79f5af69fe378c02"), 
    "user_id_1" : "48091128", 
    "user_id_2" : "457984599", 
    "relationship" : true
}
{ 
    "_id" : ObjectId("5ae6d30f79f5af69fe378c03"), 
    "user_id_1" : "3215411657", 
    "user_id_2" : "457984599", 
    "relationship" : true
}
{ 
    "_id" : ObjectId("5ae6d31079f5af69fe378c04"), 
    "user_id_1" : "4718047119", 
    "user_id_2" : "457984599", 
    "relationship" : true
}
{ 
    "_id" : ObjectId("5ae6d31079f5af69fe378c05"), 
    "user_id_1" : "821534955721277440", 
    "user_id_2" : "457984599", 
    "relationship" : true
}
{ 
    "_id" : ObjectId("5ae6d31179f5af69fe378c06"), 
    "user_id_1" : "3161139356", 
    "user_id_2" : "457984599", 
    "relationship" : false
}
{ 
    "_id" : ObjectId("5ae6d31279f5af69fe378c07"), 
    "user_id_1" : "4858582215", 
    "user_id_2" : "457984599", 
    "relationship" : false
}
{ 
    "_id" : ObjectId("5ae6d31279f5af69fe378c08"), 
    "user_id_1" : "1484114822", 
    "user_id_2" : "457984599", 
    "relationship" : false
}
{ 
    "_id" : ObjectId("5ae6d31379f5af69fe378c09"), 
    "user_id_1" : "934925818916102144", 
    "user_id_2" : "457984599", 
    "relationship" : true
}
{ 
    "_id" : ObjectId("5ae6d31479f5af69fe378c0a"), 
    "user_id_1" : "42675733", 
    "user_id_2" : "457984599", 
    "relationship" : true
}
{ 
    "_id" : ObjectId("5ae6d31479f5af69fe378c0b"), 
    "user_id_1" : "1570544736", 
    "user_id_2" : "457984599", 
    "relationship" : false
}
{ 
    "_id" : ObjectId("5ae6d31579f5af69fe378c0c"), 
    "user_id_1" : "3078716009", 
    "user_id_2" : "457984599", 
    "relationship" : false
}
{ 
    "_id" : ObjectId("5ae6d31579f5af69fe378c0d"), 
    "user_id_1" : "865676883844767744", 
    "user_id_2" : "457984599", 
    "relationship" : true
}
{ 
    "_id" : ObjectId("5ae6d31679f5af69fe378c0e"), 
    "user_id_1" : "758089361829273601", 
    "user_id_2" : "457984599", 
    "relationship" : true
}
{ 
    "_id" : ObjectId("5ae6d31779f5af69fe378c0f"), 
    "user_id_1" : "14998578", 
    "user_id_2" : "457984599", 
    "relationship" : true
}
{ 
    "_id" : ObjectId("5ae6d31879f5af69fe378c10"), 
    "user_id_1" : "851219311", 
    "user_id_2" : "457984599", 
    "relationship" : true
}
{ 
    "_id" : ObjectId("5ae6d31879f5af69fe378c11"), 
    "user_id_1" : "919147755758432256", 
    "user_id_2" : "457984599", 
    "relationship" : false
}
{ 
    "_id" : ObjectId("5ae6d31979f5af69fe378c12"), 
    "user_id_1" : "956560754597072896", 
    "user_id_2" : "457984599", 
    "relationship" : true
}
{ 
    "_id" : ObjectId("5ae6d31a79f5af69fe378c13"), 
    "user_id_1" : "809436326844125184", 
    "user_id_2" : "457984599", 
    "relationship" : true
}
{ 
    "_id" : ObjectId("5ae6d31a79f5af69fe378c14"), 
    "user_id_1" : "66598468", 
    "user_id_2" : "457984599", 
    "relationship" : true
}
{ 
    "_id" : ObjectId("5ae6d31b79f5af69fe378c15"), 
    "user_id_1" : "1568851314", 
    "user_id_2" : "457984599", 
    "relationship" : true
}
{ 
    "_id" : ObjectId("5ae6d31c79f5af69fe378c16"), 
    "user_id_1" : "878813079290740736", 
    "user_id_2" : "457984599", 
    "relationship" : true
}
{ 
    "_id" : ObjectId("5ae6d31c79f5af69fe378c17"), 
    "user_id_1" : "847973939410350084", 
    "user_id_2" : "457984599", 
    "relationship" : true
}
{ 
    "_id" : ObjectId("5ae6d31d79f5af69fe378c18"), 
    "user_id_1" : "25018280", 
    "user_id_2" : "457984599", 
    "relationship" : true
}
{ 
    "_id" : ObjectId("5ae6d31e79f5af69fe378c19"), 
    "user_id_1" : "325064220", 
    "user_id_2" : "457984599", 
    "relationship" : false
}
{ 
    "_id" : ObjectId("5ae6d31e79f5af69fe378c1a"), 
    "user_id_1" : "817350097977700357", 
    "user_id_2" : "457984599", 
    "relationship" : false
}
{ 
    "_id" : ObjectId("5ae6d31f79f5af69fe378c1b"), 
    "user_id_1" : "2704380629", 
    "user_id_2" : "457984599", 
    "relationship" : true
}
{ 
    "_id" : ObjectId("5ae6d31f79f5af69fe378c1c"), 
    "user_id_1" : "2281093466", 
    "user_id_2" : "457984599", 
    "relationship" : true
}
{ 
    "_id" : ObjectId("5ae6d32079f5af69fe378c1d"), 
    "user_id_1" : "16350376", 
    "user_id_2" : "457984599", 
    "relationship" : true
}
{ 
    "_id" : ObjectId("5ae6d32179f5af69fe378c1e"), 
    "user_id_1" : "934475341304823808", 
    "user_id_2" : "457984599", 
    "relationship" : true
}
{ 
    "_id" : ObjectId("5ae6d32179f5af69fe378c1f"), 
    "user_id_1" : "742834352283734016", 
    "user_id_2" : "457984599", 
    "relationship" : true
}
{ 
    "_id" : ObjectId("5ae6d32279f5af69fe378c20"), 
    "user_id_1" : "774682061349220352", 
    "user_id_2" : "457984599", 
    "relationship" : true
}
{ 
    "_id" : ObjectId("5ae6d32379f5af69fe378c21"), 
    "user_id_1" : "790501219", 
    "user_id_2" : "457984599", 
    "relationship" : true
}
{ 
    "_id" : ObjectId("5ae6d32479f5af69fe378c22"), 
    "user_id_1" : "834252323618770945", 
    "user_id_2" : "457984599", 
    "relationship" : true
}
{ 
    "_id" : ObjectId("5ae6d32479f5af69fe378c23"), 
    "user_id_1" : "753158012", 
    "user_id_2" : "457984599", 
    "relationship" : true
}
{ 
    "_id" : ObjectId("5ae6d32579f5af69fe378c24"), 
    "user_id_1" : "845111758847201280", 
    "user_id_2" : "457984599", 
    "relationship" : true
}
{ 
    "_id" : ObjectId("5ae6d32679f5af69fe378c25"), 
    "user_id_1" : "488798443", 
    "user_id_2" : "457984599", 
    "relationship" : false
}
{ 
    "_id" : ObjectId("5ae6d32679f5af69fe378c26"), 
    "user_id_1" : "376531194", 
    "user_id_2" : "457984599", 
    "relationship" : true
}
{ 
    "_id" : ObjectId("5ae6d32779f5af69fe378c27"), 
    "user_id_1" : "968666076765741057", 
    "user_id_2" : "457984599", 
    "relationship" : true
}
{ 
    "_id" : ObjectId("5ae6d32779f5af69fe378c28"), 
    "user_id_1" : "404795493", 
    "user_id_2" : "457984599", 
    "relationship" : true
}
{ 
    "_id" : ObjectId("5ae6d32879f5af69fe378c29"), 
    "user_id_1" : "18111690", 
    "user_id_2" : "457984599", 
    "relationship" : false
}
{ 
    "_id" : ObjectId("5ae6d32979f5af69fe378c2a"), 
    "user_id_1" : "534587730", 
    "user_id_2" : "457984599", 
    "relationship" : true
}
{ 
    "_id" : ObjectId("5ae6d32979f5af69fe378c2b"), 
    "user_id_1" : "2660101566", 
    "user_id_2" : "457984599", 
    "relationship" : true
}
{ 
    "_id" : ObjectId("5ae6d32a79f5af69fe378c2c"), 
    "user_id_1" : "1117813104", 
    "user_id_2" : "457984599", 
    "relationship" : true
}
{ 
    "_id" : ObjectId("5ae6d32b79f5af69fe378c2d"), 
    "user_id_1" : "1447529352", 
    "user_id_2" : "457984599", 
    "relationship" : true
}
{ 
    "_id" : ObjectId("5ae6d32b79f5af69fe378c2e"), 
    "user_id_1" : "835979229347053568", 
    "user_id_2" : "457984599", 
    "relationship" : false
}
{ 
    "_id" : ObjectId("5ae6d32c79f5af69fe378c2f"), 
    "user_id_1" : "1713545467", 
    "user_id_2" : "457984599", 
    "relationship" : true
}
{ 
    "_id" : ObjectId("5ae6d32d79f5af69fe378c30"), 
    "user_id_1" : "4491996682", 
    "user_id_2" : "457984599", 
    "relationship" : true
}
{ 
    "_id" : ObjectId("5ae6d32d79f5af69fe378c31"), 
    "user_id_1" : "969864650912358400", 
    "user_id_2" : "457984599", 
    "relationship" : true
}
{ 
    "_id" : ObjectId("5ae6d32e79f5af69fe378c32"), 
    "user_id_1" : "822499298256494593", 
    "user_id_2" : "457984599", 
    "relationship" : false
}
{ 
    "_id" : ObjectId("5ae6d32f79f5af69fe378c33"), 
    "user_id_1" : "897797426", 
    "user_id_2" : "457984599", 
    "relationship" : false
}
{ 
    "_id" : ObjectId("5ae6d32f79f5af69fe378c34"), 
    "user_id_1" : "827269043795005441", 
    "user_id_2" : "457984599", 
    "relationship" : true
}
{ 
    "_id" : ObjectId("5ae6d33079f5af69fe378c35"), 
    "user_id_1" : "757642475523698688", 
    "user_id_2" : "457984599", 
    "relationship" : true
}
{ 
    "_id" : ObjectId("5ae6d33179f5af69fe378c36"), 
    "user_id_1" : "770311016559312896", 
    "user_id_2" : "457984599", 
    "relationship" : true
}
{ 
    "_id" : ObjectId("5ae6d33179f5af69fe378c37"), 
    "user_id_1" : "824453840858742791", 
    "user_id_2" : "457984599", 
    "relationship" : true
}
{ 
    "_id" : ObjectId("5ae6d33279f5af69fe378c38"), 
    "user_id_1" : "342345561", 
    "user_id_2" : "457984599", 
    "relationship" : true
}
{ 
    "_id" : ObjectId("5ae6d33379f5af69fe378c39"), 
    "user_id_1" : "3053728471", 
    "user_id_2" : "457984599", 
    "relationship" : true
}
{ 
    "_id" : ObjectId("5ae6d33479f5af69fe378c3a"), 
    "user_id_1" : "832666913742348289", 
    "user_id_2" : "457984599", 
    "relationship" : true
}
{ 
    "_id" : ObjectId("5ae6d33479f5af69fe378c3b"), 
    "user_id_1" : "1273785750", 
    "user_id_2" : "457984599", 
    "relationship" : true
}
{ 
    "_id" : ObjectId("5ae6d33579f5af69fe378c3c"), 
    "user_id_1" : "710903579247136768", 
    "user_id_2" : "457984599", 
    "relationship" : false
}
{ 
    "_id" : ObjectId("5ae6d33679f5af69fe378c3d"), 
    "user_id_1" : "816029509149487105", 
    "user_id_2" : "457984599", 
    "relationship" : true
}
{ 
    "_id" : ObjectId("5ae6d33679f5af69fe378c3e"), 
    "user_id_1" : "350369576", 
    "user_id_2" : "457984599", 
    "relationship" : true
}
{ 
    "_id" : ObjectId("5ae6d33779f5af69fe378c3f"), 
    "user_id_1" : "885697994", 
    "user_id_2" : "457984599", 
    "relationship" : true
}
{ 
    "_id" : ObjectId("5ae6d33879f5af69fe378c40"), 
    "user_id_1" : "601481794", 
    "user_id_2" : "457984599", 
    "relationship" : false
}
{ 
    "_id" : ObjectId("5ae6d33879f5af69fe378c41"), 
    "user_id_1" : "705385295827447809", 
    "user_id_2" : "457984599", 
    "relationship" : false
}
{ 
    "_id" : ObjectId("5ae6d33b79f5af69fe378c42"), 
    "user_id_1" : "2991363564", 
    "user_id_2" : "457984599", 
    "relationship" : true
}
{ 
    "_id" : ObjectId("5ae6d33c79f5af69fe378c43"), 
    "user_id_1" : "790625174093697024", 
    "user_id_2" : "457984599", 
    "relationship" : true
}
{ 
    "_id" : ObjectId("5ae6d33c79f5af69fe378c44"), 
    "user_id_1" : "3050068869", 
    "user_id_2" : "457984599", 
    "relationship" : true
}
{ 
    "_id" : ObjectId("5ae6d34779f5af69fe378c45"), 
    "user_id_1" : "831508137702195201", 
    "user_id_2" : "457984599", 
    "relationship" : true
}
{ 
    "_id" : ObjectId("5ae6d34d79f5af69fe378c46"), 
    "user_id_1" : "819056605048225792", 
    "user_id_2" : "457984599", 
    "relationship" : true
}
{ 
    "_id" : ObjectId("5ae6d34d79f5af69fe378c47"), 
    "user_id_1" : "900693967725105152", 
    "user_id_2" : "457984599", 
    "relationship" : true
}
{ 
    "_id" : ObjectId("5ae6d34e79f5af69fe378c48"), 
    "user_id_1" : "950642414053502977", 
    "user_id_2" : "457984599", 
    "relationship" : false
}
{ 
    "_id" : ObjectId("5ae6d34f79f5af69fe378c49"), 
    "user_id_1" : "2209081703", 
    "user_id_2" : "457984599", 
    "relationship" : true
}
{ 
    "_id" : ObjectId("5ae6d34f79f5af69fe378c4a"), 
    "user_id_1" : "247521825", 
    "user_id_2" : "457984599", 
    "relationship" : true
}
{ 
    "_id" : ObjectId("5ae6d35079f5af69fe378c4b"), 
    "user_id_1" : "755062769452519424", 
    "user_id_2" : "457984599", 
    "relationship" : true
}
{ 
    "_id" : ObjectId("5ae6d35179f5af69fe378c4c"), 
    "user_id_1" : "861742447344275456", 
    "user_id_2" : "457984599", 
    "relationship" : false
}
{ 
    "_id" : ObjectId("5ae6d35179f5af69fe378c4d"), 
    "user_id_1" : "3950136375", 
    "user_id_2" : "457984599", 
    "relationship" : true
}
{ 
    "_id" : ObjectId("5ae6d35279f5af69fe378c4e"), 
    "user_id_1" : "495495047", 
    "user_id_2" : "457984599", 
    "relationship" : true
}
{ 
    "_id" : ObjectId("5ae6d35379f5af69fe378c4f"), 
    "user_id_1" : "1251355962", 
    "user_id_2" : "457984599", 
    "relationship" : true
}
{ 
    "_id" : ObjectId("5ae6d35379f5af69fe378c50"), 
    "user_id_1" : "743138238", 
    "user_id_2" : "457984599", 
    "relationship" : true
}
{ 
    "_id" : ObjectId("5ae6d35479f5af69fe378c51"), 
    "user_id_1" : "47856059", 
    "user_id_2" : "457984599", 
    "relationship" : true
}
{ 
    "_id" : ObjectId("5ae6d35479f5af69fe378c52"), 
    "user_id_1" : "4239434446", 
    "user_id_2" : "457984599", 
    "relationship" : true
}
{ 
    "_id" : ObjectId("5ae6d35579f5af69fe378c53"), 
    "user_id_1" : "779854407424802816", 
    "user_id_2" : "457984599", 
    "relationship" : true
}
{ 
    "_id" : ObjectId("5ae6d35679f5af69fe378c54"), 
    "user_id_1" : "701879291101970434", 
    "user_id_2" : "457984599", 
    "relationship" : true
}
{ 
    "_id" : ObjectId("5ae6d35679f5af69fe378c55"), 
    "user_id_1" : "827532419737800704", 
    "user_id_2" : "457984599", 
    "relationship" : false
}
{ 
    "_id" : ObjectId("5ae6d35779f5af69fe378c56"), 
    "user_id_1" : "1596757705", 
    "user_id_2" : "457984599", 
    "relationship" : false
}
{ 
    "_id" : ObjectId("5ae6d35879f5af69fe378c57"), 
    "user_id_1" : "975455754684518400", 
    "user_id_2" : "457984599", 
    "relationship" : true
}
{ 
    "_id" : ObjectId("5ae6d35879f5af69fe378c58"), 
    "user_id_1" : "2397154233", 
    "user_id_2" : "457984599", 
    "relationship" : false
}
{ 
    "_id" : ObjectId("5ae6d35979f5af69fe378c59"), 
    "user_id_1" : "798225938026786816", 
    "user_id_2" : "457984599", 
    "relationship" : true
}
{ 
    "_id" : ObjectId("5ae6d35a79f5af69fe378c5a"), 
    "user_id_1" : "901263286905167873", 
    "user_id_2" : "457984599", 
    "relationship" : true
}
{ 
    "_id" : ObjectId("5ae6d35a79f5af69fe378c5b"), 
    "user_id_1" : "172062059", 
    "user_id_2" : "457984599", 
    "relationship" : true
}
{ 
    "_id" : ObjectId("5ae6d35b79f5af69fe378c5c"), 
    "user_id_1" : "814729065542258688", 
    "user_id_2" : "457984599", 
    "relationship" : false
}
{ 
    "_id" : ObjectId("5ae6d35b79f5af69fe378c5d"), 
    "user_id_1" : "817499882273538050", 
    "user_id_2" : "457984599", 
    "relationship" : false
}
{ 
    "_id" : ObjectId("5ae6d35c79f5af69fe378c5e"), 
    "user_id_1" : "532485646", 
    "user_id_2" : "457984599", 
    "relationship" : true
}
{ 
    "_id" : ObjectId("5ae6d35d79f5af69fe378c5f"), 
    "user_id_1" : "332000981", 
    "user_id_2" : "457984599", 
    "relationship" : true
}
{ 
    "_id" : ObjectId("5ae6d35d79f5af69fe378c60"), 
    "user_id_1" : "777490095159074816", 
    "user_id_2" : "457984599", 
    "relationship" : true
}
{ 
    "_id" : ObjectId("5ae6d35e79f5af69fe378c61"), 
    "user_id_1" : "37961076", 
    "user_id_2" : "457984599", 
    "relationship" : true
}
{ 
    "_id" : ObjectId("5ae6d35f79f5af69fe378c62"), 
    "user_id_1" : "74602977", 
    "user_id_2" : "457984599", 
    "relationship" : true
}
{ 
    "_id" : ObjectId("5ae6d35f79f5af69fe378c63"), 
    "user_id_1" : "728479744769957892", 
    "user_id_2" : "457984599", 
    "relationship" : false
}
{ 
    "_id" : ObjectId("5ae6d36079f5af69fe378c64"), 
    "user_id_1" : "2324604284", 
    "user_id_2" : "457984599", 
    "relationship" : true
}
{ 
    "_id" : ObjectId("5ae6d36179f5af69fe378c65"), 
    "user_id_1" : "962839322562125824", 
    "user_id_2" : "457984599", 
    "relationship" : false
}
{ 
    "_id" : ObjectId("5ae6d36179f5af69fe378c66"), 
    "user_id_1" : "1014606680", 
    "user_id_2" : "457984599", 
    "relationship" : true
}
{ 
    "_id" : ObjectId("5ae6d36279f5af69fe378c67"), 
    "user_id_1" : "954488102264889344", 
    "user_id_2" : "457984599", 
    "relationship" : true
}
{ 
    "_id" : ObjectId("5ae6d36379f5af69fe378c68"), 
    "user_id_1" : "915667300694548481", 
    "user_id_2" : "457984599", 
    "relationship" : true
}
{ 
    "_id" : ObjectId("5ae6d36379f5af69fe378c69"), 
    "user_id_1" : "3105663561", 
    "user_id_2" : "457984599", 
    "relationship" : false
}
{ 
    "_id" : ObjectId("5ae6d36479f5af69fe378c6a"), 
    "user_id_1" : "4093971808", 
    "user_id_2" : "457984599", 
    "relationship" : false
}
{ 
    "_id" : ObjectId("5ae6d36479f5af69fe378c6b"), 
    "user_id_1" : "2991153401", 
    "user_id_2" : "457984599", 
    "relationship" : true
}
{ 
    "_id" : ObjectId("5ae6d36579f5af69fe378c6c"), 
    "user_id_1" : "3541038918", 
    "user_id_2" : "457984599", 
    "relationship" : false
}
{ 
    "_id" : ObjectId("5ae6d36679f5af69fe378c6d"), 
    "user_id_1" : "1447035235", 
    "user_id_2" : "457984599", 
    "relationship" : false
}
{ 
    "_id" : ObjectId("5ae6d36679f5af69fe378c6e"), 
    "user_id_1" : "531244825", 
    "user_id_2" : "457984599", 
    "relationship" : true
}
{ 
    "_id" : ObjectId("5ae6d36779f5af69fe378c6f"), 
    "user_id_1" : "3106208237", 
    "user_id_2" : "457984599", 
    "relationship" : true
}
{ 
    "_id" : ObjectId("5ae6d36779f5af69fe378c70"), 
    "user_id_1" : "794874894949502977", 
    "user_id_2" : "457984599", 
    "relationship" : true
}
{ 
    "_id" : ObjectId("5ae6d36879f5af69fe378c71"), 
    "user_id_1" : "703636955544727553", 
    "user_id_2" : "457984599", 
    "relationship" : true
}
{ 
    "_id" : ObjectId("5ae6d36979f5af69fe378c72"), 
    "user_id_1" : "789767599", 
    "user_id_2" : "457984599", 
    "relationship" : true
}
{ 
    "_id" : ObjectId("5ae6d36979f5af69fe378c73"), 
    "user_id_1" : "705547360902979584", 
    "user_id_2" : "457984599", 
    "relationship" : true
}
{ 
    "_id" : ObjectId("5ae6d36a79f5af69fe378c74"), 
    "user_id_1" : "824359736208408577", 
    "user_id_2" : "457984599", 
    "relationship" : true
}
{ 
    "_id" : ObjectId("5ae6d38079f5af69fe378c75"), 
    "user_id_1" : "398376550", 
    "user_id_2" : "457984599", 
    "relationship" : true
}
{ 
    "_id" : ObjectId("5ae6d38179f5af69fe378c76"), 
    "user_id_1" : "866828332565975040", 
    "user_id_2" : "457984599", 
    "relationship" : false
}
{ 
    "_id" : ObjectId("5ae6d38179f5af69fe378c77"), 
    "user_id_1" : "892443022591504385", 
    "user_id_2" : "457984599", 
    "relationship" : true
}
{ 
    "_id" : ObjectId("5ae6d38279f5af69fe378c78"), 
    "user_id_1" : "3302122819", 
    "user_id_2" : "457984599", 
    "relationship" : true
}
{ 
    "_id" : ObjectId("5ae6d38379f5af69fe378c79"), 
    "user_id_1" : "958538171578335232", 
    "user_id_2" : "457984599", 
    "relationship" : false
}
{ 
    "_id" : ObjectId("5ae6d38379f5af69fe378c7a"), 
    "user_id_1" : "815426916572340224", 
    "user_id_2" : "457984599", 
    "relationship" : true
}
{ 
    "_id" : ObjectId("5ae6d38479f5af69fe378c7b"), 
    "user_id_1" : "1395143959", 
    "user_id_2" : "457984599", 
    "relationship" : true
}
{ 
    "_id" : ObjectId("5ae6d38579f5af69fe378c7c"), 
    "user_id_1" : "2221907965", 
    "user_id_2" : "457984599", 
    "relationship" : true
}
{ 
    "_id" : ObjectId("5ae6d38579f5af69fe378c7d"), 
    "user_id_1" : "3221801504", 
    "user_id_2" : "457984599", 
    "relationship" : true
}
{ 
    "_id" : ObjectId("5ae6d38679f5af69fe378c7e"), 
    "user_id_1" : "915942938613395456", 
    "user_id_2" : "457984599", 
    "relationship" : false
}
{ 
    "_id" : ObjectId("5ae6d38779f5af69fe378c7f"), 
    "user_id_1" : "2324061404", 
    "user_id_2" : "457984599", 
    "relationship" : false
}
{ 
    "_id" : ObjectId("5ae6d38779f5af69fe378c80"), 
    "user_id_1" : "788416957", 
    "user_id_2" : "457984599", 
    "relationship" : true
}
{ 
    "_id" : ObjectId("5ae6d38879f5af69fe378c81"), 
    "user_id_1" : "895384991043080194", 
    "user_id_2" : "457984599", 
    "relationship" : true
}
{ 
    "_id" : ObjectId("5ae6d38979f5af69fe378c82"), 
    "user_id_1" : "765200470742818816", 
    "user_id_2" : "457984599", 
    "relationship" : true
}
{ 
    "_id" : ObjectId("5ae6d38979f5af69fe378c83"), 
    "user_id_1" : "778287602193444864", 
    "user_id_2" : "457984599", 
    "relationship" : true
}
{ 
    "_id" : ObjectId("5ae6d38a79f5af69fe378c84"), 
    "user_id_1" : "28625375", 
    "user_id_2" : "457984599", 
    "relationship" : true
}
{ 
    "_id" : ObjectId("5ae6d38b79f5af69fe378c85"), 
    "user_id_1" : "1341994849", 
    "user_id_2" : "457984599", 
    "relationship" : true
}
{ 
    "_id" : ObjectId("5ae6d38b79f5af69fe378c86"), 
    "user_id_1" : "1932269510", 
    "user_id_2" : "457984599", 
    "relationship" : false
}
{ 
    "_id" : ObjectId("5ae6d38c79f5af69fe378c87"), 
    "user_id_1" : "609210296", 
    "user_id_2" : "457984599", 
    "relationship" : true
}
{ 
    "_id" : ObjectId("5ae6d38c79f5af69fe378c88"), 
    "user_id_1" : "1449190124", 
    "user_id_2" : "457984599", 
    "relationship" : true
}
{ 
    "_id" : ObjectId("5ae6d38d79f5af69fe378c89"), 
    "user_id_1" : "230739131", 
    "user_id_2" : "457984599", 
    "relationship" : true
}
{ 
    "_id" : ObjectId("5ae6d38e79f5af69fe378c8a"), 
    "user_id_1" : "37650763", 
    "user_id_2" : "457984599", 
    "relationship" : true
}
{ 
    "_id" : ObjectId("5ae6d38e79f5af69fe378c8b"), 
    "user_id_1" : "773224974320410624", 
    "user_id_2" : "457984599", 
    "relationship" : true
}
{ 
    "_id" : ObjectId("5ae6d38f79f5af69fe378c8c"), 
    "user_id_1" : "3703552944", 
    "user_id_2" : "457984599", 
    "relationship" : true
}
{ 
    "_id" : ObjectId("5ae6d39079f5af69fe378c8d"), 
    "user_id_1" : "3685247237", 
    "user_id_2" : "457984599", 
    "relationship" : true
}
{ 
    "_id" : ObjectId("5ae6d39079f5af69fe378c8e"), 
    "user_id_1" : "38889717", 
    "user_id_2" : "457984599", 
    "relationship" : true
}
{ 
    "_id" : ObjectId("5ae6d39179f5af69fe378c8f"), 
    "user_id_1" : "83841942", 
    "user_id_2" : "457984599", 
    "relationship" : true
}
{ 
    "_id" : ObjectId("5ae6d39179f5af69fe378c90"), 
    "user_id_1" : "2942161927", 
    "user_id_2" : "457984599", 
    "relationship" : true
}
{ 
    "_id" : ObjectId("5ae6d39279f5af69fe378c91"), 
    "user_id_1" : "819571807728664576", 
    "user_id_2" : "457984599", 
    "relationship" : true
}
{ 
    "_id" : ObjectId("5ae6d39379f5af69fe378c92"), 
    "user_id_1" : "729280703620259841", 
    "user_id_2" : "457984599", 
    "relationship" : false
}
{ 
    "_id" : ObjectId("5ae6d39379f5af69fe378c93"), 
    "user_id_1" : "828799822354341888", 
    "user_id_2" : "457984599", 
    "relationship" : false
}
{ 
    "_id" : ObjectId("5ae6d39479f5af69fe378c94"), 
    "user_id_1" : "733119134641201152", 
    "user_id_2" : "457984599", 
    "relationship" : true
}
{ 
    "_id" : ObjectId("5ae6d39579f5af69fe378c95"), 
    "user_id_1" : "4421492243", 
    "user_id_2" : "457984599", 
    "relationship" : true
}
{ 
    "_id" : ObjectId("5ae6d39579f5af69fe378c96"), 
    "user_id_1" : "835753396564983808", 
    "user_id_2" : "457984599", 
    "relationship" : true
}
{ 
    "_id" : ObjectId("5ae6d39679f5af69fe378c97"), 
    "user_id_1" : "16122196", 
    "user_id_2" : "457984599", 
    "relationship" : false
}
{ 
    "_id" : ObjectId("5ae6d39779f5af69fe378c98"), 
    "user_id_1" : "481793390", 
    "user_id_2" : "457984599", 
    "relationship" : true
}
{ 
    "_id" : ObjectId("5ae6d39779f5af69fe378c99"), 
    "user_id_1" : "821169172193431553", 
    "user_id_2" : "457984599", 
    "relationship" : true
}
{ 
    "_id" : ObjectId("5ae6d39879f5af69fe378c9a"), 
    "user_id_1" : "793984839196221440", 
    "user_id_2" : "457984599", 
    "relationship" : true
}
{ 
    "_id" : ObjectId("5ae6d39979f5af69fe378c9b"), 
    "user_id_1" : "411607075", 
    "user_id_2" : "457984599", 
    "relationship" : true
}
{ 
    "_id" : ObjectId("5ae6d39a79f5af69fe378c9c"), 
    "user_id_1" : "874426908", 
    "user_id_2" : "457984599", 
    "relationship" : false
}
{ 
    "_id" : ObjectId("5ae6d39a79f5af69fe378c9d"), 
    "user_id_1" : "822638843698544641", 
    "user_id_2" : "457984599", 
    "relationship" : false
}
{ 
    "_id" : ObjectId("5ae6d39b79f5af69fe378c9e"), 
    "user_id_1" : "755482909260251136", 
    "user_id_2" : "457984599", 
    "relationship" : true
}
{ 
    "_id" : ObjectId("5ae6d39c79f5af69fe378c9f"), 
    "user_id_1" : "852011923", 
    "user_id_2" : "457984599", 
    "relationship" : true
}
{ 
    "_id" : ObjectId("5ae6d39d79f5af69fe378ca0"), 
    "user_id_1" : "2550481562", 
    "user_id_2" : "457984599", 
    "relationship" : true
}
{ 
    "_id" : ObjectId("5ae6d39d79f5af69fe378ca1"), 
    "user_id_1" : "1205422842", 
    "user_id_2" : "457984599", 
    "relationship" : true
}
{ 
    "_id" : ObjectId("5ae6d39e79f5af69fe378ca2"), 
    "user_id_1" : "4694092394", 
    "user_id_2" : "457984599", 
    "relationship" : true
}
{ 
    "_id" : ObjectId("5ae6d39f79f5af69fe378ca3"), 
    "user_id_1" : "308327933", 
    "user_id_2" : "457984599", 
    "relationship" : true
}
{ 
    "_id" : ObjectId("5ae6d39f79f5af69fe378ca4"), 
    "user_id_1" : "3167787682", 
    "user_id_2" : "457984599", 
    "relationship" : false
}
{ 
    "_id" : ObjectId("5ae6d3a079f5af69fe378ca5"), 
    "user_id_1" : "858115032898469888", 
    "user_id_2" : "457984599", 
    "relationship" : false
}
{ 
    "_id" : ObjectId("5ae6d3a179f5af69fe378ca6"), 
    "user_id_1" : "77509974", 
    "user_id_2" : "457984599", 
    "relationship" : true
}
{ 
    "_id" : ObjectId("5ae6d3a179f5af69fe378ca7"), 
    "user_id_1" : "937404641918119936", 
    "user_id_2" : "457984599", 
    "relationship" : false
}
{ 
    "_id" : ObjectId("5ae6d3a279f5af69fe378ca8"), 
    "user_id_1" : "958809904084500480", 
    "user_id_2" : "457984599", 
    "relationship" : true
}
{ 
    "_id" : ObjectId("5ae6d3a379f5af69fe378ca9"), 
    "user_id_1" : "786007053718417408", 
    "user_id_2" : "457984599", 
    "relationship" : false
}
{ 
    "_id" : ObjectId("5ae6d3a479f5af69fe378caa"), 
    "user_id_1" : "77356349", 
    "user_id_2" : "457984599", 
    "relationship" : true
}
{ 
    "_id" : ObjectId("5ae6d3a479f5af69fe378cab"), 
    "user_id_1" : "724964874418294788", 
    "user_id_2" : "457984599", 
    "relationship" : false
}
{ 
    "_id" : ObjectId("5ae6d3a579f5af69fe378cac"), 
    "user_id_1" : "52523681", 
    "user_id_2" : "457984599", 
    "relationship" : true
}
{ 
    "_id" : ObjectId("5ae6d3a679f5af69fe378cad"), 
    "user_id_1" : "2218331971", 
    "user_id_2" : "457984599", 
    "relationship" : false
}
{ 
    "_id" : ObjectId("5ae6d3a679f5af69fe378cae"), 
    "user_id_1" : "1692595236", 
    "user_id_2" : "457984599", 
    "relationship" : true
}
{ 
    "_id" : ObjectId("5ae6d3a779f5af69fe378caf"), 
    "user_id_1" : "38533641", 
    "user_id_2" : "457984599", 
    "relationship" : true
}
