{ 
    "_id" : ObjectId("5ae7568079f5af69fe37a6b1"), 
    "user_id" : NumberLong(4905152464)
}
{ 
    "_id" : ObjectId("5ae7568079f5af69fe37a6b2"), 
    "user_id" : NumberLong(3161139356)
}
{ 
    "_id" : ObjectId("5ae7568079f5af69fe37a6b3"), 
    "user_id" : NumberLong(4858582215)
}
{ 
    "_id" : ObjectId("5ae7568079f5af69fe37a6b4"), 
    "user_id" : NumberInt(1570544736)
}
{ 
    "_id" : ObjectId("5ae7568079f5af69fe37a6b5"), 
    "user_id" : NumberLong(3078716009)
}
{ 
    "_id" : ObjectId("5ae7568079f5af69fe37a6b6"), 
    "user_id" : NumberLong(919147755758432256)
}
{ 
    "_id" : ObjectId("5ae7568079f5af69fe37a6b7"), 
    "user_id" : NumberInt(325064220)
}
{ 
    "_id" : ObjectId("5ae7568079f5af69fe37a6b8"), 
    "user_id" : NumberInt(488798443)
}
{ 
    "_id" : ObjectId("5ae7568079f5af69fe37a6b9"), 
    "user_id" : NumberInt(18111690)
}
{ 
    "_id" : ObjectId("5ae7568079f5af69fe37a6ba"), 
    "user_id" : NumberInt(897797426)
}
{ 
    "_id" : ObjectId("5ae7568079f5af69fe37a6bb"), 
    "user_id" : NumberLong(710903579247136768)
}
{ 
    "_id" : ObjectId("5ae7568079f5af69fe37a6bc"), 
    "user_id" : NumberInt(601481794)
}
{ 
    "_id" : ObjectId("5ae7568079f5af69fe37a6bd"), 
    "user_id" : NumberLong(861742447344275456)
}
{ 
    "_id" : ObjectId("5ae7568079f5af69fe37a6be"), 
    "user_id" : NumberLong(827532419737800704)
}
{ 
    "_id" : ObjectId("5ae7568079f5af69fe37a6bf"), 
    "user_id" : NumberLong(814729065542258688)
}
{ 
    "_id" : ObjectId("5ae7568079f5af69fe37a6c0"), 
    "user_id" : NumberLong(728479744769957892)
}
{ 
    "_id" : ObjectId("5ae7568079f5af69fe37a6c1"), 
    "user_id" : NumberLong(4093971808)
}
{ 
    "_id" : ObjectId("5ae7568079f5af69fe37a6c2"), 
    "user_id" : NumberLong(866828332565975040)
}
{ 
    "_id" : ObjectId("5ae7568079f5af69fe37a6c3"), 
    "user_id" : NumberLong(958538171578335232)
}
{ 
    "_id" : ObjectId("5ae7568079f5af69fe37a6c4"), 
    "user_id" : NumberLong(915942938613395456)
}
{ 
    "_id" : ObjectId("5ae7568079f5af69fe37a6c5"), 
    "user_id" : NumberInt(1932269510)
}
{ 
    "_id" : ObjectId("5ae7568079f5af69fe37a6c6"), 
    "user_id" : NumberLong(729280703620259841)
}
{ 
    "_id" : ObjectId("5ae7568079f5af69fe37a6c7"), 
    "user_id" : NumberInt(16122196)
}
{ 
    "_id" : ObjectId("5ae7568079f5af69fe37a6c8"), 
    "user_id" : NumberLong(822638843698544641)
}
{ 
    "_id" : ObjectId("5ae7568079f5af69fe37a6c9"), 
    "user_id" : NumberLong(3167787682)
}
{ 
    "_id" : ObjectId("5ae7568079f5af69fe37a6ca"), 
    "user_id" : NumberLong(937404641918119936)
}
{ 
    "_id" : ObjectId("5ae7568079f5af69fe37a6cb"), 
    "user_id" : NumberLong(786007053718417408)
}
{ 
    "_id" : ObjectId("5ae7568079f5af69fe37a6cc"), 
    "user_id" : NumberLong(724964874418294788)
}
{ 
    "_id" : ObjectId("5ae7568079f5af69fe37a6cd"), 
    "user_id" : NumberLong(2218331971)
}
